previous_score,recent_score,attempts,study_hours,completion_rate,time_per_question,topic_mastery,goal,interest,difficulty,learning_level,learning_pace,support_level
58.4,54.0,11,4.6,0.54,49.7,52.7,5,4,2.48,Intermediate,Slow,High
63.5,64.1,8,7.4,0.24,47.8,61.3,1,1,2.97,Intermediate,Slow,High
68.6,56.9,9,10.2,0.38,48.3,49.3,2,7,2.29,Intermediate,Slow,High
58.6,63.2,12,8.6,0.8,32.3,59.7,1,6,3.25,Intermediate,Fast,Medium
68.4,70.8,11,4.6,0.69,63.0,58.1,5,4,2.77,Intermediate,Moderate,Medium
60.2,59.7,14,13.2,0.56,41.6,47.2,1,0,3.44,Intermediate,Moderate,Medium
71.5,64.8,9,4.8,0.49,39.2,63.0,1,2,3.45,Advanced,Moderate,Low
86.1,76.7,12,10.9,0.79,60.5,54.4,3,5,3.34,Advanced,Moderate,Medium
36.5,30.8,7,11.1,0.57,68.8,23.9,2,5,1.0,Beginner,Moderate,High
15.6,10.0,2,5.6,0.62,65.5,9.6,1,7,1.77,Beginner,Slow,High
41.8,41.8,8,7.8,0.53,40.7,40.2,1,6,2.64,Intermediate,Moderate,High
42.6,45.7,5,11.2,0.63,56.1,19.5,3,6,2.04,Beginner,Moderate,High
60.9,57.9,10,7.1,0.66,71.5,53.1,2,1,2.34,Beginner,Moderate,High
63.0,68.2,11,10.8,0.7,37.6,65.4,5,2,3.05,Advanced,Fast,Medium
65.4,77.2,13,13.2,0.77,59.7,66.1,5,0,2.07,Intermediate,Fast,Medium
58.7,59.2,18,8.4,0.84,47.7,51.9,1,0,1.89,Intermediate,Moderate,Medium
66.6,71.9,4,5.4,0.6,46.8,42.3,0,6,2.02,Intermediate,Moderate,Medium
59.4,51.1,19,7.1,0.68,35.8,54.1,2,7,2.8,Intermediate,Moderate,Medium
51.7,64.8,14,8.4,0.85,42.9,22.0,5,0,2.09,Intermediate,Fast,Medium
37.4,28.5,9,6.6,0.42,67.6,40.2,2,7,1.37,Beginner,Slow,High
63.3,62.9,12,10.7,0.6,44.4,42.9,2,6,2.47,Intermediate,Moderate,Medium
40.2,39.1,7,13.0,0.8,52.4,37.6,5,2,1.84,Beginner,Fast,High
60.4,67.3,17,13.6,0.79,33.2,52.1,1,8,2.75,Intermediate,Fast,Medium
56.9,71.5,2,1.2,0.24,59.0,45.8,1,8,2.56,Intermediate,Slow,Medium
61.4,69.1,11,12.0,0.71,21.7,49.6,4,6,2.73,Intermediate,Fast,Medium
49.5,59.0,9,10.0,0.65,38.6,28.3,5,4,1.77,Intermediate,Moderate,Medium
47.8,58.4,9,13.0,0.74,64.4,37.4,1,3,2.67,Intermediate,Moderate,Low
49.6,59.1,8,10.5,0.76,36.7,52.0,4,2,3.09,Intermediate,Fast,Medium
85.4,100.0,9,1.2,0.51,35.5,78.3,3,2,3.29,Advanced,Moderate,Low
60.4,46.3,8,8.4,0.58,43.4,44.7,5,1,2.5,Intermediate,Moderate,High
52.6,44.5,7,10.9,0.59,55.9,55.2,1,6,2.2,Intermediate,Moderate,High
39.0,46.6,12,11.2,0.56,35.9,37.1,1,3,1.91,Intermediate,Fast,High
76.5,78.9,6,9.5,0.44,49.4,59.0,4,7,2.16,Intermediate,Moderate,Medium
43.9,28.9,3,5.3,0.57,52.5,20.5,3,7,2.3,Beginner,Slow,High
83.2,82.0,11,10.8,0.68,58.4,67.6,4,8,2.67,Advanced,Moderate,Medium
49.8,48.1,2,7.2,0.58,47.2,30.2,1,4,1.46,Beginner,Moderate,High
70.1,87.1,22,13.2,0.85,43.4,68.5,5,1,2.28,Advanced,Slow,Low
59.9,54.2,19,8.9,0.7,56.9,69.2,2,4,2.96,Advanced,Moderate,Medium
61.5,72.2,7,3.3,0.48,64.4,46.9,1,4,2.29,Intermediate,Slow,Medium
30.2,17.2,5,7.7,0.49,70.7,31.9,4,1,1.38,Beginner,Slow,High
69.2,88.3,15,9.8,0.72,47.1,57.7,3,6,2.14,Advanced,Fast,High
64.3,57.7,9,11.8,0.62,67.7,34.1,1,7,1.23,Intermediate,Moderate,High
65.2,79.6,21,16.3,0.95,39.4,52.2,5,3,2.72,Advanced,Moderate,Low
52.4,42.2,19,9.6,0.72,51.6,42.8,4,2,2.1,Intermediate,Moderate,High
69.3,90.5,8,5.3,0.54,52.6,31.2,3,5,1.93,Intermediate,Moderate,Medium
65.1,61.8,5,11.5,0.6,60.5,49.4,1,4,2.48,Intermediate,Moderate,Medium
99.8,100.0,15,12.5,0.61,27.1,70.8,2,2,3.24,Advanced,Fast,Low
26.0,21.1,6,10.5,0.47,47.9,41.1,1,1,1.5,Beginner,Moderate,High
66.7,77.4,9,13.5,0.61,47.7,57.8,4,1,2.59,Intermediate,Moderate,Medium
56.1,63.1,15,12.5,0.89,46.6,42.5,3,7,2.21,Intermediate,Fast,Medium
47.1,58.5,2,2.9,0.44,70.3,13.6,2,4,1.14,Beginner,Slow,High
53.8,63.0,6,2.0,0.39,49.6,30.7,4,1,2.36,Intermediate,Slow,Medium
73.7,68.9,10,10.9,0.36,57.8,69.2,4,5,3.37,Advanced,Slow,High
40.5,49.6,4,2.7,0.49,65.3,38.8,4,8,1.64,Intermediate,Slow,High
70.5,85.9,15,11.8,0.8,41.5,80.6,3,4,3.06,Advanced,Fast,Low
75.9,78.8,15,10.0,0.85,49.2,46.7,4,3,3.02,Intermediate,Fast,Medium
85.4,67.2,14,10.7,0.55,29.6,68.5,1,7,2.1,Advanced,Moderate,Medium
21.2,24.3,6,7.4,0.55,75.4,9.8,0,3,1.0,Beginner,Slow,High
83.4,83.6,16,11.5,0.74,32.1,68.2,1,7,3.16,Advanced,Slow,Low
75.1,87.3,3,11.1,0.52,25.2,76.3,1,2,3.46,Advanced,Moderate,Low
74.9,70.9,11,10.1,0.73,42.8,47.7,1,7,2.81,Intermediate,Moderate,Medium
54.8,50.0,6,15.2,0.75,85.0,30.1,1,6,1.4,Beginner,Moderate,High
61.7,62.8,9,6.0,0.85,58.8,67.4,1,7,2.87,Intermediate,Moderate,Medium
87.3,100.0,7,7.4,0.42,52.0,75.8,0,2,3.33,Advanced,Moderate,Low
81.4,83.3,7,9.4,0.33,32.4,52.9,5,8,3.01,Advanced,Moderate,Medium
57.2,64.9,4,8.0,0.3,64.4,14.4,2,3,1.0,Beginner,Slow,High
57.4,59.0,15,6.8,0.66,36.7,41.8,3,0,2.27,Intermediate,Moderate,Medium
65.8,76.3,9,12.7,0.56,50.3,44.6,5,7,2.47,Intermediate,Moderate,Medium
52.9,42.6,4,9.0,0.57,55.7,30.4,1,5,1.4,Beginner,Moderate,High
61.7,70.3,9,6.8,0.49,32.0,46.0,5,6,2.81,Intermediate,Moderate,Medium
56.3,63.9,11,14.5,0.82,62.7,11.4,2,0,2.02,Beginner,Slow,Medium
51.9,73.9,11,6.6,0.54,34.7,34.7,1,1,2.17,Intermediate,Fast,Medium
85.8,80.5,19,13.7,0.8,47.5,88.9,1,6,3.86,Advanced,Fast,Medium
31.0,18.1,4,1.7,0.21,68.2,29.2,2,6,2.39,Beginner,Slow,High
66.7,71.7,16,17.5,0.78,37.8,61.4,5,7,3.07,Advanced,Slow,Medium
77.0,65.0,7,7.2,0.46,59.4,65.9,3,3,3.55,Advanced,Slow,High
59.3,77.2,11,9.1,0.71,46.0,53.7,2,0,2.61,Intermediate,Fast,Medium
75.8,78.9,7,10.2,0.47,55.7,75.8,0,2,3.27,Advanced,Moderate,Medium
58.0,56.1,13,15.7,0.82,56.4,47.6,1,6,2.54,Intermediate,Fast,Medium
54.0,63.0,14,8.3,0.36,51.9,33.4,5,1,2.26,Intermediate,Moderate,Medium
82.3,80.1,19,11.6,0.59,45.0,49.2,1,1,3.22,Advanced,Moderate,Medium
75.0,84.5,18,12.4,0.82,29.4,62.7,0,0,3.84,Advanced,Fast,Low
66.6,66.0,12,13.5,0.54,41.2,72.4,1,6,3.18,Advanced,Moderate,Medium
34.6,41.8,4,12.0,0.61,38.5,23.4,4,7,1.06,Beginner,Moderate,High
78.6,82.7,5,1.7,0.32,49.2,77.1,3,6,3.03,Advanced,Slow,Medium
46.0,63.5,12,8.3,0.82,71.1,40.8,4,7,2.84,Intermediate,Moderate,Medium
43.9,42.4,4,3.2,0.31,58.8,24.8,1,6,1.38,Beginner,Slow,High
30.4,40.6,8,9.7,0.69,56.3,34.6,1,3,2.25,Intermediate,Moderate,High
42.6,47.7,5,8.8,0.7,30.2,55.6,0,6,2.18,Intermediate,Fast,Medium
46.0,49.0,9,6.2,0.74,46.5,39.2,1,8,2.11,Intermediate,Moderate,Medium
53.4,61.2,6,5.8,0.39,40.8,55.8,5,3,2.72,Intermediate,Moderate,Medium
78.3,73.8,5,5.4,0.39,69.7,44.9,0,5,2.43,Intermediate,Slow,Medium
49.9,67.6,5,9.1,0.52,50.4,39.6,4,0,1.85,Intermediate,Moderate,Medium
85.2,86.1,12,6.1,0.58,42.1,59.5,2,2,3.6,Advanced,Moderate,Medium
73.1,40.7,10,9.7,0.45,49.0,72.7,2,3,3.38,Advanced,Slow,High
35.7,57.1,4,7.3,0.47,60.6,12.4,0,8,1.37,Beginner,Moderate,Medium
85.8,92.7,17,11.4,0.64,43.2,70.8,5,3,3.6,Advanced,Moderate,Low
55.5,52.7,6,5.8,0.37,40.8,46.8,1,0,2.26,Intermediate,Slow,High
51.5,56.2,3,0.5,0.41,42.1,61.4,3,5,2.19,Intermediate,Slow,High
83.5,94.8,9,8.8,0.61,44.4,68.3,2,3,2.81,Advanced,Moderate,Low
56.3,65.3,8,12.3,0.74,46.3,38.3,3,6,1.73,Intermediate,Fast,Medium
82.0,84.2,16,7.9,0.71,40.5,81.4,4,6,3.81,Advanced,Moderate,Medium
77.6,84.5,13,8.3,0.9,57.5,43.8,0,4,2.51,Intermediate,Fast,Low
35.1,40.3,4,13.5,0.67,75.9,27.8,2,7,1.05,Beginner,Moderate,Medium
50.7,45.4,6,8.1,0.58,67.7,38.5,4,5,2.06,Intermediate,Slow,High
56.3,50.6,4,7.0,0.39,63.9,28.9,5,4,1.46,Beginner,Slow,High
89.8,100.0,12,11.9,0.69,46.9,65.1,2,1,3.43,Advanced,Moderate,Low
59.2,62.5,4,9.3,0.4,50.2,61.4,2,0,4.0,Advanced,Moderate,Medium
67.2,67.4,7,1.2,0.37,73.0,51.9,5,8,3.06,Intermediate,Slow,High
68.4,59.4,7,7.0,0.58,52.6,66.7,4,2,2.74,Intermediate,Moderate,Medium
76.2,72.5,14,7.6,0.53,48.3,51.6,5,1,3.36,Intermediate,Moderate,Medium
59.4,65.2,1,4.6,0.41,53.7,29.2,0,3,1.99,Intermediate,Slow,Medium
41.3,38.9,6,14.7,0.88,53.4,41.7,2,2,1.42,Beginner,Fast,High
77.9,83.8,7,6.6,0.65,57.2,68.3,4,2,2.83,Advanced,Moderate,Low
72.7,76.2,9,13.9,0.63,23.1,75.9,1,6,3.36,Advanced,Fast,Medium
68.5,71.2,11,10.6,0.72,41.1,54.6,5,0,3.14,Intermediate,Moderate,Medium
74.5,79.8,9,8.3,0.67,44.1,78.4,2,4,3.52,Advanced,Moderate,Medium
70.4,50.0,11,7.9,1.0,22.3,56.1,5,4,2.57,Intermediate,Fast,Medium
57.1,48.5,6,7.5,0.69,43.7,38.0,4,5,2.02,Intermediate,Moderate,Low
76.6,75.0,16,4.6,0.53,39.8,68.9,1,0,3.17,Advanced,Moderate,Medium
41.1,51.5,4,11.9,0.52,36.9,45.3,5,6,1.56,Intermediate,Moderate,High
50.8,49.0,7,6.1,0.22,64.5,38.0,2,6,2.1,Intermediate,Slow,High
55.8,53.9,7,6.4,0.55,36.5,49.2,0,8,2.64,Intermediate,Moderate,Low
64.3,57.7,1,6.9,0.45,47.6,41.4,5,3,1.38,Intermediate,Slow,Medium
65.0,67.5,5,6.3,0.47,38.1,48.4,2,2,2.88,Intermediate,Moderate,Medium
64.7,80.0,4,4.9,0.27,23.9,83.2,2,4,3.64,Advanced,Moderate,Medium
32.7,28.5,2,5.9,0.5,74.6,24.9,4,2,1.32,Beginner,Slow,High
74.0,82.1,25,16.0,0.86,41.7,65.0,3,4,3.47,Advanced,Fast,Low
47.7,45.1,1,7.8,0.7,77.1,16.1,0,6,1.29,Beginner,Moderate,High
40.6,54.0,7,11.5,0.86,88.7,34.6,5,7,1.71,Intermediate,Moderate,Medium
42.9,60.1,8,8.1,0.6,48.7,28.5,5,4,1.0,Beginner,Moderate,Medium
61.3,63.1,5,7.5,0.39,62.5,27.7,4,1,1.76,Intermediate,Slow,High
42.9,47.8,10,11.4,0.63,70.4,34.2,0,1,2.15,Intermediate,Moderate,High
56.5,54.6,4,0.5,0.25,32.0,62.5,4,1,2.56,Intermediate,Slow,High
57.2,61.7,13,13.5,0.84,53.4,44.2,3,8,2.34,Intermediate,Fast,Medium
64.6,64.6,4,2.8,0.37,68.3,24.0,0,1,2.02,Intermediate,Slow,Medium
91.1,100.0,15,5.9,0.54,39.4,72.8,3,2,3.2,Advanced,Moderate,Low
58.7,54.2,9,11.2,0.33,59.3,25.8,1,3,1.41,Beginner,Slow,High
70.4,65.8,3,5.0,0.33,41.9,44.5,5,0,2.16,Intermediate,Slow,Medium
16.3,24.4,2,8.6,0.34,82.1,12.3,5,2,1.0,Beginner,Slow,High
49.1,47.2,5,7.2,0.63,53.9,44.4,5,6,2.49,Intermediate,Moderate,High
57.5,64.0,15,7.8,0.81,33.0,74.6,3,1,3.01,Advanced,Fast,Medium
46.9,48.5,6,6.2,0.53,46.9,26.2,1,5,2.54,Intermediate,Moderate,High
71.0,76.9,9,12.6,0.73,23.5,56.3,2,8,3.44,Advanced,Fast,Medium
23.3,22.8,12,11.8,0.59,77.9,28.0,0,2,1.23,Beginner,Moderate,High
69.3,63.9,9,7.9,0.61,46.0,57.0,3,5,2.91,Intermediate,Moderate,Medium
57.2,53.8,17,10.9,0.69,34.6,48.2,2,8,2.96,Intermediate,Moderate,Medium
49.4,39.1,4,7.4,0.38,54.0,47.5,4,2,2.39,Intermediate,Slow,High
83.5,91.4,20,6.8,0.75,20.1,100.0,0,6,3.64,Advanced,Fast,Low
77.8,82.9,4,0.5,0.34,49.2,73.9,2,5,2.36,Advanced,Slow,Medium
26.4,21.9,5,10.5,0.54,77.3,32.3,1,0,1.52,Beginner,Slow,High
43.5,54.7,6,8.3,0.74,44.3,42.6,0,1,1.39,Intermediate,Moderate,Medium
84.7,92.6,8,5.0,0.22,42.2,75.1,1,5,3.97,Advanced,Slow,Medium
73.0,76.8,6,10.8,0.53,42.7,43.4,5,4,2.21,Intermediate,Moderate,Medium
64.4,72.0,6,13.0,0.77,39.2,43.3,0,7,1.72,Intermediate,Fast,Medium
43.4,54.7,3,8.7,0.83,69.0,24.9,4,5,1.28,Beginner,Moderate,Medium
80.8,72.2,5,6.9,0.57,57.4,60.8,3,6,3.21,Advanced,Slow,Medium
57.5,53.9,7,10.7,0.43,74.9,25.8,2,4,1.5,Beginner,Slow,High
45.1,49.1,8,8.6,0.39,42.9,63.7,3,7,1.95,Intermediate,Moderate,High
52.0,58.2,18,14.9,0.61,39.5,34.3,3,1,2.54,Intermediate,Fast,Medium
41.1,46.2,2,11.2,0.86,77.7,9.7,0,4,1.32,Beginner,Moderate,High
53.3,70.3,8,11.2,0.66,40.6,45.4,5,8,2.01,Intermediate,Fast,Medium
46.7,43.0,5,8.4,0.49,57.9,16.9,2,7,1.85,Beginner,Slow,High
43.9,42.2,6,5.1,0.44,53.5,51.4,5,4,2.42,Beginner,Slow,Medium
46.2,48.0,2,7.4,0.44,64.8,35.6,1,4,1.87,Intermediate,Fast,High
45.3,56.5,10,16.4,0.55,56.7,37.3,1,6,2.04,Intermediate,Moderate,Medium
71.6,96.0,8,12.2,0.69,56.4,52.3,1,6,3.0,Advanced,Fast,Low
59.7,64.6,4,11.5,0.57,64.4,53.8,5,8,2.52,Intermediate,Moderate,Medium
50.4,54.2,3,5.6,0.21,57.3,50.5,1,0,2.62,Intermediate,Slow,High
76.1,59.7,17,14.4,0.7,53.4,51.1,5,1,1.93,Intermediate,Moderate,Medium
74.3,86.2,18,11.9,0.9,22.3,78.1,1,5,3.9,Advanced,Fast,Low
59.4,73.2,15,8.1,0.71,64.0,52.0,4,3,2.43,Intermediate,Moderate,Medium
77.5,77.4,15,8.1,0.37,24.0,65.4,3,7,2.14,Advanced,Moderate,Medium
70.7,75.0,14,8.0,0.46,30.5,77.3,3,7,3.61,Advanced,Moderate,High
92.9,100.0,13,10.4,0.73,33.5,71.0,0,3,2.88,Advanced,Fast,Low
59.9,46.7,8,9.3,0.56,53.9,44.9,2,5,2.84,Intermediate,Moderate,High
65.2,80.6,3,9.7,0.63,50.9,34.2,5,7,2.02,Intermediate,Moderate,Medium
42.7,31.8,9,9.2,0.7,65.4,49.0,2,2,2.33,Intermediate,Moderate,High
42.2,48.1,7,14.8,0.78,62.6,35.1,4,8,1.21,Beginner,Fast,High
52.1,59.3,7,8.4,0.66,59.3,45.4,3,4,2.16,Intermediate,Moderate,Medium
68.7,75.4,14,9.6,0.85,60.2,62.3,2,2,3.71,Advanced,Moderate,Medium
62.4,61.1,9,7.4,0.42,41.9,39.9,3,3,2.32,Intermediate,Moderate,Medium
32.6,25.9,5,12.6,0.87,35.8,35.4,4,6,1.4,Beginner,Fast,High
59.8,68.7,12,9.8,0.68,20.5,61.8,2,8,3.83,Advanced,Fast,Medium
56.4,56.9,13,10.3,0.87,64.5,18.1,2,0,1.0,Beginner,Moderate,High
75.3,68.5,6,6.0,0.34,68.0,68.7,1,1,2.53,Advanced,Slow,High
53.7,54.1,9,8.4,0.47,73.6,28.2,0,0,1.49,Advanced,Slow,High
38.0,39.2,2,13.9,0.72,89.2,1.3,2,5,1.79,Beginner,Moderate,High
53.6,44.4,4,3.1,0.4,69.4,54.2,4,5,2.7,Intermediate,Slow,High
68.8,70.1,1,2.1,0.47,22.1,57.1,3,8,2.62,Intermediate,Moderate,Medium
78.4,72.1,5,3.7,0.5,60.1,57.7,0,3,3.38,Advanced,Slow,Medium
53.4,41.5,13,9.1,0.42,39.8,34.0,3,5,1.8,Intermediate,Moderate,High
58.7,50.1,14,7.8,0.57,45.3,73.6,2,2,3.7,Advanced,Moderate,High
55.9,57.6,8,10.2,0.6,54.0,42.8,0,3,1.52,Intermediate,Fast,Medium
56.8,63.3,7,11.2,0.4,57.0,48.5,1,1,1.42,Intermediate,Moderate,High
50.2,47.6,13,8.9,0.46,34.6,88.6,2,5,3.16,Advanced,Moderate,High
75.3,68.6,4,7.5,0.46,55.1,89.9,5,2,3.29,Advanced,Slow,Medium
71.9,64.9,12,7.8,0.58,38.6,69.4,2,7,3.29,Advanced,Moderate,Medium
43.0,46.9,6,3.9,0.33,57.1,32.0,4,2,1.98,Intermediate,Slow,High
38.0,46.1,1,6.9,0.45,58.8,20.0,3,2,1.2,Beginner,Slow,High
69.8,53.4,7,6.1,0.4,56.8,57.1,5,8,3.04,Intermediate,Slow,High
77.5,56.6,11,9.5,0.55,37.7,81.5,2,5,3.38,Advanced,Moderate,High
37.3,44.2,5,13.2,0.73,65.5,26.9,1,8,1.63,Beginner,Moderate,High
49.8,43.1,10,11.4,0.52,65.4,50.0,2,8,2.71,Beginner,Moderate,High
85.6,93.5,10,6.7,0.56,29.6,69.8,3,1,3.44,Advanced,Moderate,Low
42.9,40.0,5,7.8,0.81,52.9,49.7,2,1,1.84,Intermediate,Moderate,High
18.1,16.4,6,13.4,0.75,65.3,37.5,2,1,2.04,Intermediate,Fast,High
42.4,23.7,6,7.0,0.31,89.1,30.3,5,8,1.22,Intermediate,Slow,High
58.1,49.9,14,9.2,0.74,55.7,33.7,2,8,1.58,Intermediate,Moderate,High
75.2,72.9,10,10.7,0.74,26.4,80.2,4,7,2.91,Advanced,Fast,Medium
56.7,65.0,12,6.7,0.66,59.0,38.5,4,4,2.68,Intermediate,Moderate,Medium
67.7,76.0,9,2.6,0.56,49.0,48.2,3,3,3.73,Advanced,Moderate,Medium
52.6,65.0,13,13.2,0.82,76.8,39.7,1,0,2.58,Intermediate,Moderate,Medium
47.3,54.6,2,6.9,0.52,57.3,31.8,5,1,1.61,Beginner,Moderate,High
52.8,64.3,9,9.7,0.78,42.1,64.2,3,8,2.2,Intermediate,Fast,Medium
63.8,78.9,11,6.7,0.74,66.6,31.6,1,3,2.05,Intermediate,Moderate,Medium
79.7,65.9,9,10.6,0.26,20.7,62.4,3,6,3.1,Advanced,Moderate,Medium
54.1,46.1,6,7.7,0.4,68.0,41.2,0,2,2.28,Advanced,Slow,Low
35.0,42.9,9,4.6,0.47,53.8,36.4,3,7,1.27,Beginner,Slow,High
53.7,60.1,10,10.6,0.8,47.6,32.5,1,8,1.75,Intermediate,Fast,Medium
37.7,36.3,2,5.7,0.24,72.9,18.0,1,1,2.25,Beginner,Slow,High
58.2,57.8,5,8.0,0.51,45.7,60.8,1,6,2.62,Intermediate,Moderate,Medium
66.9,83.0,9,11.6,0.72,56.9,41.1,1,0,1.48,Intermediate,Moderate,Medium
50.1,57.9,7,10.1,0.68,40.8,60.4,2,2,2.71,Intermediate,Moderate,Medium
76.5,80.1,6,8.2,0.49,34.9,84.4,5,2,3.16,Advanced,Moderate,Medium
88.7,77.5,6,7.2,0.57,49.7,62.7,2,1,3.9,Advanced,Moderate,Medium
52.6,54.2,5,6.2,0.59,46.6,52.3,4,5,1.85,Intermediate,Moderate,Medium
55.2,61.3,6,10.2,0.47,35.3,34.6,0,5,1.91,Intermediate,Moderate,Medium
84.2,83.1,10,7.8,0.36,39.7,87.6,4,6,3.51,Advanced,Slow,Medium
74.5,80.1,13,6.4,0.34,29.7,69.9,2,1,3.83,Advanced,Moderate,Medium
36.8,51.5,3,7.0,0.41,47.4,39.3,3,0,1.42,Beginner,Slow,High
62.7,71.4,5,13.2,0.65,40.1,59.0,4,2,2.6,Intermediate,Fast,Medium
55.0,74.4,3,8.5,0.68,64.0,28.6,2,7,1.57,Intermediate,Moderate,Medium
36.6,54.4,6,15.7,0.68,72.2,61.3,2,3,3.13,Intermediate,Moderate,Medium
69.5,68.1,11,14.6,0.72,64.2,70.2,2,3,2.63,Advanced,Moderate,Medium
84.2,77.9,3,6.5,0.47,52.1,45.0,1,0,2.11,Intermediate,Slow,Medium
69.0,82.5,4,9.3,0.66,58.7,42.9,2,5,2.74,Intermediate,Moderate,Medium
67.2,69.9,12,15.1,0.67,29.1,58.1,2,4,2.95,Intermediate,Fast,Medium
67.1,79.2,7,11.0,0.53,26.6,49.4,1,8,3.11,Intermediate,Moderate,Medium
66.8,52.7,17,10.6,0.81,52.5,57.0,2,7,2.22,Intermediate,Moderate,Medium
39.3,54.0,15,15.1,0.71,52.1,56.1,2,2,2.32,Intermediate,Fast,Medium
62.1,47.6,22,12.8,0.75,43.0,71.9,3,8,3.24,Advanced,Moderate,High
70.5,77.8,11,7.9,0.58,26.1,85.3,3,0,4.0,Advanced,Moderate,Medium
81.5,82.1,17,13.0,0.59,54.9,68.3,5,7,3.69,Advanced,Moderate,Medium
51.0,56.0,8,5.9,0.4,52.1,54.7,5,7,2.77,Beginner,Slow,High
54.5,53.2,14,7.4,0.55,32.0,65.1,5,1,3.42,Intermediate,Moderate,Medium
51.5,60.2,7,4.7,0.39,46.3,37.2,0,6,1.81,Intermediate,Slow,Medium
64.7,63.9,7,4.2,0.5,50.8,43.8,3,3,2.47,Intermediate,Slow,Medium
47.6,58.4,5,10.3,0.47,38.3,25.8,1,0,1.0,Beginner,Moderate,Medium
75.2,66.5,13,5.1,0.4,44.4,72.5,1,0,3.13,Advanced,Fast,Medium
49.1,52.9,10,6.6,0.38,73.6,34.5,3,3,2.7,Intermediate,Slow,High
48.9,55.7,10,4.9,0.55,45.3,29.2,3,5,2.43,Intermediate,Moderate,Medium
46.9,64.7,14,14.4,0.9,65.2,45.9,4,7,2.06,Intermediate,Fast,High
67.0,59.9,2,1.9,0.42,33.6,63.2,2,4,2.73,Intermediate,Slow,Medium
64.1,59.1,11,14.6,0.71,55.7,53.7,1,0,1.51,Intermediate,Moderate,Medium
58.8,68.5,16,15.0,0.92,48.7,35.9,4,6,2.55,Intermediate,Fast,Medium
92.4,89.5,4,3.8,0.34,39.0,62.1,2,8,3.26,Advanced,Slow,Medium
45.6,44.2,17,10.4,0.64,53.8,60.5,4,8,3.05,Intermediate,Moderate,High
66.0,60.7,11,9.7,0.69,40.4,61.1,1,2,3.39,Advanced,Moderate,Medium
77.7,70.4,11,8.3,0.73,19.7,79.2,2,1,4.0,Advanced,Fast,Medium
35.4,44.4,7,11.7,0.82,48.4,28.8,5,8,2.23,Beginner,Fast,Medium
53.3,48.3,12,9.6,0.66,51.2,43.3,5,3,2.71,Intermediate,Moderate,High
69.3,71.7,25,10.3,0.75,45.0,51.8,1,0,3.01,Advanced,Moderate,Medium
49.5,50.6,5,3.9,0.34,47.4,42.2,2,4,2.02,Intermediate,Slow,High
48.1,35.1,10,5.7,0.51,48.4,24.4,4,2,2.27,Advanced,Slow,High
50.0,57.7,11,8.7,0.64,50.1,43.0,5,4,2.16,Intermediate,Moderate,Medium
83.2,100.0,19,17.6,0.52,36.9,66.5,4,0,3.25,Advanced,Fast,Low
69.2,86.7,14,6.6,0.51,54.4,34.9,5,3,2.49,Intermediate,Moderate,Medium
65.6,72.2,14,12.8,0.73,48.0,32.4,0,3,1.7,Intermediate,Fast,Medium
77.6,75.0,8,10.1,0.9,22.2,47.5,2,6,2.52,Intermediate,Fast,Low
36.9,33.3,7,11.9,0.54,42.7,42.0,0,0,2.19,Intermediate,Moderate,High
73.6,87.3,23,17.3,0.71,38.2,59.2,5,0,3.13,Advanced,Fast,Low
64.8,60.5,13,12.4,0.68,61.5,35.8,5,6,2.63,Intermediate,Moderate,Medium
67.6,79.0,6,4.4,0.43,45.7,59.7,2,7,2.79,Advanced,Moderate,Medium
37.8,47.7,4,5.5,0.26,47.2,34.9,4,7,2.72,Intermediate,Slow,High
58.8,71.6,17,8.3,0.56,48.8,57.8,4,0,2.96,Intermediate,Moderate,Medium
54.0,46.0,11,13.4,0.8,63.0,48.6,1,0,2.57,Intermediate,Moderate,High
61.8,48.1,6,2.9,0.56,46.0,63.5,3,5,2.56,Intermediate,Slow,High
48.3,50.1,4,10.8,0.68,64.4,49.4,1,4,2.07,Intermediate,Moderate,High
73.4,67.6,8,9.7,0.44,41.1,59.8,5,0,3.19,Advanced,Moderate,Medium
61.3,66.0,12,8.6,0.72,51.2,35.3,4,0,3.08,Intermediate,Moderate,Medium
82.9,100.0,22,13.3,0.9,39.8,87.3,3,1,3.26,Advanced,Fast,Low
41.1,37.9,9,11.3,0.68,58.3,32.6,0,4,1.55,Beginner,Moderate,High
52.4,65.1,12,11.9,0.63,39.0,32.5,1,6,2.6,Intermediate,Fast,Medium
82.8,100.0,10,17.2,0.75,55.8,49.1,0,1,3.32,Advanced,Fast,Low
71.9,80.1,8,4.4,0.43,51.2,62.3,4,6,3.39,Advanced,Slow,Medium
65.8,68.7,8,9.0,0.3,56.9,31.3,3,3,2.56,Intermediate,Slow,High
61.1,72.4,10,6.7,0.61,58.7,51.2,1,7,1.58,Intermediate,Moderate,Medium
82.5,64.5,10,4.8,0.51,36.4,81.6,4,2,3.48,Advanced,Slow,Medium
65.3,80.3,5,8.4,0.48,49.2,32.2,3,0,2.5,Beginner,Moderate,Medium
32.1,40.7,5,4.6,0.36,55.7,42.7,3,4,1.32,Beginner,Slow,High
84.9,79.7,8,2.2,0.32,31.2,71.2,1,1,3.64,Advanced,Slow,Medium
41.9,36.5,6,8.9,0.65,56.6,15.4,0,5,1.61,Beginner,Moderate,High
78.6,79.4,8,4.0,0.31,36.4,72.3,2,5,2.37,Intermediate,Slow,Medium
38.3,51.2,8,9.3,0.67,40.7,40.8,5,7,1.63,Intermediate,Moderate,Medium
70.4,57.5,11,8.1,0.6,68.2,53.6,0,3,2.55,Intermediate,Slow,High
68.2,59.2,9,7.2,0.25,40.7,51.3,4,0,2.03,Intermediate,Slow,High
58.3,44.5,8,7.7,0.38,55.1,36.7,0,4,2.28,Intermediate,Slow,High
66.9,74.2,13,16.0,0.97,59.2,45.3,3,4,2.17,Intermediate,Fast,Low
61.7,55.1,4,7.4,0.47,39.4,25.3,1,1,2.05,Intermediate,Moderate,High
40.1,41.8,5,12.1,0.56,72.7,37.9,0,0,2.1,Intermediate,Moderate,High
64.8,89.7,7,4.3,0.47,38.8,56.5,0,1,2.62,Advanced,Moderate,Low
83.7,86.0,18,9.1,0.74,44.7,75.0,3,8,3.24,Advanced,Fast,Medium
79.1,77.2,13,7.2,0.61,58.4,78.1,2,8,2.59,Advanced,Moderate,Medium
64.2,68.8,4,5.3,0.37,27.8,49.7,5,5,3.25,Intermediate,Moderate,Medium
47.6,45.0,9,10.4,0.6,47.9,51.3,5,8,1.34,Intermediate,Slow,High
48.8,51.0,11,7.6,0.57,49.1,56.0,1,8,3.05,Intermediate,Moderate,High
73.4,85.7,15,15.9,0.72,24.2,81.3,2,2,3.6,Advanced,Fast,Low
59.1,59.1,0,3.6,0.26,76.9,29.6,1,5,2.37,Intermediate,Slow,High
67.0,60.4,1,4.4,0.57,60.7,23.8,0,7,2.13,Intermediate,Slow,High
41.3,39.9,4,10.0,0.39,60.6,29.9,0,6,1.62,Beginner,Slow,High
87.0,99.3,7,9.6,0.29,35.9,67.8,3,3,3.29,Advanced,Moderate,Low
31.4,26.7,4,5.2,0.35,70.7,14.1,5,5,1.75,Beginner,Slow,High
70.1,69.6,12,12.2,0.61,33.0,70.1,5,1,2.79,Advanced,Moderate,Medium
60.4,68.3,8,7.1,0.58,88.8,38.8,1,0,1.87,Intermediate,Slow,Medium
50.4,39.9,3,2.8,0.18,73.6,38.0,0,6,1.14,Beginner,Slow,High
48.4,53.7,11,8.0,0.49,68.6,59.5,5,7,2.84,Intermediate,Slow,High
86.2,75.3,8,8.9,0.53,44.0,71.6,0,8,3.2,Advanced,Moderate,Medium
57.9,69.9,6,10.5,0.56,40.6,25.1,2,0,1.93,Intermediate,Moderate,Medium
41.9,36.2,6,9.6,0.58,67.2,36.3,5,8,1.62,Beginner,Moderate,High
45.0,57.1,7,6.9,0.64,60.3,72.4,3,0,3.0,Intermediate,Moderate,Medium
70.3,83.0,11,9.7,0.9,45.6,50.3,3,3,2.41,Intermediate,Fast,Low
73.7,78.1,12,9.7,0.72,42.9,37.9,5,6,2.42,Intermediate,Moderate,Medium
58.7,53.3,10,5.2,0.44,39.7,50.2,0,7,2.34,Intermediate,Slow,High
52.9,58.7,14,12.3,0.85,59.3,48.9,4,3,3.14,Intermediate,Fast,Medium
63.5,65.0,9,8.6,0.46,78.6,27.0,5,6,1.71,Intermediate,Slow,High
40.6,47.7,6,8.7,0.84,67.4,38.4,4,7,2.14,Intermediate,Moderate,High
80.1,97.3,14,9.4,0.98,44.9,69.3,5,4,3.02,Advanced,Fast,Low
63.7,67.6,16,7.0,0.99,51.9,43.6,1,0,2.69,Intermediate,Fast,Medium
88.8,84.9,4,8.7,0.35,26.5,64.0,3,1,2.76,Advanced,Moderate,Medium
69.1,67.7,15,12.3,0.39,34.5,68.5,2,2,3.6,Advanced,Moderate,Medium
69.5,63.8,17,10.2,0.7,41.5,67.7,3,0,3.22,Advanced,Moderate,Medium
73.1,70.7,17,14.0,0.89,62.6,63.3,3,2,2.92,Advanced,Fast,Medium
60.3,73.0,10,12.7,0.76,42.3,49.9,0,7,3.11,Intermediate,Fast,Low
66.3,70.3,10,6.6,0.41,53.9,52.5,1,4,2.25,Intermediate,Slow,Medium
73.1,64.4,14,14.4,0.62,36.6,60.5,0,7,2.48,Intermediate,Moderate,Medium
56.6,58.6,12,13.2,0.87,20.2,58.9,0,3,2.66,Intermediate,Fast,Medium
65.2,71.1,19,10.2,0.64,51.7,49.9,4,0,1.99,Intermediate,Slow,Medium
73.5,66.0,7,11.7,0.57,35.3,64.4,3,1,3.17,Advanced,Moderate,Medium
50.2,46.3,5,9.8,0.47,44.1,35.6,3,3,1.78,Intermediate,Moderate,High
92.2,100.0,5,4.7,0.32,26.7,57.0,4,7,3.42,Advanced,Slow,Low
69.6,89.5,16,7.1,0.69,58.2,64.7,4,6,2.87,Advanced,Moderate,Low
55.8,60.6,3,4.3,0.28,59.5,49.3,0,6,2.07,Intermediate,Fast,High
58.6,62.1,19,9.4,0.49,50.9,62.6,1,2,2.76,Intermediate,Moderate,Medium
87.4,91.2,16,6.2,0.43,58.4,99.9,4,2,3.63,Advanced,Slow,Medium
87.2,95.0,17,7.5,0.65,17.7,91.9,2,8,3.42,Advanced,Fast,Low
72.5,77.9,13,14.5,0.66,35.8,100.0,5,0,3.67,Advanced,Fast,Medium
59.7,59.1,18,14.4,0.76,37.1,61.8,1,3,2.86,Intermediate,Fast,Medium
40.4,32.8,14,9.8,0.79,81.1,43.7,0,5,1.77,Intermediate,Moderate,Low
55.4,49.8,14,12.7,0.65,47.9,40.6,1,5,2.76,Intermediate,Moderate,High
51.1,52.2,10,9.6,0.38,36.9,41.0,4,7,2.06,Intermediate,Moderate,Medium
74.2,73.6,18,15.8,0.66,59.4,39.5,2,2,2.15,Intermediate,Moderate,Medium
82.5,87.9,10,10.1,0.37,80.9,63.7,0,1,3.42,Advanced,Slow,Medium
28.4,36.5,1,9.9,0.64,65.0,11.4,0,2,1.83,Beginner,Moderate,High
75.6,68.6,26,14.8,0.68,31.3,63.0,4,5,3.4,Advanced,Fast,Medium
75.3,77.4,16,7.8,0.66,47.3,65.4,4,7,2.93,Advanced,Moderate,High
44.6,55.2,6,8.2,0.59,72.3,24.7,4,0,2.02,Beginner,Moderate,High
60.6,62.8,14,8.1,0.87,41.0,78.3,4,4,3.7,Advanced,Fast,Medium
26.0,9.9,7,10.0,0.5,69.4,5.4,3,7,1.0,Beginner,Slow,High
72.4,82.5,13,12.2,0.66,35.6,70.0,0,2,3.16,Advanced,Fast,Medium
87.3,76.1,13,5.5,0.37,34.0,80.1,2,3,3.2,Advanced,Slow,Medium
66.7,72.0,10,10.2,0.6,41.9,50.9,3,8,2.12,Intermediate,Moderate,Medium
83.5,93.3,15,12.8,0.87,45.3,59.9,5,5,3.32,Advanced,Fast,Low
57.1,55.0,6,6.1,0.32,53.4,25.0,1,7,1.71,Intermediate,Slow,High
54.6,57.7,11,4.9,0.47,44.4,54.5,0,2,2.2,Intermediate,Moderate,Medium
44.9,54.7,5,7.3,0.67,62.6,42.3,5,3,2.56,Intermediate,Moderate,Low
57.2,63.3,12,10.3,1.0,34.9,46.3,5,2,3.08,Intermediate,Fast,Medium
45.1,42.1,14,12.8,0.84,40.4,38.6,1,5,1.88,Intermediate,Fast,High
53.3,51.3,10,9.9,0.37,47.5,51.7,2,3,1.87,Advanced,Slow,High
71.2,83.4,10,1.0,0.51,47.4,50.7,0,4,2.55,Intermediate,Slow,Medium
59.1,64.2,15,11.6,0.87,41.5,42.5,4,5,2.97,Intermediate,Fast,Medium
60.0,78.9,6,8.8,0.68,49.1,42.0,2,7,1.72,Intermediate,Moderate,Medium
82.7,100.0,17,13.9,0.66,36.0,60.5,4,5,3.3,Advanced,Fast,Low
67.7,46.2,3,10.1,0.49,42.8,29.5,2,8,2.56,Intermediate,Moderate,High
60.9,72.7,7,12.6,0.57,47.1,57.2,0,0,2.17,Intermediate,Moderate,Medium
76.1,90.1,6,10.9,0.84,40.6,40.1,1,0,1.95,Intermediate,Fast,Low
54.1,54.9,5,4.1,0.47,45.4,50.2,5,2,2.26,Intermediate,Slow,High
60.7,71.5,7,7.9,0.68,38.7,34.2,2,8,2.09,Intermediate,Moderate,Medium
58.8,63.2,9,16.5,0.65,44.7,47.0,4,5,2.49,Intermediate,Fast,Medium
62.5,76.1,9,9.5,0.3,18.4,69.9,2,7,3.64,Advanced,Moderate,Medium
72.5,74.0,4,6.5,0.39,54.0,46.1,2,3,2.74,Intermediate,Slow,Medium
39.5,38.0,6,6.7,0.41,66.1,20.4,4,1,1.78,Beginner,Slow,High
38.1,43.8,3,7.4,0.58,84.2,16.0,2,2,1.0,Beginner,Slow,High
70.8,79.3,11,8.7,0.55,41.4,61.4,2,1,2.8,Advanced,Moderate,Medium
82.9,87.4,15,7.9,0.84,18.7,71.0,4,2,3.61,Advanced,Fast,Low
44.7,47.8,10,14.6,0.54,62.3,36.0,5,4,2.39,Intermediate,Moderate,High
76.7,71.4,7,8.8,0.47,58.2,73.8,0,3,3.44,Advanced,Slow,Medium
48.9,67.0,15,10.8,0.7,49.1,33.0,3,3,2.48,Intermediate,Fast,Medium
91.8,96.4,16,6.4,0.31,35.3,92.8,1,4,4.0,Advanced,Slow,Medium
55.5,74.3,10,7.4,0.54,49.2,52.6,3,1,2.63,Intermediate,Moderate,Medium
66.3,61.7,5,12.1,0.63,56.7,40.9,0,3,2.31,Intermediate,Moderate,Medium
68.4,71.0,6,1.5,0.28,40.1,70.7,3,1,3.37,Advanced,Slow,High
32.8,27.1,5,10.4,0.87,57.9,23.0,1,6,1.35,Advanced,Moderate,High
83.1,85.0,8,12.5,0.55,25.6,67.1,1,3,3.21,Advanced,Moderate,Medium
59.9,74.8,9,6.6,0.63,61.1,59.0,1,6,2.17,Intermediate,Moderate,Medium
38.2,53.8,7,4.7,0.47,53.6,29.1,2,1,1.66,Beginner,Moderate,High
31.0,44.4,12,18.3,0.49,50.4,25.8,0,1,1.49,Beginner,Moderate,High
32.0,37.8,3,8.6,0.54,59.3,12.6,4,1,1.54,Beginner,Moderate,High
59.7,45.3,7,7.1,0.28,46.7,50.0,3,7,2.65,Intermediate,Slow,High
51.7,36.2,16,12.7,0.76,41.5,53.5,0,3,2.44,Beginner,Moderate,High
41.4,47.8,10,11.2,0.4,61.4,22.5,4,1,1.74,Beginner,Slow,High
48.6,49.7,8,17.2,0.88,62.3,38.1,5,4,2.12,Intermediate,Fast,Medium
54.9,39.7,9,12.7,0.72,36.7,41.4,3,1,2.29,Advanced,Moderate,High
85.3,76.2,7,7.0,0.49,27.7,76.4,1,7,3.82,Advanced,Moderate,Medium
60.9,68.0,17,13.5,0.94,70.1,66.1,5,8,3.35,Advanced,Fast,Medium
99.4,97.3,19,13.2,0.7,18.3,95.9,2,5,3.68,Advanced,Fast,Low
66.2,75.2,8,8.8,0.73,50.9,43.2,5,6,3.34,Intermediate,Moderate,Medium
92.8,91.3,9,10.1,0.53,46.8,73.8,5,4,3.21,Advanced,Moderate,Medium
53.7,53.5,14,6.6,0.79,65.3,49.4,0,1,3.18,Intermediate,Moderate,Medium
43.1,45.3,8,11.7,0.64,50.3,54.5,5,8,2.49,Intermediate,Moderate,High
63.5,52.0,6,6.7,0.4,49.8,59.0,2,7,2.96,Intermediate,Slow,High
41.1,50.6,8,16.3,0.83,30.5,22.0,4,1,2.34,Beginner,Fast,Medium
63.7,50.7,15,14.1,0.65,69.5,49.6,5,7,2.23,Intermediate,Slow,High
48.0,44.9,8,10.8,0.83,70.0,32.7,2,1,1.37,Beginner,Moderate,High
66.3,70.0,6,8.6,0.7,45.8,52.0,0,1,1.73,Advanced,Moderate,Medium
54.8,58.9,12,10.5,0.67,38.5,55.3,5,7,3.19,Intermediate,Moderate,Medium
55.4,50.6,8,8.0,0.46,53.0,40.3,2,0,2.79,Intermediate,Slow,High
52.4,52.5,1,4.0,0.35,62.4,21.9,5,2,1.07,Beginner,Slow,High
65.5,70.5,12,13.0,0.93,38.1,25.8,3,3,1.18,Intermediate,Fast,Medium
97.4,99.6,17,8.6,0.67,35.8,98.6,3,4,3.88,Advanced,Moderate,Low
58.9,48.9,8,5.6,0.64,53.1,50.7,3,4,2.17,Intermediate,Moderate,High
32.1,32.8,5,11.6,0.61,83.2,6.2,0,8,1.0,Beginner,Moderate,High
38.0,52.4,15,13.7,0.68,56.1,43.0,5,1,2.68,Intermediate,Moderate,Medium
63.3,65.7,8,9.3,0.38,58.4,35.0,4,5,2.53,Intermediate,Slow,High
50.5,56.1,10,9.1,0.91,71.6,49.1,5,2,2.31,Intermediate,Moderate,Medium
51.8,53.1,6,4.6,0.31,28.1,20.2,0,0,1.01,Beginner,Slow,High
33.1,55.2,12,14.2,1.0,49.7,49.0,0,1,2.0,Intermediate,Fast,Medium
60.6,59.2,6,5.5,0.38,50.8,42.9,2,7,2.29,Intermediate,Slow,High
53.1,50.6,6,6.1,0.33,48.8,29.7,2,3,1.55,Beginner,Slow,High
62.7,69.6,2,4.2,0.2,45.5,53.6,2,7,3.64,Intermediate,Slow,High
73.0,79.6,30,9.9,1.0,38.8,60.2,5,5,3.04,Advanced,Fast,Low
67.5,74.3,12,9.1,0.63,8.0,75.6,4,2,3.76,Advanced,Fast,Medium
57.5,71.1,14,13.6,0.8,45.5,47.7,2,1,2.82,Intermediate,Fast,Medium
79.9,71.0,12,7.9,0.59,53.6,49.4,2,0,2.71,Intermediate,Moderate,Medium
75.3,73.0,11,4.6,0.5,49.3,70.2,2,4,2.87,Advanced,Slow,Medium
47.7,33.1,4,7.0,0.49,56.4,30.4,1,2,1.98,Beginner,Slow,High
59.5,62.9,8,13.6,0.72,74.3,50.4,1,6,1.65,Intermediate,Moderate,Medium
54.5,67.7,19,15.0,0.56,37.1,61.4,2,8,2.56,Intermediate,Fast,Medium
76.0,80.8,7,8.0,0.52,58.1,59.2,5,7,2.99,Advanced,Moderate,High
60.8,59.6,10,4.7,0.54,52.8,44.5,3,5,1.94,Intermediate,Slow,Medium
57.7,49.8,5,4.0,0.46,52.3,44.5,4,0,2.0,Intermediate,Slow,High
71.7,73.7,16,9.4,0.54,35.7,72.3,0,8,2.73,Advanced,Moderate,Medium
34.2,28.7,6,16.0,0.78,45.2,37.4,3,2,1.98,Beginner,Fast,High
51.9,66.4,7,6.7,0.66,47.3,25.1,2,1,1.9,Intermediate,Moderate,Medium
56.4,67.7,16,11.5,0.8,26.0,50.4,1,3,1.98,Intermediate,Fast,Medium
76.4,64.7,9,5.1,0.32,38.5,64.5,1,1,3.03,Advanced,Slow,High
75.2,54.7,15,12.0,0.63,39.6,83.4,5,8,2.96,Advanced,Moderate,High
65.1,80.7,6,7.8,0.61,39.8,50.8,4,8,2.87,Intermediate,Moderate,High
62.0,59.7,10,8.3,0.42,34.3,76.5,3,4,3.42,Advanced,Moderate,Medium
55.3,48.4,12,11.2,0.35,48.7,60.5,4,4,1.75,Intermediate,Slow,High
74.3,69.3,10,2.7,0.49,44.7,64.5,0,2,3.04,Advanced,Slow,Medium
56.2,65.1,9,10.0,0.74,50.8,59.9,2,7,2.8,Intermediate,Slow,Medium
54.9,48.2,20,12.0,0.9,31.7,61.9,0,6,3.12,Intermediate,Fast,Medium
47.7,59.1,4,7.6,0.56,51.9,41.4,5,2,1.96,Intermediate,Moderate,Medium
80.2,92.5,10,9.0,0.39,23.7,87.1,4,1,3.15,Advanced,Moderate,Low
51.8,42.1,10,6.9,0.58,74.5,36.8,5,2,2.19,Intermediate,Slow,High
78.7,79.6,14,7.4,0.46,44.9,29.9,4,3,2.09,Beginner,Moderate,Medium
56.1,72.3,12,9.5,0.51,53.7,49.8,5,1,2.13,Intermediate,Moderate,Low
70.8,55.2,5,4.3,0.24,63.4,37.7,0,8,2.36,Intermediate,Slow,High
70.3,73.3,17,12.5,0.8,20.6,88.2,2,8,3.42,Advanced,Fast,Medium
63.0,73.3,7,6.7,0.59,63.8,57.2,4,0,2.65,Intermediate,Moderate,Medium
33.6,44.3,6,11.9,0.69,55.2,39.5,1,2,1.65,Beginner,Moderate,High
54.8,46.8,2,1.9,0.39,67.0,38.0,5,6,2.03,Intermediate,Slow,High
58.6,59.5,12,10.3,0.5,41.7,56.4,0,6,3.21,Intermediate,Moderate,Medium
73.0,84.0,7,7.3,0.51,52.9,58.6,4,7,2.56,Advanced,Moderate,Medium
63.7,70.8,8,10.9,0.57,84.6,61.1,2,0,2.54,Advanced,Slow,Medium
65.5,59.3,10,13.4,0.64,75.2,50.8,0,1,1.56,Intermediate,Moderate,High
54.6,38.0,6,1.6,0.4,23.9,63.6,5,4,3.22,Intermediate,Slow,High
62.8,49.8,18,9.4,0.6,53.7,47.2,2,8,2.09,Intermediate,Moderate,High
27.4,10.2,2,6.5,0.33,61.6,31.0,4,3,1.66,Beginner,Slow,High
42.0,28.7,8,9.8,0.4,52.0,26.4,0,2,2.36,Beginner,Slow,High
75.2,84.2,12,8.1,0.49,48.5,55.3,3,0,2.47,Advanced,Moderate,Medium
79.4,79.5,13,6.6,0.61,28.6,82.1,0,4,3.74,Advanced,Moderate,Medium
67.9,53.5,9,5.9,0.31,55.2,72.7,1,4,3.34,Advanced,Slow,High
56.4,80.2,8,9.2,0.5,64.3,54.4,2,6,1.98,Intermediate,Moderate,Medium
69.3,66.6,22,8.6,0.75,37.1,84.9,3,3,2.77,Advanced,Moderate,Medium
74.2,66.1,11,13.0,0.56,20.0,72.3,0,5,2.95,Advanced,Moderate,Medium
71.6,82.2,22,16.1,0.71,24.3,54.4,3,3,3.6,Advanced,Fast,Low
55.8,78.8,11,7.5,0.63,42.5,44.2,0,2,2.52,Intermediate,Moderate,Medium
78.7,100.0,1,10.7,0.33,18.1,69.0,4,0,3.57,Advanced,Moderate,Low
78.5,73.9,23,7.6,0.54,22.0,61.4,4,5,3.52,Advanced,Moderate,Medium
78.7,82.1,16,11.7,0.68,44.8,63.7,0,4,3.94,Advanced,Moderate,Medium
75.5,64.0,5,8.6,0.64,49.5,21.2,4,6,2.12,Intermediate,Moderate,Medium
61.8,78.9,8,5.8,0.95,63.0,28.2,2,2,1.69,Intermediate,Fast,Medium
54.9,55.7,16,11.1,0.54,40.6,64.9,1,4,2.76,Intermediate,Moderate,Medium
40.7,69.2,4,6.1,0.41,49.6,34.5,2,0,1.14,Advanced,Slow,Medium
48.3,45.9,4,9.3,0.67,62.3,21.1,5,8,1.56,Beginner,Moderate,High
42.1,44.5,7,9.0,0.71,86.4,27.4,2,7,2.27,Beginner,Moderate,High
63.1,64.1,14,6.6,0.71,65.9,56.1,1,0,2.62,Intermediate,Moderate,Medium
62.3,56.8,10,11.2,0.87,39.2,54.1,2,1,2.47,Intermediate,Fast,Medium
45.1,50.3,6,7.2,0.49,56.2,42.4,5,8,2.15,Intermediate,Moderate,High
89.3,98.2,11,7.0,0.63,35.5,80.9,1,2,3.81,Advanced,Moderate,Low
24.5,21.2,6,13.7,0.89,70.8,36.8,5,7,1.38,Beginner,Moderate,High
74.3,80.3,14,12.5,0.63,74.1,44.3,4,3,2.76,Intermediate,Moderate,Medium
81.0,85.6,19,10.4,0.65,19.8,79.2,4,7,3.31,Advanced,Fast,Low
78.8,85.3,17,14.2,1.0,31.9,68.2,5,1,2.91,Advanced,Fast,Low
78.1,60.1,5,3.0,0.39,27.0,65.9,4,3,2.98,Advanced,Slow,High
84.5,91.2,8,8.2,0.53,27.4,86.3,4,8,4.0,Advanced,Moderate,Low
71.9,73.2,22,11.2,0.82,35.8,79.9,5,8,3.66,Advanced,Fast,Medium
55.5,54.7,15,10.7,0.66,54.2,59.9,3,3,2.61,Intermediate,Moderate,Medium
64.6,58.6,8,2.7,0.55,61.7,47.7,4,7,2.59,Intermediate,Slow,High
46.2,46.1,5,6.8,0.8,67.3,6.3,2,6,1.0,Beginner,Moderate,High
61.7,51.8,6,4.9,0.34,47.3,70.9,1,6,3.14,Intermediate,Slow,High
62.8,61.2,10,8.5,0.55,46.3,54.3,4,7,2.69,Intermediate,Moderate,Medium
41.4,48.6,5,6.2,0.31,79.5,21.5,4,3,1.38,Beginner,Slow,Low
67.1,57.3,8,8.5,0.27,36.2,41.9,2,1,2.52,Intermediate,Slow,High
53.1,52.4,12,12.6,0.61,27.8,56.1,0,6,1.85,Intermediate,Fast,Medium
65.2,72.3,8,13.5,0.61,58.9,49.7,5,0,1.99,Intermediate,Moderate,Medium
81.3,85.2,13,10.0,0.73,31.0,46.9,3,2,2.15,Intermediate,Fast,Low
18.7,19.1,4,14.9,0.96,74.5,27.6,4,1,2.05,Beginner,Fast,High
48.8,45.7,11,8.6,0.48,33.4,52.2,1,2,2.95,Intermediate,Moderate,High
50.3,50.5,6,4.9,0.17,45.5,39.2,0,2,2.36,Intermediate,Slow,High
94.6,100.0,15,8.7,0.64,37.7,61.0,4,3,3.3,Advanced,Moderate,Low
58.2,56.2,12,9.9,0.42,72.9,52.3,2,6,1.77,Intermediate,Slow,Low
48.4,44.8,1,10.5,0.76,63.1,23.5,3,7,1.0,Beginner,Moderate,High
73.1,81.0,20,12.4,0.6,50.5,61.8,5,0,2.46,Advanced,Moderate,Medium
48.2,48.7,7,11.5,0.75,58.0,39.2,0,1,2.33,Intermediate,Moderate,High
66.0,56.7,15,8.0,0.41,59.1,64.3,3,3,3.14,Advanced,Slow,High
65.4,74.4,13,10.2,0.61,81.2,37.9,0,0,1.87,Intermediate,Moderate,Medium
64.8,75.7,11,8.9,0.66,28.1,51.7,0,7,2.55,Intermediate,Fast,Medium
66.7,74.9,25,5.3,0.69,29.1,71.7,3,7,3.15,Advanced,Moderate,Medium
49.4,59.4,12,9.6,0.79,49.6,64.9,3,2,2.53,Intermediate,Fast,Medium
72.0,69.8,13,12.1,0.56,29.4,68.2,1,6,3.3,Advanced,Moderate,High
31.4,24.6,3,9.2,0.57,51.2,42.6,2,6,2.19,Beginner,Moderate,High
31.0,25.7,3,3.6,0.36,60.5,18.0,5,0,1.25,Beginner,Moderate,High
47.6,40.1,16,8.9,0.82,54.9,40.0,0,3,2.51,Intermediate,Moderate,High
54.8,47.9,4,9.8,0.52,48.9,39.3,4,8,1.69,Intermediate,Moderate,High
63.2,60.9,3,7.0,0.47,69.5,57.8,5,4,2.87,Intermediate,Slow,High
83.4,95.5,17,14.6,0.83,48.4,68.9,3,6,3.6,Advanced,Fast,Low
69.3,67.1,12,8.0,0.71,35.5,65.2,1,7,2.88,Advanced,Moderate,Medium
52.2,60.1,8,10.1,0.85,60.3,29.9,3,8,2.3,Intermediate,Moderate,Medium
61.1,61.4,15,6.3,0.7,52.4,56.0,2,0,2.79,Intermediate,Moderate,Medium
57.6,65.0,11,8.1,0.73,61.5,54.6,4,6,2.54,Intermediate,Moderate,Medium
59.4,58.2,10,7.1,0.81,17.1,51.8,5,4,2.89,Intermediate,Fast,Medium
63.9,62.2,5,0.5,0.22,50.3,47.0,1,8,2.43,Intermediate,Slow,High
54.3,44.1,8,7.3,0.64,67.0,36.8,4,5,1.92,Intermediate,Slow,High
88.5,100.0,14,11.5,0.78,34.4,79.4,4,4,2.85,Advanced,Fast,Low
35.9,34.5,3,3.5,0.4,67.1,31.7,3,8,2.18,Beginner,Slow,High
47.6,46.5,7,7.3,0.53,56.4,45.4,1,8,2.0,Intermediate,Moderate,High
58.8,60.9,5,4.6,0.4,19.7,55.1,0,3,3.22,Intermediate,Moderate,Medium
87.8,90.2,17,15.7,0.86,52.3,57.3,2,0,2.56,Advanced,Fast,Low
58.0,52.0,8,11.6,0.51,63.8,39.4,3,6,1.55,Intermediate,Moderate,High
59.1,68.7,17,5.7,0.49,46.9,67.5,2,4,3.07,Advanced,Moderate,Medium
51.8,24.4,4,10.1,0.31,34.1,40.9,3,6,2.14,Intermediate,Slow,High
70.4,89.0,9,7.6,0.64,36.5,43.8,1,0,2.52,Intermediate,Moderate,Low
78.5,87.1,6,9.5,0.48,52.2,64.3,5,2,3.88,Advanced,Moderate,Medium
48.7,44.1,6,6.4,0.47,63.9,22.4,5,0,2.37,Beginner,Slow,High
71.2,70.4,18,8.6,0.78,41.3,72.5,4,6,3.53,Advanced,Moderate,Medium
65.0,64.0,8,7.2,0.15,38.8,50.5,4,7,2.28,Intermediate,Slow,High
56.1,51.9,7,7.4,0.64,52.6,51.9,3,5,2.45,Beginner,Slow,High
70.8,68.9,4,9.4,0.36,44.3,72.3,5,7,2.61,Advanced,Slow,Medium
35.4,39.5,6,9.3,0.58,61.9,29.7,2,5,1.57,Beginner,Moderate,High
63.9,78.4,9,6.9,0.73,52.1,63.2,1,2,3.41,Advanced,Moderate,Medium
33.2,45.4,4,8.0,0.61,73.6,24.7,3,6,1.93,Beginner,Moderate,High
45.8,33.1,12,10.4,0.37,64.4,38.8,5,0,1.95,Intermediate,Slow,High
44.2,62.3,12,13.3,0.53,44.6,30.2,1,5,1.46,Intermediate,Fast,Medium
38.6,33.8,14,10.0,0.61,42.1,24.6,0,6,2.23,Beginner,Moderate,High
70.6,76.1,11,2.0,0.77,50.4,47.5,4,6,2.48,Advanced,Moderate,Medium
56.7,53.2,6,11.0,0.36,33.3,57.9,3,4,2.54,Intermediate,Moderate,High
87.1,83.0,27,11.2,0.85,45.2,84.1,4,1,2.94,Advanced,Fast,Medium
40.5,48.5,12,17.2,0.89,42.2,35.7,4,6,1.73,Intermediate,Fast,Medium
34.2,25.0,8,15.7,0.91,39.0,46.2,0,2,1.99,Beginner,Fast,High
42.0,45.4,10,10.1,0.49,64.0,42.6,2,7,1.3,Intermediate,Moderate,High
50.8,54.9,3,6.4,0.14,55.4,52.4,0,5,2.85,Intermediate,Slow,High
76.6,88.6,16,11.7,0.95,19.4,53.0,4,2,3.05,Advanced,Fast,Low
48.0,49.4,12,13.0,0.71,46.1,46.7,5,3,1.87,Intermediate,Moderate,Medium
34.2,43.2,7,6.5,0.9,46.5,20.2,0,7,1.39,Beginner,Fast,Medium
60.5,65.6,13,9.5,0.42,46.9,81.4,2,2,3.88,Advanced,Moderate,Medium
58.2,58.8,13,12.3,0.74,53.3,55.5,1,4,2.95,Intermediate,Moderate,Medium
63.5,71.3,16,11.7,0.56,48.4,57.0,5,2,2.87,Intermediate,Moderate,High
68.0,51.6,9,10.5,0.57,13.4,50.9,2,4,2.92,Intermediate,Moderate,Medium
41.6,44.5,6,7.4,0.46,72.0,32.9,5,2,1.39,Beginner,Slow,High
79.8,79.8,15,5.5,0.32,47.0,89.9,4,0,3.52,Advanced,Slow,Medium
58.4,78.5,13,9.0,0.68,44.4,61.0,0,3,2.74,Advanced,Moderate,Medium
83.2,90.3,17,8.7,0.57,31.3,74.0,1,2,3.87,Advanced,Moderate,Low
87.7,84.8,15,7.3,0.55,50.8,64.7,1,3,3.54,Advanced,Moderate,Medium
77.4,89.4,14,8.5,0.79,21.5,67.0,1,2,2.47,Advanced,Fast,Low
53.9,53.7,10,13.0,0.61,59.4,34.9,5,7,1.79,Intermediate,Moderate,High
61.4,76.8,9,7.9,0.77,38.8,79.3,3,4,3.24,Advanced,Fast,Medium
69.6,69.8,11,9.1,0.46,33.0,47.9,1,7,3.38,Intermediate,Moderate,Medium
78.8,81.0,16,6.8,0.71,30.4,69.6,1,3,3.15,Advanced,Moderate,Medium
84.3,87.8,17,11.4,0.68,21.6,54.1,0,3,2.43,Advanced,Fast,Low
66.2,63.6,14,15.5,0.81,29.6,62.8,1,2,2.84,Beginner,Fast,Medium
58.3,66.9,14,17.5,0.64,42.5,41.0,1,1,2.38,Intermediate,Fast,Medium
29.3,24.8,13,3.3,0.5,50.2,64.3,1,8,2.26,Intermediate,Slow,High
41.1,67.7,9,14.0,0.61,66.2,36.8,5,4,2.08,Intermediate,Moderate,Medium
36.4,27.7,6,7.4,0.45,61.5,10.5,4,4,1.18,Beginner,Slow,High
32.8,37.2,9,12.7,0.63,52.7,49.0,0,2,2.57,Intermediate,Moderate,High
38.8,20.4,6,6.7,0.51,41.9,18.7,0,6,2.38,Beginner,Slow,High
34.6,42.3,1,11.5,0.66,70.8,16.4,2,3,1.47,Beginner,Moderate,High
28.4,32.9,3,5.8,0.48,89.1,11.7,1,2,1.03,Beginner,Slow,High
70.0,80.5,17,8.6,0.69,26.0,67.7,4,8,3.83,Advanced,Fast,Medium
49.2,32.8,5,8.2,0.56,38.9,23.5,2,5,1.59,Beginner,Moderate,High
48.4,56.6,8,11.9,0.62,53.2,40.9,5,3,2.27,Intermediate,Fast,Medium
60.1,58.6,10,17.1,0.68,44.1,39.4,5,4,2.23,Intermediate,Fast,Medium
49.5,59.5,11,13.3,0.55,63.1,43.3,5,5,2.05,Intermediate,Fast,Medium
51.3,56.0,13,9.3,0.88,59.9,31.9,2,2,2.01,Intermediate,Moderate,Medium
57.2,59.0,15,10.9,0.61,41.7,72.8,0,4,2.39,Intermediate,Moderate,Medium
62.9,55.5,6,10.8,0.36,47.2,54.8,4,5,2.67,Intermediate,Slow,High
83.9,82.9,18,11.1,0.59,39.9,67.5,0,1,2.96,Advanced,Moderate,Medium
65.3,57.4,7,5.8,0.48,44.4,52.8,2,7,2.55,Intermediate,Slow,High
72.2,74.4,7,7.8,0.11,43.7,79.9,0,8,3.69,Beginner,Slow,Medium
63.1,61.6,11,10.8,0.83,56.0,58.5,4,1,2.91,Intermediate,Moderate,Medium
47.8,66.6,10,9.0,0.72,49.3,31.1,0,2,1.65,Intermediate,Slow,Medium
95.6,91.8,22,11.4,0.43,28.2,99.8,0,3,3.81,Advanced,Moderate,Medium
86.0,86.4,13,6.5,0.56,44.8,48.8,4,4,3.54,Advanced,Slow,Medium
41.1,47.5,3,6.0,0.32,60.2,26.1,4,8,1.09,Beginner,Slow,High
70.3,67.5,16,9.9,0.7,43.0,80.1,1,1,3.28,Advanced,Moderate,Medium
61.5,63.0,8,12.6,0.57,44.6,55.1,5,5,2.87,Intermediate,Moderate,Medium
49.8,56.6,8,7.2,0.56,78.3,26.6,1,3,1.22,Beginner,Slow,High
65.1,65.4,16,11.1,0.7,65.9,57.9,4,4,3.0,Intermediate,Moderate,High
76.7,85.4,15,15.1,0.81,15.7,71.7,5,2,3.67,Advanced,Moderate,High
50.1,50.2,6,9.4,0.5,47.4,54.0,0,0,2.36,Intermediate,Moderate,High
72.9,67.3,8,10.4,0.62,37.5,39.5,0,4,3.47,Intermediate,Fast,Medium
80.6,89.8,2,1.5,0.3,31.4,72.8,4,1,2.51,Advanced,Slow,Medium
54.4,44.7,9,7.8,0.35,51.0,44.0,2,3,2.61,Intermediate,Slow,High
67.4,67.5,10,8.3,0.39,26.9,67.0,4,0,2.88,Advanced,Moderate,Medium
97.1,84.3,9,3.9,0.36,38.7,69.5,0,3,3.54,Advanced,Slow,Medium
50.4,54.7,9,13.7,0.64,60.1,29.8,0,6,2.06,Intermediate,Fast,High
68.7,77.4,10,5.3,0.41,45.3,60.6,0,6,2.89,Advanced,Slow,Medium
49.4,42.1,6,10.2,0.62,63.7,37.3,2,3,1.42,Beginner,Moderate,High
62.7,67.9,10,11.7,0.62,51.3,40.6,0,4,1.75,Intermediate,Fast,Medium
50.4,63.4,15,14.1,0.77,53.6,41.5,3,4,2.25,Intermediate,Fast,Medium
55.5,53.7,8,12.4,0.43,77.7,26.6,3,7,2.45,Intermediate,Slow,High
45.1,57.0,4,9.9,0.8,35.3,56.1,0,5,1.49,Intermediate,Fast,Medium
69.3,68.7,12,12.7,0.47,33.1,40.5,0,5,2.22,Intermediate,Moderate,Medium
61.5,79.6,20,12.7,0.57,50.8,58.8,1,5,2.86,Advanced,Moderate,Medium
61.7,60.3,10,13.9,0.93,50.5,30.9,2,0,2.15,Intermediate,Fast,Medium
87.6,96.4,8,5.9,0.53,39.9,54.4,2,4,2.88,Advanced,Moderate,Low
56.2,71.1,9,8.8,0.48,49.0,22.7,4,8,2.02,Intermediate,Moderate,Medium
44.4,50.3,5,8.1,0.51,60.0,49.9,0,7,2.4,Intermediate,Moderate,High
87.2,97.6,19,13.7,0.6,49.5,63.0,0,0,3.51,Advanced,Moderate,Low
66.3,77.8,15,10.4,0.78,32.6,70.6,1,3,3.29,Advanced,Fast,Medium
71.7,70.4,8,9.5,0.75,48.6,71.8,2,6,2.99,Advanced,Moderate,Medium
68.2,47.7,8,7.4,0.6,55.9,56.2,4,3,2.46,Intermediate,Slow,High
39.3,58.9,4,7.8,0.33,76.4,13.9,2,2,1.65,Beginner,Slow,High
55.9,63.4,11,6.1,0.55,35.4,57.3,3,4,2.92,Intermediate,Moderate,Medium
66.2,75.6,4,9.5,0.72,73.1,27.3,3,0,2.37,Intermediate,Moderate,Medium
43.0,44.8,8,14.2,0.84,59.8,40.5,3,4,2.09,Intermediate,Fast,High
59.2,51.7,4,12.3,0.5,79.3,15.4,2,7,1.58,Beginner,Slow,High
55.3,49.7,3,8.9,0.64,71.5,26.4,0,5,2.41,Intermediate,Moderate,High
34.5,21.4,4,9.9,0.5,83.4,4.2,1,3,1.0,Beginner,Slow,High
38.9,37.1,4,7.0,0.48,60.1,13.9,1,2,1.02,Beginner,Slow,Low
75.0,60.6,9,10.4,0.69,57.8,61.0,4,1,2.41,Intermediate,Moderate,Medium
46.0,48.0,1,7.1,0.45,87.9,0.0,2,5,1.19,Beginner,Moderate,High
63.4,64.8,7,7.2,0.69,44.0,39.9,1,5,2.34,Intermediate,Moderate,Medium
94.6,100.0,8,5.9,0.31,37.8,70.7,4,4,3.73,Advanced,Slow,Medium
45.8,54.2,6,7.8,0.47,26.5,53.8,0,8,2.94,Intermediate,Moderate,Medium
78.5,66.3,9,3.2,0.6,33.3,86.3,3,3,3.72,Advanced,Moderate,Medium
63.6,75.0,15,12.0,0.78,24.2,64.6,5,4,3.34,Advanced,Fast,Medium
43.6,41.3,4,4.3,0.34,64.8,39.1,3,8,1.89,Intermediate,Slow,High
45.8,39.3,7,6.1,0.55,59.2,37.4,1,7,2.56,Intermediate,Slow,High
35.2,48.0,8,11.6,0.73,61.7,22.1,1,6,1.9,Beginner,Slow,High
43.1,37.9,6,3.0,0.37,57.3,36.4,2,0,1.96,Beginner,Slow,High
44.9,53.9,3,5.5,0.56,54.5,35.7,1,2,1.73,Intermediate,Moderate,High
53.3,58.4,17,8.9,0.54,25.9,71.7,2,8,2.84,Advanced,Moderate,Medium
65.2,54.1,8,6.4,0.67,60.7,65.3,0,0,2.82,Intermediate,Moderate,High
34.8,39.2,2,17.2,0.53,61.7,31.0,2,1,1.0,Beginner,Slow,Medium
68.3,76.6,5,5.6,0.49,36.7,70.3,0,6,3.1,Advanced,Moderate,Medium
58.9,53.4,7,8.4,0.57,68.2,9.4,3,6,1.39,Beginner,Slow,High
80.8,88.7,7,7.4,0.21,45.2,57.2,3,0,2.38,Advanced,Slow,Medium
40.9,41.7,9,14.9,0.73,53.9,28.8,1,5,2.21,Beginner,Fast,High
76.6,78.8,6,3.8,0.5,47.7,51.0,1,7,3.04,Intermediate,Slow,Medium
60.4,69.9,11,13.8,0.69,60.3,44.3,1,8,2.99,Intermediate,Moderate,Medium
68.9,50.9,9,10.1,0.47,43.4,68.1,4,0,2.64,Intermediate,Moderate,High
69.1,73.9,13,8.5,0.51,46.4,63.2,4,7,2.74,Intermediate,Moderate,Medium
53.9,64.1,7,11.8,0.68,66.3,48.6,1,2,2.08,Beginner,Moderate,Medium
57.1,68.2,10,4.2,0.63,32.6,54.1,3,4,2.73,Intermediate,Moderate,Medium
46.5,39.2,5,5.6,0.24,55.7,63.0,3,1,2.36,Intermediate,Slow,High
76.1,75.4,9,1.0,0.38,28.0,89.7,2,0,3.49,Advanced,Slow,Medium
65.8,78.3,11,6.7,0.58,51.2,73.9,5,0,2.95,Advanced,Moderate,Medium
99.3,98.8,24,7.4,0.65,55.9,68.3,2,2,3.91,Advanced,Moderate,Low
51.7,50.1,7,9.6,0.54,54.2,39.0,0,4,2.28,Intermediate,Moderate,High
81.4,75.8,16,3.6,0.44,75.3,84.5,4,2,3.81,Advanced,Slow,Medium
53.5,62.8,4,5.5,0.61,59.1,14.2,3,8,1.77,Beginner,Moderate,Medium
46.0,35.9,16,12.2,0.56,70.3,57.9,4,3,2.27,Intermediate,Moderate,High
25.6,19.2,2,2.6,0.09,76.8,25.1,0,2,1.98,Beginner,Slow,High
48.1,56.0,2,7.7,0.55,69.5,33.6,5,5,2.39,Intermediate,Moderate,High
84.1,85.0,6,3.7,0.32,60.9,66.4,5,3,2.23,Advanced,Fast,Medium
81.9,85.7,24,13.1,0.81,28.6,89.9,5,3,3.4,Advanced,Fast,Low
66.6,70.8,10,5.9,0.26,62.5,68.3,0,2,2.86,Advanced,Slow,High
76.4,82.8,7,5.7,0.46,61.6,69.1,5,5,3.13,Advanced,Slow,Medium
79.1,74.5,8,10.0,0.87,34.2,80.3,1,6,3.33,Advanced,Fast,Medium
72.1,84.8,11,13.4,0.6,44.8,76.7,3,1,3.5,Advanced,Moderate,Medium
49.1,43.2,14,12.3,0.55,48.1,51.2,0,8,2.87,Intermediate,Moderate,High
34.9,45.4,7,9.3,0.77,79.9,30.3,4,3,1.67,Beginner,Moderate,High
78.5,74.1,3,1.0,0.25,23.7,82.8,2,7,2.91,Advanced,Slow,Medium
62.0,54.8,15,12.0,0.7,62.0,53.3,3,7,2.77,Intermediate,Moderate,High
75.0,84.7,6,6.1,0.19,18.5,44.7,5,3,2.43,Intermediate,Moderate,Medium
49.4,55.5,8,5.7,0.15,40.1,31.2,0,0,1.52,Intermediate,Slow,High
57.6,65.2,10,9.8,0.71,36.2,64.0,1,3,2.96,Intermediate,Fast,Medium
68.7,67.3,12,9.4,0.71,60.0,53.1,0,5,2.56,Intermediate,Moderate,Medium
78.6,74.1,5,7.4,0.45,18.2,78.7,2,4,4.0,Advanced,Moderate,Medium
69.8,71.2,12,12.0,0.57,82.4,52.7,0,2,2.25,Intermediate,Slow,Medium
59.8,55.7,3,5.7,0.19,64.1,45.2,0,1,2.37,Intermediate,Slow,High
72.4,76.1,6,4.6,0.1,36.0,66.9,5,3,3.24,Advanced,Slow,Medium
66.9,76.6,16,14.1,0.9,70.2,44.2,4,3,2.61,Intermediate,Fast,Medium
85.1,95.2,7,3.2,0.54,48.9,57.4,5,6,3.35,Advanced,Moderate,Low
64.2,61.6,16,7.3,0.57,32.2,56.5,4,4,3.18,Intermediate,Moderate,Medium
59.5,50.6,6,6.3,0.39,32.4,59.5,1,3,3.0,Intermediate,Slow,High
84.1,78.8,2,4.7,0.31,40.9,83.9,2,1,3.36,Advanced,Slow,Medium
43.5,50.7,7,8.2,0.7,65.7,27.0,0,6,1.85,Intermediate,Moderate,High
68.1,80.7,9,12.5,0.82,52.7,50.1,1,1,3.03,Intermediate,Fast,Medium
65.5,55.5,7,4.0,0.38,52.0,44.4,5,0,2.34,Intermediate,Slow,High
43.6,43.8,11,15.0,0.85,51.2,28.4,3,2,2.08,Intermediate,Fast,High
70.7,83.9,8,5.1,0.45,33.2,56.5,4,1,2.9,Advanced,Moderate,Medium
48.5,47.0,3,8.0,0.48,26.6,64.1,5,4,3.44,Intermediate,Moderate,High
47.8,35.0,12,16.8,0.51,65.1,23.1,5,6,2.64,Intermediate,Moderate,High
74.2,71.7,10,9.2,0.48,48.1,43.3,1,2,3.4,Intermediate,Moderate,Medium
67.5,53.1,5,6.1,0.33,14.9,78.2,4,0,2.84,Advanced,Moderate,High
60.4,77.9,8,8.3,0.44,36.9,44.7,0,1,2.79,Intermediate,Moderate,High
95.3,77.5,8,11.5,0.39,37.4,89.1,2,3,3.84,Advanced,Moderate,Medium
74.5,59.8,7,8.6,0.41,47.9,82.6,0,6,3.17,Advanced,Slow,High
70.1,74.3,9,8.2,0.52,48.1,61.6,1,8,2.59,Intermediate,Moderate,High
41.0,57.1,9,6.4,0.64,66.4,28.4,2,8,2.22,Intermediate,Moderate,Medium
45.4,47.2,3,13.3,0.44,77.6,10.8,4,1,1.61,Beginner,Slow,High
30.5,35.4,5,11.4,0.78,68.9,40.4,0,0,2.02,Beginner,Moderate,High
49.0,61.2,6,13.2,0.75,48.0,36.8,2,6,1.74,Intermediate,Fast,Medium
68.3,67.1,28,9.4,1.0,38.0,62.4,3,0,3.75,Advanced,Fast,Medium
66.1,59.9,6,6.9,0.33,26.2,56.0,4,0,2.59,Intermediate,Moderate,High
53.7,56.3,5,4.0,0.3,64.4,49.4,1,0,2.53,Intermediate,Slow,High
59.2,58.3,10,7.8,0.69,55.5,48.4,1,6,3.14,Intermediate,Moderate,Medium
37.1,31.1,5,4.6,0.49,43.7,31.1,1,7,1.35,Beginner,Slow,High
75.1,67.2,3,2.9,0.25,39.2,67.2,4,5,3.33,Advanced,Slow,High
69.4,78.8,8,12.9,0.63,49.9,58.6,1,4,2.9,Advanced,Moderate,Medium
62.6,50.7,7,2.6,0.31,59.3,46.1,5,2,3.08,Beginner,Fast,High
39.4,42.0,11,7.2,0.59,50.2,26.4,5,8,1.59,Beginner,Moderate,High
41.4,48.2,4,3.8,0.28,61.3,20.3,0,4,1.27,Beginner,Slow,High
74.1,79.6,12,10.6,0.45,36.1,60.2,1,4,3.23,Advanced,Moderate,Medium
80.8,82.2,10,12.3,0.75,64.8,45.6,3,8,2.79,Intermediate,Moderate,Medium
66.7,75.4,4,8.2,0.44,41.0,66.9,1,2,2.53,Intermediate,Moderate,Medium
78.7,66.0,26,14.5,0.87,12.2,75.6,0,5,3.07,Advanced,Fast,Medium
61.3,65.0,13,11.3,0.55,68.8,52.7,2,1,2.9,Intermediate,Moderate,Medium
72.6,83.5,16,8.5,0.54,29.4,91.1,2,5,3.6,Advanced,Moderate,High
68.9,67.2,5,6.4,0.33,33.7,67.1,1,1,2.62,Intermediate,Slow,Medium
43.5,52.3,5,6.0,0.45,43.3,46.0,5,0,2.4,Intermediate,Moderate,High
71.1,46.0,8,8.1,0.38,57.9,57.4,0,5,1.69,Intermediate,Slow,High
68.7,70.2,6,6.8,0.42,43.5,66.2,3,2,3.26,Beginner,Moderate,Medium
59.0,52.3,6,13.9,0.81,69.2,58.4,1,4,2.0,Intermediate,Moderate,High
64.4,52.8,4,4.3,0.38,26.6,45.4,2,3,3.08,Intermediate,Slow,High
51.0,60.4,11,15.2,0.74,59.7,36.5,5,0,1.9,Intermediate,Fast,Medium
79.4,75.8,4,6.6,0.11,59.2,53.0,1,6,3.21,Advanced,Slow,High
62.5,57.9,13,7.9,0.35,68.0,42.4,3,0,1.65,Intermediate,Slow,High
46.9,61.3,9,10.5,0.83,52.1,42.9,4,2,2.9,Intermediate,Fast,Medium
72.2,77.6,16,6.6,0.66,34.4,71.1,5,5,2.65,Advanced,Moderate,Medium
82.5,86.4,12,7.2,0.7,59.0,59.3,4,0,2.97,Advanced,Moderate,Medium
68.3,72.2,6,7.1,0.58,34.3,54.5,1,7,3.25,Advanced,Moderate,Medium
50.0,53.4,9,12.9,0.62,55.0,35.9,4,0,1.88,Intermediate,Moderate,High
60.6,59.6,12,11.0,0.74,55.2,51.5,5,6,1.83,Intermediate,Moderate,Medium
63.1,67.8,3,1.7,0.23,48.7,66.7,0,4,2.36,Intermediate,Slow,High
49.4,75.6,6,6.2,0.39,47.7,44.6,0,6,2.77,Intermediate,Moderate,Medium
98.4,95.6,16,7.2,0.28,39.8,69.3,3,0,3.22,Advanced,Slow,Medium
60.5,69.1,12,6.7,0.41,37.1,61.7,5,0,3.05,Advanced,Moderate,Medium
48.2,52.4,6,13.1,0.7,23.4,52.1,2,3,2.04,Intermediate,Fast,Medium
82.4,83.8,9,10.2,0.56,55.5,75.0,5,4,4.0,Advanced,Moderate,Medium
81.5,97.3,15,10.4,0.61,43.2,81.8,2,4,3.04,Advanced,Moderate,Low
63.6,70.0,6,11.7,0.78,71.5,34.2,3,5,2.73,Intermediate,Moderate,Medium
58.7,75.3,11,9.5,0.67,33.8,69.3,0,6,3.21,Advanced,Fast,High
43.5,51.2,7,11.6,0.61,34.1,45.7,3,7,2.65,Intermediate,Moderate,Medium
65.8,62.2,7,9.2,0.44,57.0,41.1,4,3,1.66,Intermediate,Slow,Low
39.9,38.3,4,8.6,0.42,58.3,33.0,4,3,1.96,Beginner,Slow,High
45.6,50.2,6,10.6,0.38,57.5,38.3,4,3,2.15,Intermediate,Slow,High
38.8,40.2,4,3.8,0.47,63.6,22.2,4,1,2.46,Beginner,Slow,High
58.3,56.5,5,7.9,0.6,75.8,43.4,5,0,2.53,Intermediate,Slow,High
56.0,62.2,4,11.2,0.69,38.3,51.6,5,0,2.35,Beginner,Fast,Medium
42.0,33.7,4,13.8,0.34,36.0,45.5,1,2,1.83,Intermediate,Moderate,High
49.6,69.9,9,10.0,0.66,74.7,40.5,0,6,1.57,Intermediate,Moderate,Medium
51.6,47.0,7,8.4,0.57,46.9,49.1,2,5,2.57,Intermediate,Moderate,High
39.2,36.1,2,5.0,0.27,51.7,41.9,3,1,2.14,Intermediate,Slow,High
57.5,51.1,8,11.4,0.68,45.3,59.1,2,3,3.08,Intermediate,Moderate,High
79.8,93.5,22,17.0,0.96,34.0,72.1,2,5,3.05,Advanced,Fast,Low
70.5,77.1,17,8.1,0.77,33.5,56.9,0,3,3.33,Advanced,Fast,Medium
42.2,42.1,5,6.7,0.56,50.4,34.7,1,8,3.12,Intermediate,Moderate,High
77.1,70.8,5,2.4,0.43,41.4,98.4,3,2,4.0,Advanced,Slow,Medium
49.5,49.9,8,6.1,0.5,38.9,78.7,3,2,2.95,Intermediate,Moderate,High
28.3,42.3,8,11.9,0.62,29.4,41.9,3,2,1.8,Intermediate,Moderate,High
98.1,100.0,19,11.1,0.65,10.6,79.4,5,4,3.57,Advanced,Fast,Low
36.3,30.4,7,8.7,0.82,45.0,34.4,0,3,1.65,Beginner,Moderate,High
68.3,77.5,8,10.3,0.61,35.7,40.6,3,8,3.06,Intermediate,Moderate,Medium
62.5,72.1,9,6.8,0.65,81.8,64.7,3,7,3.33,Advanced,Slow,Medium
80.7,73.4,18,14.0,0.72,28.7,86.8,5,5,4.0,Advanced,Fast,Medium
37.0,35.4,3,8.2,0.54,47.5,38.3,4,5,1.02,Beginner,Moderate,High
38.6,31.8,8,12.9,0.74,60.1,31.2,1,1,1.49,Beginner,Moderate,High
29.1,38.7,7,8.6,0.61,60.2,8.3,3,3,1.87,Beginner,Moderate,High
90.6,98.7,9,9.8,0.44,70.7,59.8,2,5,2.68,Advanced,Slow,Medium
88.1,81.6,12,11.0,0.66,35.6,65.1,5,1,3.41,Advanced,Moderate,Medium
75.3,82.7,13,4.8,0.38,35.6,84.6,2,2,2.73,Advanced,Moderate,High
65.8,75.2,20,13.5,0.88,41.6,80.8,2,1,4.0,Advanced,Fast,Medium
78.6,86.8,19,12.8,0.92,52.9,73.4,0,4,3.52,Advanced,Fast,Low
71.1,82.2,9,6.6,0.54,49.8,69.1,1,5,2.91,Advanced,Moderate,Medium
58.3,63.1,11,8.9,0.66,75.2,35.7,1,4,2.16,Intermediate,Moderate,Medium
78.5,100.0,11,8.1,0.58,26.3,71.9,1,5,3.4,Advanced,Fast,Low
69.5,62.5,12,12.8,0.54,45.4,54.9,2,5,2.88,Intermediate,Moderate,Medium
83.0,72.4,17,4.6,0.41,32.9,57.2,3,8,3.0,Advanced,Slow,Medium
89.7,97.2,8,3.5,0.29,30.4,77.7,2,4,3.51,Advanced,Slow,Medium
68.8,74.1,11,7.9,0.45,35.9,45.6,5,2,2.76,Intermediate,Moderate,Medium
45.6,59.3,14,11.5,0.59,38.7,45.9,1,5,1.9,Intermediate,Moderate,Medium
79.5,68.2,8,14.6,0.77,57.5,58.1,1,7,3.19,Advanced,Moderate,Medium
71.1,68.6,11,8.7,0.68,35.0,56.0,2,7,3.27,Advanced,Moderate,Medium
18.9,20.8,3,9.1,0.62,61.5,30.3,1,4,2.08,Beginner,Moderate,High
40.6,44.9,15,12.5,1.0,56.2,54.0,5,5,2.71,Intermediate,Fast,Medium
45.8,42.5,10,12.2,0.56,56.1,34.3,5,4,2.37,Intermediate,Moderate,High
48.9,42.6,15,14.2,0.86,55.6,44.4,2,6,1.88,Intermediate,Fast,High
65.8,75.8,4,2.3,0.12,38.3,57.4,0,8,2.38,Intermediate,Slow,Medium
56.2,59.6,15,13.2,0.84,41.6,67.6,0,8,2.69,Intermediate,Fast,Medium
84.5,83.2,10,6.2,0.59,56.8,76.7,0,7,3.9,Advanced,Fast,Medium
60.0,63.0,7,13.8,0.75,54.8,42.3,2,0,2.11,Intermediate,Fast,Medium
35.5,42.6,3,4.6,0.4,77.0,31.0,4,0,1.14,Beginner,Moderate,High
69.7,71.2,4,4.6,0.37,54.0,75.5,2,3,3.0,Advanced,Slow,Medium
38.6,43.1,4,11.2,0.43,78.1,20.8,1,8,1.39,Beginner,Slow,High
53.8,60.3,6,8.2,0.38,85.0,29.7,0,5,1.76,Intermediate,Slow,High
30.0,32.9,7,9.3,0.59,73.2,39.4,2,6,2.36,Intermediate,Moderate,High
62.7,71.2,12,11.8,0.7,69.3,42.9,5,1,2.24,Intermediate,Moderate,Medium
86.8,98.0,13,6.5,0.33,20.0,74.8,3,5,3.66,Advanced,Moderate,Low
42.7,31.9,10,12.6,0.94,71.2,34.6,1,3,1.35,Intermediate,Moderate,High
73.3,64.8,6,7.1,0.6,49.6,74.3,5,6,3.2,Advanced,Moderate,Medium
76.0,73.1,4,2.7,0.48,53.6,60.5,1,6,2.83,Intermediate,Slow,Medium
54.7,55.2,19,13.1,0.99,35.4,57.8,1,6,2.92,Intermediate,Fast,Medium
39.7,35.0,4,1.7,0.29,51.3,28.7,2,8,1.27,Beginner,Slow,High
51.6,60.3,17,7.2,0.42,54.3,45.9,2,0,2.97,Intermediate,Slow,High
57.6,63.5,8,12.9,0.95,30.8,24.2,3,4,1.69,Intermediate,Fast,Medium
52.8,72.9,6,12.9,0.83,61.3,42.8,1,5,2.41,Intermediate,Fast,Medium
58.6,75.4,9,5.8,0.41,47.4,63.7,2,7,2.9,Advanced,Moderate,Medium
61.9,50.3,1,6.0,0.44,42.2,59.0,4,6,2.22,Intermediate,Slow,High
62.0,66.1,7,10.6,0.47,38.8,54.2,2,3,2.99,Intermediate,Moderate,Medium
51.9,64.0,13,14.4,1.0,44.5,46.6,1,2,1.84,Intermediate,Fast,Medium
45.0,32.8,6,9.6,0.65,70.4,31.9,4,1,1.17,Beginner,Moderate,High
76.6,87.7,5,6.5,0.2,34.0,43.2,5,6,2.49,Intermediate,Slow,High
86.6,100.0,17,10.0,0.76,47.4,55.2,1,0,3.82,Advanced,Fast,Low
65.6,78.2,20,11.7,0.93,64.2,65.9,1,8,2.83,Advanced,Fast,Medium
34.8,22.4,4,8.7,0.59,59.1,27.9,2,6,1.61,Beginner,Moderate,High
71.4,69.0,15,15.3,0.86,51.4,58.2,5,6,2.95,Advanced,Fast,Medium
38.9,26.9,3,4.6,0.24,49.3,3.8,0,3,1.0,Beginner,Slow,High
71.7,56.6,5,10.5,0.35,45.0,58.2,5,4,2.48,Intermediate,Slow,High
69.5,60.1,4,10.8,0.58,72.5,24.4,0,0,1.92,Intermediate,Slow,High
38.8,38.1,8,9.5,0.57,70.2,15.9,0,8,2.06,Beginner,Moderate,Medium
48.4,71.9,7,14.0,0.57,57.2,43.5,1,7,1.98,Intermediate,Moderate,Medium
80.0,86.3,20,14.3,1.0,46.3,79.9,0,7,3.89,Advanced,Fast,Low
76.1,90.5,9,0.5,0.36,77.1,42.4,4,3,1.94,Intermediate,Slow,Medium
29.2,29.7,8,8.5,0.6,22.9,42.0,4,2,2.3,Intermediate,Slow,High
66.0,64.0,13,7.3,0.7,56.2,47.5,0,5,2.14,Advanced,Moderate,Medium
50.4,47.7,5,8.7,0.43,60.6,48.3,3,6,2.17,Intermediate,Slow,High
50.8,48.3,6,9.6,0.63,49.4,41.1,0,0,2.25,Intermediate,Moderate,High
52.7,45.8,9,13.3,0.54,66.3,42.9,5,1,2.32,Intermediate,Moderate,High
68.4,79.6,13,6.3,0.72,38.8,52.5,4,1,2.71,Intermediate,Moderate,Medium
44.5,49.6,5,12.4,0.63,52.7,36.7,0,6,2.15,Intermediate,Moderate,High
51.5,67.4,9,9.4,0.69,64.6,63.9,2,2,3.07,Intermediate,Fast,Medium
60.9,64.0,6,7.3,0.52,58.1,47.4,5,2,2.56,Intermediate,Moderate,Medium
58.5,49.8,4,6.0,0.37,39.1,12.2,2,1,2.1,Beginner,Slow,High
28.1,29.5,0,11.6,0.82,70.2,16.8,5,6,1.68,Beginner,Fast,High
71.4,83.6,11,10.5,0.58,45.8,64.0,2,3,3.6,Advanced,Moderate,Medium
69.5,66.1,8,6.1,0.65,30.2,54.8,5,8,2.94,Intermediate,Moderate,Medium
48.2,57.9,14,18.5,0.92,57.5,30.4,5,7,2.07,Intermediate,Fast,Medium
70.7,70.9,11,14.6,0.58,71.7,48.7,5,8,2.37,Intermediate,Moderate,Medium
45.9,34.4,4,3.3,0.29,55.9,30.3,3,0,1.55,Intermediate,Slow,High
60.5,76.5,6,10.1,0.72,62.8,20.4,2,7,2.01,Advanced,Moderate,Medium
45.9,55.3,3,9.5,0.58,45.2,21.8,0,8,1.19,Beginner,Moderate,Medium
54.1,51.9,7,13.2,0.72,49.3,59.5,1,6,3.28,Intermediate,Moderate,Medium
48.8,38.8,12,10.2,0.78,45.7,38.8,1,5,2.65,Intermediate,Moderate,High
72.6,76.9,27,13.0,0.88,55.2,59.0,5,4,3.45,Advanced,Fast,Medium
50.7,47.9,7,2.7,0.57,73.9,33.3,2,7,1.98,Intermediate,Slow,High
70.0,65.5,2,9.0,0.14,64.7,28.5,2,8,2.18,Intermediate,Slow,High
63.2,61.9,8,7.2,0.46,31.5,57.4,3,4,3.04,Intermediate,Slow,Medium
83.0,87.9,10,8.1,0.45,46.3,71.8,5,8,3.61,Advanced,Moderate,Medium
48.3,52.0,9,9.8,0.59,54.5,1.5,4,1,1.59,Beginner,Moderate,High
72.9,74.5,1,8.6,0.28,33.4,62.1,3,6,3.7,Advanced,Slow,Medium
79.3,60.6,15,14.1,0.69,46.0,46.8,0,1,2.56,Intermediate,Moderate,Medium
32.9,11.4,4,0.5,0.15,56.4,12.9,4,5,1.43,Beginner,Slow,High
62.1,62.8,7,5.3,0.47,58.5,45.7,0,5,2.87,Intermediate,Slow,High
61.5,79.4,16,10.8,0.67,31.1,69.9,0,2,3.99,Advanced,Fast,Medium
55.9,45.7,13,13.0,0.7,49.2,38.8,2,5,1.39,Intermediate,Moderate,High
54.0,60.3,11,10.9,0.54,36.0,40.3,1,7,2.41,Intermediate,Moderate,Medium
43.0,34.7,3,15.2,0.93,40.7,29.2,1,0,1.77,Beginner,Fast,High
61.2,67.7,15,11.4,0.71,52.4,58.4,0,7,2.37,Intermediate,Moderate,Medium
59.4,65.2,6,8.1,0.79,56.7,33.5,5,0,1.77,Intermediate,Moderate,High
66.2,63.3,14,7.9,0.55,47.6,47.8,2,3,2.9,Intermediate,Moderate,Medium
75.3,89.5,15,15.0,0.77,48.9,71.7,4,5,3.49,Advanced,Fast,Low
55.2,65.4,10,5.9,0.66,60.1,29.0,2,2,2.02,Intermediate,Moderate,Medium
53.6,61.2,5,13.3,0.26,54.1,34.5,5,0,1.96,Intermediate,Slow,High
48.4,62.7,5,9.0,0.62,42.0,31.7,3,3,2.41,Intermediate,Moderate,Medium
46.0,48.7,4,7.2,0.5,72.9,16.5,2,5,1.35,Beginner,Slow,High
47.1,35.2,9,15.0,0.61,46.9,29.1,1,6,2.15,Beginner,Moderate,High
57.3,51.7,1,4.3,0.62,16.8,52.1,4,5,2.77,Intermediate,Moderate,Medium
37.6,45.6,5,8.8,0.47,60.7,45.8,2,1,1.85,Intermediate,Moderate,High
40.7,41.6,4,9.6,0.8,37.9,31.1,2,4,1.65,Beginner,Fast,High
68.2,67.0,8,10.6,0.75,49.5,50.0,5,2,1.66,Intermediate,Moderate,Medium
61.8,51.7,7,9.5,0.44,58.7,77.5,3,6,2.82,Intermediate,Slow,High
59.5,59.1,5,5.6,0.47,63.0,29.8,1,0,1.39,Intermediate,Slow,High
65.4,50.6,5,6.0,0.59,59.7,36.8,4,1,1.63,Intermediate,Slow,High
87.4,77.6,15,10.3,0.75,40.7,95.6,5,6,3.92,Advanced,Moderate,Medium
35.0,48.9,6,12.6,0.6,66.2,24.5,1,5,1.1,Beginner,Moderate,High
74.9,79.7,22,13.0,0.71,24.8,92.1,4,8,3.68,Advanced,Fast,Medium
64.2,68.2,11,8.9,0.89,27.2,86.1,2,0,3.63,Advanced,Fast,Medium
52.7,60.0,3,6.6,0.4,48.4,28.3,2,6,1.9,Intermediate,Slow,High
64.3,56.6,6,11.2,0.64,56.0,42.6,0,7,2.86,Beginner,Moderate,High
78.8,92.5,17,9.6,0.55,46.1,78.3,5,2,3.47,Advanced,Moderate,Low
75.1,75.0,9,5.2,0.48,37.7,51.0,2,8,2.59,Intermediate,Moderate,Medium
49.2,38.7,2,3.7,0.46,38.9,49.2,4,5,3.3,Intermediate,Slow,High
53.4,71.6,22,15.5,0.75,47.1,54.1,3,1,3.07,Intermediate,Fast,Medium
68.2,81.0,14,8.0,0.65,64.6,37.7,5,8,2.07,Intermediate,Moderate,Medium
74.0,84.9,5,8.3,0.69,28.2,80.9,1,2,3.85,Advanced,Fast,Low
22.7,18.7,5,7.3,0.74,59.4,30.1,1,0,1.51,Beginner,Moderate,High
57.1,67.3,9,9.7,0.49,44.5,30.0,2,0,1.57,Intermediate,Moderate,Medium
40.9,53.4,7,10.4,0.49,57.9,36.7,5,4,1.44,Intermediate,Moderate,High
86.5,87.2,16,9.6,0.74,24.5,75.9,1,6,3.15,Advanced,Fast,Low
88.3,93.5,22,12.7,0.57,46.8,89.8,4,5,3.16,Advanced,Moderate,Low
43.5,35.1,9,9.2,0.67,22.1,24.0,0,5,2.36,Beginner,Moderate,High
74.7,79.6,15,4.6,0.64,56.8,50.9,1,0,3.05,Advanced,Moderate,Medium
85.1,79.1,18,11.1,0.73,35.5,87.3,5,3,3.28,Beginner,Moderate,Medium
48.4,58.6,5,14.3,0.92,68.6,18.1,5,0,1.27,Beginner,Fast,Medium
57.3,47.8,4,6.1,0.28,69.7,69.8,5,1,3.23,Intermediate,Slow,High
81.2,76.5,23,12.8,0.68,38.3,83.4,3,6,3.35,Advanced,Moderate,Medium
44.6,43.4,2,10.1,0.78,65.0,26.9,4,4,2.45,Beginner,Moderate,Medium
66.0,64.6,9,7.4,0.34,44.8,62.2,2,6,2.81,Intermediate,Slow,Medium
51.3,60.7,15,15.4,0.56,42.3,55.2,1,1,3.15,Intermediate,Moderate,Medium
63.9,62.3,6,10.0,0.52,43.0,64.4,3,8,3.28,Advanced,Moderate,Medium
55.7,56.5,10,9.4,0.64,58.0,32.9,3,6,2.26,Intermediate,Moderate,Medium
42.3,45.1,8,2.9,0.38,52.1,11.7,4,0,1.74,Beginner,Slow,High
81.4,83.0,12,6.0,0.5,27.8,98.5,2,7,3.22,Advanced,Moderate,Medium
34.3,36.9,4,8.3,0.83,49.1,23.7,5,8,1.48,Beginner,Moderate,High
55.8,54.4,16,13.8,0.63,30.4,44.9,3,8,2.65,Intermediate,Fast,Medium
46.8,66.5,7,12.1,0.73,55.5,41.7,2,2,2.08,Intermediate,Fast,Medium
63.2,64.7,11,11.0,0.78,51.4,46.5,3,0,2.82,Intermediate,Moderate,Medium
70.1,80.9,8,3.6,0.27,53.8,59.7,4,0,3.38,Advanced,Slow,Medium
63.3,76.7,11,8.3,0.47,50.9,46.5,4,7,2.57,Intermediate,Moderate,Medium
74.1,78.5,13,9.2,0.62,39.7,57.6,2,2,3.49,Advanced,Moderate,Medium
88.8,100.0,13,7.3,0.8,22.5,55.7,0,3,2.72,Advanced,Fast,Low
48.0,42.9,4,5.3,0.16,42.4,50.8,5,8,2.97,Intermediate,Slow,High
47.8,73.4,3,7.0,0.35,74.6,43.3,0,1,1.94,Intermediate,Slow,Medium
45.4,38.4,4,5.0,0.36,50.6,41.7,1,4,2.64,Advanced,Slow,High
65.4,72.2,17,9.7,0.59,43.9,74.5,3,3,3.11,Advanced,Moderate,Medium
41.7,36.5,2,2.4,0.29,45.7,25.3,4,1,1.34,Beginner,Slow,High
71.3,80.2,7,2.9,0.63,45.6,78.7,2,3,3.48,Advanced,Moderate,Medium
39.3,44.3,7,15.7,0.76,65.9,33.7,3,8,2.13,Intermediate,Moderate,High
59.2,63.2,18,13.0,0.41,45.9,51.7,5,3,3.09,Intermediate,Moderate,Medium
27.3,27.4,4,6.9,0.57,96.0,28.4,5,0,1.0,Beginner,Slow,High
62.9,68.1,23,19.1,0.8,63.0,28.5,4,2,2.56,Intermediate,Fast,Medium
76.3,81.3,19,9.9,0.78,34.9,56.2,1,1,3.79,Advanced,Fast,Low
36.8,16.7,5,7.0,0.45,80.3,5.9,2,2,1.01,Intermediate,Slow,High
83.4,89.3,15,9.7,0.72,36.7,76.6,4,6,3.52,Advanced,Fast,Low
70.4,64.1,19,13.4,0.99,51.1,65.0,5,5,2.76,Advanced,Fast,High
75.0,70.0,6,12.7,0.73,47.8,49.3,3,8,2.19,Intermediate,Moderate,Medium
65.5,85.2,17,11.1,0.81,44.9,61.0,1,4,2.52,Advanced,Fast,Low
48.5,48.3,12,7.4,0.66,40.8,55.0,1,7,1.28,Intermediate,Moderate,High
30.7,34.4,4,7.7,0.64,61.1,25.2,5,7,1.27,Beginner,Moderate,High
67.4,62.8,12,9.3,0.38,38.3,53.1,5,3,2.17,Intermediate,Moderate,Medium
51.9,56.2,6,5.9,0.33,44.1,37.0,5,0,1.74,Intermediate,Slow,High
66.2,55.2,17,9.2,0.63,44.6,53.9,1,6,1.92,Intermediate,Moderate,High
43.9,42.0,7,9.2,0.63,68.2,44.0,4,4,2.05,Intermediate,Moderate,High
56.9,68.5,14,6.4,0.45,57.9,49.4,2,8,2.81,Intermediate,Slow,Medium
75.7,79.6,19,16.6,0.83,36.1,82.8,5,0,3.38,Advanced,Fast,Low
68.2,68.1,22,8.2,0.59,34.4,65.9,2,8,3.29,Advanced,Moderate,Medium
62.0,74.7,5,11.0,0.73,39.7,41.6,3,0,1.61,Intermediate,Fast,Medium
68.5,66.4,9,4.7,0.28,24.3,77.7,4,5,3.85,Advanced,Slow,Medium
51.1,57.4,4,4.6,0.47,63.6,34.4,0,5,2.18,Intermediate,Slow,High
56.7,64.3,3,0.5,0.29,47.4,29.0,1,6,1.67,Intermediate,Slow,High
47.5,46.2,5,8.6,0.45,76.4,19.7,2,5,1.0,Beginner,Slow,High
91.6,90.8,8,4.3,0.03,52.4,45.3,1,0,2.68,Advanced,Slow,Medium
68.3,65.1,14,12.8,0.99,35.5,42.8,4,2,2.11,Intermediate,Fast,High
43.2,54.5,2,8.4,0.32,58.4,35.3,4,3,1.61,Intermediate,Slow,High
94.1,89.4,13,6.1,0.46,25.6,95.8,5,0,3.75,Advanced,Moderate,Medium
74.7,67.2,12,4.4,0.48,28.5,72.0,4,6,2.26,Advanced,Moderate,Medium
86.6,89.9,14,8.1,0.75,29.4,70.2,5,1,2.86,Intermediate,Fast,Low
65.0,57.4,10,13.6,0.87,51.7,34.3,3,0,2.63,Intermediate,Fast,Medium
97.4,93.3,2,4.7,0.26,41.6,100.0,3,7,4.0,Advanced,Slow,Medium
63.2,68.3,2,3.3,0.43,43.8,35.3,1,0,2.6,Intermediate,Slow,Medium
65.2,59.3,2,6.3,0.45,78.6,57.6,5,2,2.81,Intermediate,Slow,High
55.9,52.2,6,8.3,0.74,32.0,53.3,2,7,1.68,Intermediate,Moderate,Medium
54.5,61.4,12,10.1,0.33,43.6,53.6,1,2,1.66,Intermediate,Moderate,High
59.2,65.5,5,12.2,0.78,72.2,39.8,0,4,1.51,Intermediate,Moderate,Medium
58.4,60.7,11,10.7,0.71,55.2,69.8,5,8,2.44,Intermediate,Moderate,Medium
58.2,58.6,13,12.3,0.73,59.3,61.7,1,5,2.08,Intermediate,Moderate,Medium
75.4,83.8,15,17.8,0.65,41.5,61.6,5,1,2.84,Advanced,Fast,Medium
74.4,68.2,8,8.2,0.49,46.4,60.0,5,5,2.67,Intermediate,Moderate,Medium
41.6,31.6,6,5.5,0.48,52.1,43.9,3,8,1.5,Beginner,Slow,High
50.2,69.7,7,7.0,0.35,48.0,47.8,0,1,2.38,Intermediate,Moderate,Medium
56.6,56.3,10,8.0,0.55,35.6,51.7,1,7,2.52,Intermediate,Moderate,Medium
38.7,46.6,6,14.7,0.94,63.9,16.3,5,4,1.0,Beginner,Fast,Medium
52.5,47.2,14,10.9,0.63,40.6,53.2,5,8,2.53,Intermediate,Moderate,High
73.8,85.2,9,7.3,0.53,64.8,61.3,1,0,3.09,Advanced,Moderate,Medium
42.1,61.3,7,14.7,0.72,76.3,23.8,1,3,1.46,Beginner,Moderate,Medium
47.6,41.9,6,6.7,0.58,59.5,35.3,3,0,2.1,Intermediate,Slow,High
91.9,94.0,11,5.8,0.46,33.2,79.3,3,6,3.42,Advanced,Fast,Medium
86.4,83.8,8,0.5,0.04,52.7,75.6,1,2,3.79,Advanced,Slow,Medium
84.7,57.9,21,7.9,0.68,34.1,75.7,3,3,3.52,Advanced,Moderate,Medium
54.6,57.0,11,9.1,0.64,33.2,53.2,0,6,3.05,Intermediate,Moderate,Medium
50.6,56.6,4,3.5,0.53,81.2,16.5,5,0,1.3,Beginner,Slow,High
69.6,77.3,12,7.6,0.7,32.5,64.8,1,2,2.73,Advanced,Moderate,Medium
69.0,79.6,19,16.0,0.88,51.2,84.9,3,8,2.78,Advanced,Fast,Medium
70.6,77.6,3,10.4,0.29,49.9,75.2,3,8,2.23,Advanced,Slow,Medium
87.9,100.0,5,8.1,0.21,23.0,72.6,3,5,3.54,Advanced,Moderate,Low
48.9,53.5,9,5.5,0.41,58.8,42.7,3,1,2.1,Intermediate,Slow,High
58.3,52.7,9,5.6,0.52,27.5,36.7,2,5,2.11,Intermediate,Moderate,Medium
48.9,42.7,7,7.6,0.52,61.4,34.7,4,0,1.99,Intermediate,Slow,High
46.8,64.3,13,6.2,0.63,46.3,47.1,0,0,2.24,Intermediate,Moderate,Medium
64.5,53.8,12,9.4,0.96,51.3,50.4,5,3,2.56,Intermediate,Fast,Medium
64.7,68.9,8,6.0,0.56,57.9,33.6,1,1,1.56,Intermediate,Moderate,Medium
66.8,75.6,9,10.6,0.51,62.0,51.4,4,2,2.47,Intermediate,Moderate,Medium
58.2,58.4,6,5.4,0.41,43.9,62.9,4,8,3.19,Intermediate,Slow,High
78.1,72.9,8,7.9,0.41,51.5,73.6,2,4,3.24,Advanced,Slow,Medium
59.5,52.9,4,0.5,0.4,60.1,42.6,5,3,1.65,Intermediate,Slow,High
49.4,61.7,6,8.4,0.57,49.4,50.9,2,4,2.01,Intermediate,Slow,Medium
65.5,65.7,14,5.9,0.41,17.5,71.5,5,3,3.94,Advanced,Moderate,Medium
58.4,43.3,10,13.7,0.94,53.7,56.5,2,8,2.29,Intermediate,Fast,High
57.5,47.4,9,5.1,0.6,33.6,56.2,3,6,3.1,Intermediate,Moderate,High
49.7,63.0,5,15.0,0.89,52.0,39.7,2,0,2.41,Intermediate,Fast,Medium
73.9,71.3,16,13.4,0.64,31.0,63.5,5,0,3.99,Advanced,Fast,Medium
52.3,63.5,7,3.5,0.38,52.7,30.8,3,4,2.2,Intermediate,Fast,Medium
43.6,43.0,3,9.7,0.46,54.7,28.8,2,0,1.43,Beginner,Moderate,High
41.9,56.4,5,12.4,0.77,71.2,16.2,5,5,2.25,Beginner,Moderate,Medium
53.6,45.4,10,12.6,0.76,63.1,31.7,5,2,2.12,Intermediate,Moderate,High
61.4,36.0,12,1.5,0.44,37.4,51.2,4,5,2.78,Advanced,Slow,High
70.4,66.8,21,7.3,0.67,50.4,42.1,2,7,3.08,Intermediate,Moderate,Medium
49.1,37.8,2,6.3,0.25,48.6,40.4,2,1,2.63,Intermediate,Slow,High
36.8,38.2,11,8.7,0.75,56.1,27.8,3,3,2.56,Intermediate,Moderate,High
77.0,63.4,13,5.3,0.62,59.6,87.0,1,7,4.0,Advanced,Slow,Low
59.1,59.4,7,10.4,0.53,50.9,34.8,5,7,2.41,Intermediate,Moderate,Medium
68.4,62.9,14,11.3,0.53,58.8,57.6,3,7,3.09,Intermediate,Moderate,Medium
64.9,62.1,13,7.2,0.51,39.5,73.5,1,5,2.71,Advanced,Moderate,Medium
52.7,55.4,14,12.4,0.69,40.6,34.7,3,1,2.63,Intermediate,Fast,Medium
16.2,16.3,8,17.7,0.62,60.9,24.0,1,0,1.53,Beginner,Moderate,High
59.2,59.0,8,5.5,0.31,64.9,65.9,5,3,2.52,Intermediate,Slow,High
64.2,59.0,10,6.1,0.52,53.5,47.6,3,1,2.74,Intermediate,Slow,High
61.9,66.2,14,11.7,0.6,63.0,27.9,3,3,2.35,Intermediate,Moderate,Medium
53.7,75.5,6,7.3,0.36,49.7,33.0,1,4,1.94,Intermediate,Moderate,Medium
69.5,73.9,9,2.4,0.5,37.6,39.1,4,4,2.34,Intermediate,Moderate,Medium
22.3,22.3,5,8.0,0.43,68.5,19.3,3,5,1.0,Beginner,Slow,High
66.0,81.2,12,11.5,0.87,36.0,58.4,1,7,2.27,Intermediate,Fast,Low
51.3,54.0,12,13.3,0.72,71.5,24.8,1,7,1.91,Intermediate,Moderate,High
44.4,52.3,11,17.1,0.76,72.4,28.0,2,8,1.97,Intermediate,Moderate,High
52.4,57.5,15,9.5,0.43,39.8,65.6,0,0,2.06,Intermediate,Moderate,Medium
37.8,63.0,6,10.0,0.56,67.3,3.0,5,7,1.0,Beginner,Moderate,Medium
55.1,42.3,7,4.7,0.36,49.0,50.9,5,3,2.35,Intermediate,Slow,High
48.2,62.3,6,10.8,1.0,44.7,42.0,5,5,2.11,Intermediate,Fast,Medium
76.9,91.7,5,5.4,0.26,58.9,74.3,2,7,3.4,Advanced,Slow,Medium
73.4,74.4,23,15.4,0.73,40.2,75.7,2,5,3.29,Beginner,Fast,Medium
77.2,81.1,12,12.1,0.76,8.0,68.5,5,8,2.83,Advanced,Fast,Low
56.4,62.5,7,7.9,0.87,51.3,50.6,3,3,2.62,Intermediate,Fast,Medium
60.3,69.0,7,11.9,0.89,45.7,48.7,4,2,2.5,Intermediate,Slow,Medium
62.5,80.7,11,12.6,0.82,57.5,44.4,0,7,1.96,Intermediate,Fast,Medium
82.2,93.3,10,10.0,0.51,45.2,96.2,2,5,3.13,Advanced,Moderate,Low
67.8,70.8,16,11.2,0.56,61.7,81.9,4,5,3.54,Advanced,Moderate,Medium
65.5,65.9,11,9.4,0.62,47.9,51.6,5,2,2.38,Intermediate,Moderate,Medium
73.1,73.0,13,12.7,0.62,44.5,82.9,5,4,3.5,Intermediate,Moderate,Medium
55.1,50.5,7,6.6,0.35,39.5,55.3,2,7,2.84,Intermediate,Slow,High
22.3,28.4,3,5.3,0.49,70.5,21.5,2,0,1.0,Beginner,Slow,High
91.6,94.0,7,7.9,0.38,21.7,85.8,1,3,4.0,Advanced,Moderate,Low
68.7,51.8,12,10.3,0.67,52.4,37.8,4,2,2.72,Intermediate,Moderate,High
65.0,44.7,11,11.8,0.49,42.4,53.6,5,5,3.03,Intermediate,Slow,High
45.8,46.8,4,10.6,0.54,54.1,28.8,0,4,2.31,Intermediate,Moderate,High
39.2,43.2,3,7.0,0.33,66.1,30.8,4,7,1.33,Beginner,Slow,High
82.0,87.8,17,7.2,0.52,27.1,74.7,0,0,3.94,Beginner,Moderate,Medium
73.8,70.4,12,0.5,0.5,41.2,70.9,4,6,3.78,Advanced,Slow,Medium
93.0,95.7,10,6.4,0.42,24.9,86.1,2,3,3.55,Advanced,Moderate,Low
62.6,47.8,8,6.3,0.47,59.9,33.2,5,6,2.51,Intermediate,Slow,High
71.9,90.0,12,9.9,0.69,55.3,42.1,0,6,1.85,Intermediate,Moderate,Low
70.9,77.3,10,16.1,0.79,50.5,38.9,3,6,2.33,Intermediate,Fast,Medium
80.5,95.6,5,1.9,0.53,50.1,61.3,2,7,3.22,Advanced,Moderate,Low
52.0,59.4,3,5.4,0.51,68.1,13.3,4,3,1.64,Beginner,Slow,High
57.0,75.6,11,14.0,0.74,51.4,45.2,4,4,2.09,Intermediate,Fast,Medium
45.7,52.7,4,7.3,0.52,53.3,24.9,2,8,1.72,Beginner,Moderate,Low
100.0,100.0,7,8.5,0.19,34.1,79.4,3,8,2.58,Advanced,Slow,Medium
77.6,100.0,12,2.4,0.43,39.6,64.8,3,2,3.1,Advanced,Moderate,Low
64.1,71.7,14,11.7,0.86,40.6,65.6,1,8,2.08,Intermediate,Fast,Medium
61.2,89.3,10,12.4,0.57,53.9,56.2,0,7,2.41,Intermediate,Moderate,Low
60.5,77.5,18,10.7,0.75,53.4,40.3,0,3,2.31,Intermediate,Fast,Medium
64.4,64.1,8,8.4,0.64,47.8,33.9,2,2,1.33,Intermediate,Moderate,Medium
75.7,71.6,20,5.7,0.43,40.3,75.9,1,1,3.2,Advanced,Slow,Medium
43.8,55.5,7,9.8,0.68,72.7,51.8,5,2,2.21,Intermediate,Moderate,Medium
100.0,100.0,12,7.7,0.59,47.3,69.6,4,4,3.89,Advanced,Moderate,Low
56.9,65.8,10,9.3,0.41,43.9,56.1,3,7,1.96,Intermediate,Fast,Medium
61.1,51.6,7,6.5,0.53,60.4,43.9,2,1,2.52,Intermediate,Slow,High
68.2,73.1,11,8.9,0.6,50.1,64.7,2,1,2.94,Advanced,Moderate,Medium
48.0,46.0,14,14.6,0.7,29.6,52.6,3,1,1.82,Intermediate,Fast,High
73.0,66.9,4,7.7,0.43,50.4,76.8,2,4,3.31,Advanced,Slow,Medium
56.6,53.8,6,11.2,0.61,77.5,25.7,5,3,2.22,Intermediate,Moderate,High
73.7,68.4,9,9.9,0.74,41.9,69.7,0,7,3.59,Advanced,Moderate,Medium
69.5,70.6,26,10.2,0.56,27.7,50.0,3,2,2.54,Intermediate,Moderate,Medium
76.7,62.5,16,11.6,0.8,44.3,52.6,3,0,2.39,Intermediate,Moderate,Medium
76.7,80.8,7,6.2,0.32,47.8,57.5,0,4,2.74,Advanced,Slow,Medium
69.9,79.8,7,6.4,0.34,46.0,61.9,5,7,3.34,Advanced,Slow,Medium
89.1,65.9,7,4.9,0.52,37.0,85.4,4,1,3.37,Advanced,Slow,Medium
49.6,60.0,3,9.4,0.42,74.3,12.8,4,4,1.71,Beginner,Slow,High
76.1,85.2,8,5.4,0.78,70.7,41.7,5,3,2.4,Intermediate,Moderate,Medium
66.6,78.9,5,10.1,0.47,53.7,58.5,1,0,3.11,Advanced,Moderate,Medium
92.0,100.0,13,12.4,0.68,42.0,75.7,2,4,3.45,Advanced,Fast,Low
79.4,94.7,21,12.8,0.73,43.1,63.4,4,1,2.65,Advanced,Fast,Low
42.4,49.2,3,0.8,0.25,42.5,41.7,4,4,2.43,Intermediate,Slow,High
70.0,76.0,8,2.3,0.44,67.2,68.5,5,1,3.62,Beginner,Slow,Medium
55.6,75.8,11,10.1,0.72,63.0,71.0,5,7,2.94,Advanced,Moderate,Medium
51.7,34.7,4,4.7,0.43,83.2,44.6,2,0,1.72,Intermediate,Slow,High
67.3,68.4,9,10.7,0.8,35.2,54.0,1,7,2.92,Intermediate,Fast,Medium
65.0,82.0,11,6.4,0.8,40.4,70.3,1,5,2.63,Advanced,Fast,Low
32.0,40.9,11,12.2,0.71,44.6,52.5,4,4,2.25,Intermediate,Fast,High
56.8,65.9,3,7.0,0.56,42.6,33.6,2,0,2.72,Intermediate,Moderate,Medium
60.6,55.2,11,6.3,0.66,59.8,32.7,5,7,2.11,Intermediate,Moderate,High
54.0,61.0,11,12.4,0.94,72.9,35.5,4,1,1.95,Intermediate,Fast,Medium
34.1,31.9,3,7.5,0.46,52.5,48.3,0,8,2.06,Intermediate,Slow,High
60.4,45.4,14,16.5,0.84,45.1,74.3,0,7,3.52,Advanced,Fast,High
71.1,80.3,4,3.6,0.34,43.8,66.1,4,2,3.21,Advanced,Slow,Medium
29.5,31.8,7,14.6,0.76,71.5,8.8,4,2,1.02,Beginner,Moderate,High
49.4,52.4,10,9.6,0.66,50.2,51.8,3,4,3.06,Intermediate,Moderate,Medium
66.8,65.8,17,9.6,0.68,58.9,22.2,1,1,2.24,Intermediate,Moderate,Medium
55.9,47.8,4,9.1,0.33,47.6,48.5,5,6,2.88,Intermediate,Slow,High
78.5,83.1,14,13.3,0.67,27.3,90.1,3,7,2.96,Advanced,Fast,High
41.2,41.7,5,8.9,0.81,78.3,42.7,3,4,1.33,Beginner,Moderate,High
78.4,78.7,10,14.7,0.67,50.4,60.7,1,1,3.08,Advanced,Moderate,Medium
40.1,49.5,4,13.2,0.93,63.4,16.0,4,8,1.14,Beginner,Fast,Medium
62.2,55.0,9,9.2,0.4,31.2,64.3,3,1,2.64,Intermediate,Moderate,High
72.2,86.1,6,5.2,0.73,44.6,86.0,3,4,3.35,Advanced,Moderate,High
84.4,81.2,11,7.0,0.57,26.1,83.9,1,2,4.0,Advanced,Moderate,Medium
57.4,65.1,7,8.8,0.67,65.3,49.6,5,3,2.59,Intermediate,Moderate,Medium
70.4,72.2,17,16.8,0.63,64.7,46.1,5,4,3.2,Intermediate,Moderate,Medium
59.0,65.2,3,2.6,0.42,50.7,53.5,1,7,1.95,Intermediate,Slow,Medium
78.1,70.9,18,11.3,0.81,26.5,76.6,4,2,3.92,Advanced,Fast,Medium
55.1,71.4,11,8.0,0.45,49.4,44.0,3,2,2.02,Intermediate,Moderate,Medium
62.0,68.1,15,14.7,0.59,39.9,81.4,5,5,3.42,Advanced,Fast,Medium
74.6,68.6,5,7.7,0.3,49.1,90.1,4,2,3.59,Advanced,Slow,High
65.5,67.8,14,10.9,0.57,30.9,52.9,4,4,3.51,Advanced,Moderate,Medium
49.1,55.8,3,2.1,0.28,57.1,37.6,4,2,2.44,Beginner,Slow,High
88.3,74.7,14,15.9,0.66,48.5,62.6,1,5,3.07,Advanced,Moderate,Medium
56.9,61.6,4,7.4,0.68,77.3,21.6,1,2,1.38,Beginner,Moderate,Medium
83.0,90.6,14,13.0,0.71,28.7,77.5,4,6,2.88,Advanced,Fast,Low
83.8,77.7,9,8.0,0.19,29.8,56.7,5,5,2.53,Advanced,Slow,Medium
99.1,91.9,23,11.0,0.63,36.8,90.7,3,1,4.0,Advanced,Moderate,Low
57.1,49.6,5,2.4,0.39,45.3,66.7,4,6,3.41,Intermediate,Slow,High
76.2,67.5,9,10.6,0.69,54.4,51.1,4,4,2.55,Intermediate,Moderate,Medium
57.6,48.0,10,8.2,0.34,88.0,39.1,5,0,1.89,Intermediate,Slow,High
93.1,100.0,17,12.7,0.43,61.6,59.4,0,3,2.5,Advanced,Moderate,Medium
43.1,33.0,18,10.5,0.7,54.6,59.9,3,8,3.04,Intermediate,Moderate,High
53.5,51.2,6,9.9,0.36,57.4,44.8,4,4,2.4,Advanced,Slow,High
57.9,67.9,10,5.2,0.62,44.6,56.3,3,5,3.14,Intermediate,Moderate,Medium
64.5,50.8,8,13.9,0.58,33.9,56.7,5,4,2.8,Intermediate,Moderate,High
45.6,29.4,5,11.5,0.86,49.1,45.6,0,0,1.27,Beginner,Moderate,High
78.6,100.0,17,14.6,0.55,33.9,75.0,0,8,3.95,Advanced,Fast,Low
36.0,41.8,6,9.0,0.53,33.0,39.2,1,3,1.65,Beginner,Moderate,High
84.5,96.6,10,9.2,0.55,31.9,67.1,0,0,2.89,Advanced,Moderate,Low
92.1,91.7,8,3.1,0.44,42.9,80.3,3,0,3.13,Intermediate,Slow,Medium
77.8,81.1,7,10.2,0.86,34.6,67.8,5,8,2.84,Advanced,Fast,Low
87.9,99.4,10,8.1,0.44,49.1,88.2,1,4,4.0,Advanced,Moderate,Low
53.8,67.3,10,13.5,0.74,66.5,37.0,1,7,1.87,Intermediate,Moderate,Medium
69.6,86.2,12,8.9,0.39,50.5,64.5,0,4,2.88,Advanced,Moderate,Medium
33.0,40.0,7,8.4,0.47,67.3,20.2,2,7,1.67,Beginner,Slow,High
41.8,48.7,7,12.0,0.71,40.3,41.9,1,7,1.72,Intermediate,Fast,Medium
53.1,52.1,3,11.5,0.59,44.3,46.7,4,3,2.94,Intermediate,Moderate,Medium
87.0,94.9,7,6.4,0.33,47.6,60.6,4,0,2.43,Advanced,Slow,Medium
36.9,27.0,2,10.4,0.26,61.3,32.7,0,3,2.03,Beginner,Slow,High
42.5,57.1,11,12.0,0.59,39.2,43.6,4,6,2.04,Intermediate,Moderate,Medium
58.3,56.7,14,9.3,0.73,68.7,41.1,1,3,2.74,Intermediate,Moderate,Medium
53.3,70.4,8,10.5,0.49,42.0,67.2,1,8,3.11,Beginner,Moderate,Medium
40.9,57.6,9,12.3,0.7,58.1,26.5,3,8,1.52,Beginner,Moderate,Medium
44.3,55.1,8,9.6,0.61,60.2,48.5,2,3,2.05,Intermediate,Moderate,Medium
74.9,67.6,12,6.3,0.32,39.2,75.5,5,4,3.38,Advanced,Slow,Medium
53.5,48.9,12,8.3,0.51,78.9,31.8,2,8,2.38,Intermediate,Slow,High
44.4,44.3,7,6.5,0.81,44.3,29.7,0,8,2.02,Beginner,Moderate,High
40.2,57.8,6,11.7,0.7,47.9,33.8,4,2,1.69,Intermediate,Fast,Medium
49.6,51.5,8,7.6,0.68,43.8,59.2,4,6,2.42,Intermediate,Moderate,Medium
46.0,44.0,12,3.9,0.44,36.8,45.8,0,6,2.24,Intermediate,Slow,High
88.2,82.1,12,7.5,0.43,39.5,62.8,2,5,3.2,Advanced,Moderate,Medium
62.8,63.4,15,9.4,0.65,53.9,58.7,1,0,3.11,Intermediate,Moderate,Medium
52.5,69.7,8,6.6,0.51,57.6,55.1,0,6,1.77,Beginner,Moderate,Medium
61.0,80.7,19,17.9,0.91,35.9,59.3,1,3,3.42,Advanced,Fast,Low
68.6,75.6,13,14.6,0.68,56.5,59.5,5,7,2.3,Intermediate,Moderate,Medium
71.6,68.3,18,15.0,0.76,40.6,59.8,0,6,3.46,Advanced,Fast,Medium
45.0,45.6,9,7.6,0.48,41.5,47.4,1,7,1.83,Intermediate,Moderate,High
45.1,39.9,6,11.4,0.85,45.6,31.4,0,0,1.84,Advanced,Fast,High
84.5,84.7,9,11.5,0.48,41.3,67.0,5,6,3.74,Advanced,Moderate,Medium
45.4,46.2,8,10.7,0.62,56.3,32.1,3,8,1.36,Beginner,Moderate,High
70.0,73.6,15,11.3,0.7,44.1,73.2,2,3,3.28,Advanced,Slow,Medium
46.3,57.4,14,12.5,0.84,45.9,43.0,2,6,2.76,Intermediate,Fast,Medium
68.6,78.2,7,11.6,0.44,45.6,61.9,4,1,2.61,Intermediate,Moderate,Medium
83.2,86.5,16,7.0,0.79,27.3,79.6,1,4,3.21,Advanced,Fast,Low
43.1,50.6,15,14.4,0.83,35.9,34.9,1,2,3.13,Intermediate,Fast,Medium
64.7,60.5,10,9.8,0.62,53.5,82.0,2,4,3.65,Intermediate,Moderate,Medium
54.6,62.8,3,7.5,0.34,20.9,45.6,2,3,2.47,Intermediate,Moderate,Medium
68.2,67.3,10,8.4,0.47,31.3,71.1,2,5,3.09,Advanced,Moderate,Low
49.7,45.9,14,13.2,0.76,57.5,59.0,5,2,2.02,Intermediate,Moderate,High
62.8,79.0,12,15.2,0.89,59.7,50.0,4,7,2.58,Intermediate,Fast,Medium
67.2,78.1,9,6.4,0.43,54.9,50.6,1,2,2.87,Intermediate,Slow,Medium
71.1,86.0,16,15.9,0.5,45.8,70.2,2,8,2.58,Advanced,Moderate,Medium
63.1,61.6,7,10.5,0.75,70.6,47.2,4,7,2.88,Intermediate,Fast,Medium
88.1,87.8,16,6.8,0.75,12.9,81.6,3,7,3.93,Advanced,Fast,Low
58.6,53.9,1,3.4,0.43,68.2,48.0,5,4,1.94,Intermediate,Slow,High
12.6,26.9,6,10.1,0.41,42.5,35.1,1,6,1.06,Beginner,Moderate,High
82.3,71.3,17,8.2,0.29,43.5,100.0,2,0,4.0,Advanced,Slow,Medium
78.6,94.3,7,4.4,0.62,33.1,63.6,1,2,3.67,Advanced,Moderate,Low
25.9,13.2,4,11.5,0.45,53.3,36.1,3,0,1.54,Beginner,Slow,High
39.9,53.0,4,11.0,0.47,60.1,26.5,0,6,1.88,Beginner,Moderate,High
48.1,46.8,7,7.2,0.69,79.8,17.1,2,8,1.43,Beginner,Slow,High
62.5,60.5,14,10.3,0.74,59.1,52.0,0,2,2.68,Intermediate,Fast,Medium
41.6,36.3,10,3.3,0.36,59.3,40.8,2,8,1.45,Intermediate,Slow,High
75.7,76.7,1,0.5,0.32,41.7,48.9,4,1,2.75,Intermediate,Slow,Medium
100.0,96.7,9,9.9,0.46,66.9,83.0,0,0,3.91,Advanced,Slow,Medium
67.9,64.9,13,3.2,0.33,40.4,44.0,4,1,1.78,Intermediate,Slow,Medium
79.7,85.6,8,6.5,0.41,38.4,64.9,5,7,2.69,Advanced,Moderate,Medium
63.2,79.8,13,16.1,0.78,25.9,47.0,3,6,2.65,Intermediate,Fast,Low
82.1,88.6,18,10.6,0.67,31.6,71.6,1,6,3.49,Advanced,Fast,Low
50.5,54.0,9,13.2,0.83,59.7,55.0,0,5,3.14,Intermediate,Fast,Medium
20.9,12.6,1,5.8,0.56,75.6,13.2,4,7,1.0,Beginner,Slow,High
74.2,75.1,11,10.2,0.69,50.3,54.4,4,2,2.83,Intermediate,Moderate,Medium
74.2,74.2,20,7.4,0.77,34.7,63.9,4,1,3.07,Advanced,Moderate,Medium
70.1,50.1,12,14.0,0.86,55.6,46.7,2,2,2.84,Intermediate,Moderate,High
30.9,30.7,8,8.6,0.67,51.0,41.5,4,4,2.41,Intermediate,Moderate,High
82.5,94.8,2,4.2,0.49,23.6,56.0,5,7,2.92,Advanced,Moderate,Medium
43.1,45.4,9,19.8,0.82,60.8,25.4,3,8,1.9,Beginner,Fast,High
40.3,51.5,3,14.5,0.35,62.6,8.9,3,0,1.56,Beginner,Moderate,High
60.5,69.3,14,8.1,0.67,51.8,50.9,4,5,2.52,Intermediate,Moderate,Medium
80.6,81.3,6,5.3,0.72,46.4,89.7,2,3,3.5,Advanced,Moderate,Medium
54.2,55.2,3,5.6,0.77,58.2,39.3,3,6,2.5,Intermediate,Moderate,Medium
77.9,76.9,7,8.5,0.69,61.4,19.2,5,0,2.13,Intermediate,Moderate,Medium
42.1,16.6,7,11.3,0.83,57.5,30.4,4,5,1.38,Beginner,Moderate,High
60.2,55.3,14,13.6,0.6,53.1,53.2,5,2,3.38,Intermediate,Moderate,High
71.3,81.9,14,9.6,0.61,60.6,67.6,5,2,3.15,Advanced,Moderate,Medium
36.7,39.9,8,13.1,0.55,70.9,50.8,0,5,1.66,Intermediate,Moderate,High
52.5,48.2,9,7.2,0.45,56.1,60.8,1,5,2.63,Intermediate,Slow,High
82.5,87.7,12,7.3,0.52,45.5,61.1,3,4,3.07,Advanced,Moderate,Medium
87.7,80.6,4,4.9,0.59,57.1,63.1,2,2,3.4,Advanced,Slow,Medium
49.6,58.9,7,11.4,0.99,73.0,35.5,1,0,2.27,Intermediate,Fast,Medium
69.7,67.2,7,7.4,0.48,49.1,56.6,2,2,2.71,Intermediate,Fast,Medium
36.4,38.8,13,18.0,0.49,55.0,30.6,3,5,2.54,Intermediate,Moderate,High
34.1,29.6,2,3.8,0.38,73.5,21.8,4,0,1.41,Beginner,Slow,High
42.5,54.4,10,3.5,0.37,60.9,23.1,4,1,1.54,Beginner,Slow,High
31.9,35.6,3,7.3,0.14,81.9,17.9,5,7,1.01,Beginner,Slow,High
62.0,61.8,12,10.4,0.69,30.7,54.0,5,7,2.17,Intermediate,Moderate,Medium
38.4,45.4,9,7.3,0.47,22.9,44.6,5,7,2.7,Intermediate,Moderate,High
38.8,35.3,12,9.7,0.61,87.3,35.1,3,0,2.32,Intermediate,Slow,High
73.4,76.4,3,3.4,0.5,37.1,62.1,0,5,2.91,Advanced,Moderate,Medium
94.2,95.3,11,5.6,0.58,29.1,73.7,1,8,3.13,Advanced,Moderate,Low
74.2,81.4,7,7.5,0.47,44.9,67.8,2,1,3.04,Intermediate,Moderate,Medium
77.2,80.8,5,15.0,0.43,31.8,53.3,1,6,2.91,Intermediate,Moderate,Medium
37.9,33.5,5,2.5,0.26,52.2,28.7,4,5,1.41,Beginner,Slow,High
42.6,33.0,8,6.4,0.45,42.6,33.6,2,1,2.25,Beginner,Slow,High
80.0,79.6,11,12.2,0.52,24.2,86.6,1,6,3.89,Advanced,Moderate,Medium
63.9,77.1,5,5.7,0.28,52.4,45.1,0,1,1.62,Intermediate,Slow,High
59.2,61.5,5,3.7,0.25,41.1,17.7,4,8,2.24,Intermediate,Slow,High
46.3,65.0,5,1.4,0.62,38.5,65.0,1,5,2.18,Intermediate,Moderate,Medium
40.9,55.4,2,5.9,0.19,48.0,41.7,2,4,2.15,Intermediate,Slow,High
57.6,54.8,8,8.0,0.5,36.6,55.1,2,2,2.36,Intermediate,Slow,High
70.4,89.9,17,6.6,0.52,44.3,47.6,0,3,2.84,Advanced,Moderate,Medium
86.3,98.3,18,7.7,0.64,47.9,82.8,4,0,4.0,Advanced,Moderate,Low
59.5,56.7,3,4.2,0.55,56.3,14.4,2,7,2.06,Beginner,Slow,High
47.1,41.5,4,5.1,0.48,48.7,23.3,1,3,1.55,Beginner,Slow,High
57.9,68.0,16,16.8,0.38,55.9,45.9,5,5,2.33,Intermediate,Moderate,Medium
40.6,57.3,3,9.6,0.4,70.3,32.3,4,1,1.46,Beginner,Slow,High
74.2,65.1,7,0.5,0.25,40.0,84.8,0,3,2.75,Advanced,Slow,High
70.6,72.7,6,8.5,0.39,38.2,73.4,5,5,3.2,Advanced,Moderate,Medium
35.7,26.5,7,7.7,0.65,69.8,24.6,3,3,1.18,Beginner,Slow,High
46.0,51.0,13,9.3,0.52,48.3,23.1,4,0,1.58,Beginner,Moderate,High
62.0,66.1,5,6.7,0.53,75.4,46.2,4,2,1.95,Intermediate,Slow,Medium
69.3,60.3,10,3.7,0.6,34.6,49.0,5,1,2.55,Intermediate,Moderate,Medium
70.9,68.3,4,2.7,0.17,23.6,40.3,0,3,2.48,Intermediate,Slow,Medium
74.2,80.4,9,9.9,0.43,31.7,76.1,2,4,3.24,Advanced,Moderate,Medium
65.9,55.1,9,10.1,0.61,56.2,25.0,2,2,1.65,Intermediate,Moderate,High
45.2,58.0,4,12.0,0.81,49.9,30.1,4,2,2.53,Beginner,Moderate,Medium
40.8,26.0,8,7.1,0.85,87.1,51.0,2,0,1.62,Intermediate,Slow,High
76.5,56.6,6,11.3,0.27,41.0,63.2,4,6,2.65,Intermediate,Slow,High
36.5,41.7,6,11.8,0.64,72.9,22.7,3,6,2.24,Beginner,Moderate,High
65.5,71.0,13,7.8,0.46,43.8,71.7,0,3,3.51,Advanced,Moderate,Medium
59.4,50.3,14,0.5,0.58,30.9,76.5,3,4,3.54,Advanced,Moderate,High
79.9,76.4,4,4.5,0.42,56.1,76.6,2,8,3.34,Advanced,Slow,Medium
77.6,82.1,15,12.1,0.65,56.5,57.5,3,0,3.09,Advanced,Moderate,Medium
88.7,84.7,14,6.5,0.55,36.8,79.2,0,3,3.13,Advanced,Moderate,Medium
72.8,78.2,4,1.8,0.31,34.4,58.3,2,8,2.02,Intermediate,Slow,Medium
78.4,86.1,15,12.7,0.51,38.1,83.2,0,8,3.54,Advanced,Moderate,Medium
78.5,77.5,19,11.4,0.72,53.6,81.4,5,5,3.93,Advanced,Moderate,Medium
62.6,60.8,16,17.8,0.9,33.7,63.5,3,3,2.08,Intermediate,Fast,Medium
97.8,100.0,9,7.3,0.47,38.2,83.3,2,8,3.01,Advanced,Moderate,Low
71.8,73.2,12,8.6,0.56,51.5,55.9,4,1,2.81,Intermediate,Moderate,Medium
30.1,35.4,2,12.8,0.47,73.7,12.9,3,5,1.01,Beginner,Moderate,High
59.4,61.9,12,11.4,0.81,41.0,45.5,0,4,2.06,Intermediate,Fast,Medium
73.7,82.4,4,6.0,0.44,62.2,58.7,2,2,2.37,Intermediate,Slow,Medium
39.2,35.3,7,8.4,0.5,50.8,28.4,4,6,2.48,Beginner,Moderate,High
64.6,73.0,4,1.2,0.22,57.0,71.2,4,5,3.51,Advanced,Slow,High
72.0,70.8,5,5.1,0.15,53.6,57.7,0,3,2.49,Intermediate,Slow,High
60.2,70.7,3,4.2,0.33,46.4,67.3,5,3,1.98,Intermediate,Slow,Medium
74.8,66.0,5,5.1,0.44,35.4,51.9,1,8,2.78,Intermediate,Slow,Medium
82.5,94.7,6,5.3,0.28,23.6,55.7,4,7,2.79,Advanced,Moderate,Medium
75.7,76.7,8,7.7,0.72,66.5,29.1,0,4,2.4,Intermediate,Moderate,Medium
46.0,65.9,4,6.5,0.36,54.3,39.4,0,1,2.5,Intermediate,Slow,Medium
67.2,66.4,6,8.1,0.77,41.2,38.1,5,4,2.31,Intermediate,Moderate,Medium
46.8,55.0,5,6.6,0.16,34.7,36.4,4,2,1.94,Intermediate,Slow,High
52.9,61.3,7,8.0,0.49,72.5,36.7,4,4,2.83,Advanced,Slow,High
41.4,42.9,7,10.2,0.68,80.2,58.0,3,4,2.19,Intermediate,Moderate,High
91.8,81.8,11,6.5,0.45,37.8,89.9,1,5,3.93,Advanced,Slow,Medium
62.0,59.2,8,11.0,0.74,45.8,50.8,1,0,2.63,Intermediate,Moderate,Medium
63.8,68.2,14,11.6,0.8,48.8,44.0,2,6,2.49,Intermediate,Fast,Medium
74.5,86.1,18,14.0,0.64,51.3,76.5,3,1,2.74,Advanced,Moderate,Medium
56.1,52.2,9,10.0,0.85,22.4,51.7,3,2,2.79,Intermediate,Fast,Medium
51.0,55.5,7,10.3,0.5,59.9,42.5,3,6,2.34,Intermediate,Moderate,High
47.2,55.1,8,11.6,0.67,84.1,35.7,1,0,1.88,Intermediate,Moderate,High
61.8,69.1,14,12.3,0.7,62.2,47.2,0,3,2.13,Intermediate,Moderate,Medium
60.3,58.2,6,13.1,0.57,35.6,50.6,2,7,2.73,Intermediate,Moderate,Medium
100.0,100.0,13,13.2,0.72,21.6,97.4,1,8,3.78,Advanced,Fast,Low
78.3,69.5,12,9.2,0.66,41.2,84.9,5,5,3.86,Advanced,Moderate,Medium
70.3,67.8,10,5.9,0.44,41.5,36.9,4,8,2.62,Intermediate,Slow,Medium
65.3,81.1,8,11.7,0.26,71.3,25.6,4,2,1.87,Intermediate,Slow,Medium
84.2,99.1,9,10.7,0.57,58.5,55.7,5,6,2.81,Advanced,Moderate,Low
77.6,90.8,23,16.7,0.71,30.8,89.2,0,1,3.35,Advanced,Fast,Low
52.4,57.4,8,8.2,0.6,24.1,42.7,5,2,2.51,Intermediate,Moderate,Medium
97.1,99.2,5,10.1,0.33,59.6,63.8,3,2,3.29,Advanced,Slow,Medium
50.1,41.3,10,13.9,0.57,69.7,39.3,2,5,1.61,Intermediate,Moderate,High
60.4,47.7,13,7.8,0.36,61.3,64.9,3,7,2.36,Intermediate,Slow,Medium
49.8,50.7,2,9.5,0.57,64.8,15.7,5,6,1.76,Beginner,Moderate,High
18.7,33.8,18,14.3,0.84,26.2,36.5,2,3,2.15,Beginner,Fast,Medium
57.4,51.0,12,7.3,0.27,40.4,52.9,0,6,2.66,Intermediate,Slow,High
60.9,57.2,12,12.6,0.77,25.7,43.1,0,4,3.29,Advanced,Fast,Medium
56.3,47.0,9,8.5,0.79,57.0,42.5,0,8,2.07,Intermediate,Moderate,Low
60.2,65.6,5,5.9,0.31,68.4,49.5,1,2,3.16,Intermediate,Slow,High
55.5,68.2,8,2.9,0.36,54.9,61.9,2,0,2.33,Intermediate,Slow,Medium
72.7,74.2,13,11.7,0.55,28.6,61.6,3,2,2.97,Advanced,Moderate,Medium
86.7,72.2,7,10.2,0.43,37.9,59.1,1,4,2.7,Advanced,Moderate,Medium
58.4,62.2,3,1.0,0.3,48.2,30.6,5,0,2.28,Intermediate,Slow,High
88.4,91.1,16,13.9,0.66,38.3,66.4,1,8,3.38,Advanced,Fast,Low
99.0,100.0,15,11.3,0.39,48.8,63.4,5,2,3.58,Advanced,Moderate,Medium
66.5,68.8,16,14.2,0.69,47.2,70.8,5,1,3.36,Advanced,Fast,Medium
64.8,56.9,6,8.2,0.42,35.6,87.0,4,4,3.54,Beginner,Moderate,High
51.9,53.5,6,9.8,0.64,43.9,29.7,5,2,2.48,Intermediate,Moderate,Medium
51.0,67.5,6,5.2,0.39,64.4,35.3,5,0,2.28,Intermediate,Slow,Medium
62.1,74.0,16,6.3,0.58,88.7,52.0,1,5,2.03,Intermediate,Slow,Medium
44.1,37.6,11,8.2,0.65,29.7,64.6,4,3,1.44,Intermediate,Moderate,High
33.3,44.8,9,9.0,0.74,68.4,34.0,2,0,1.42,Beginner,Moderate,High
42.0,44.4,2,11.6,0.52,68.9,33.7,2,0,1.24,Beginner,Moderate,High
38.9,66.9,5,11.1,0.83,65.9,18.2,4,3,1.83,Beginner,Fast,Medium
44.8,58.2,12,10.6,0.38,70.0,54.0,3,4,1.77,Intermediate,Slow,High
46.1,58.6,4,0.5,0.29,91.0,19.0,2,4,2.23,Intermediate,Slow,High
34.7,28.8,11,8.8,0.46,38.4,31.0,2,2,1.95,Beginner,Moderate,High
63.4,77.6,13,12.1,0.91,27.2,57.3,3,7,3.07,Advanced,Fast,Low
77.2,89.7,8,6.3,0.27,56.2,57.6,0,0,3.49,Advanced,Slow,Medium
50.3,51.3,5,12.3,0.59,64.8,29.5,1,2,2.62,Intermediate,Moderate,High
43.6,46.7,3,3.0,0.29,37.2,49.3,5,3,1.26,Intermediate,Slow,High
63.7,60.4,17,9.7,0.48,34.6,60.6,5,1,3.19,Advanced,Moderate,Medium
34.2,30.7,5,13.0,0.67,58.1,24.4,0,6,1.13,Beginner,Moderate,High
61.6,59.1,13,5.5,0.43,45.1,62.7,0,1,3.1,Intermediate,Slow,Low
50.8,43.4,7,7.4,0.5,26.7,43.1,2,5,2.23,Intermediate,Moderate,High
37.3,46.4,11,12.3,0.5,54.0,46.6,5,3,2.12,Advanced,Moderate,High
50.1,58.6,9,8.1,0.75,58.5,41.7,0,5,2.11,Intermediate,Moderate,Medium
51.5,56.9,3,2.0,0.27,73.5,45.9,3,2,2.38,Intermediate,Slow,High
82.0,84.0,12,6.3,0.54,42.3,81.2,1,6,3.56,Advanced,Moderate,Medium
57.7,56.1,8,8.3,0.73,51.2,9.9,4,7,1.44,Beginner,Moderate,Medium
63.8,53.2,10,6.1,0.51,30.0,64.1,1,2,2.9,Intermediate,Moderate,High
73.7,65.2,11,7.2,0.57,70.2,58.8,0,3,3.04,Intermediate,Slow,High
28.3,13.4,7,9.3,0.99,72.1,16.3,5,3,1.81,Beginner,Moderate,High
52.6,56.0,10,10.5,0.36,61.1,65.4,0,8,2.34,Intermediate,Slow,High
80.6,84.6,8,6.4,0.32,55.8,60.8,5,2,3.35,Advanced,Slow,Medium
29.7,27.8,7,9.6,0.6,39.2,28.4,4,2,1.56,Beginner,Moderate,High
62.7,64.9,27,11.4,0.57,42.9,65.2,1,1,3.55,Advanced,Moderate,Medium
74.9,77.7,13,5.9,0.36,50.7,77.2,0,0,3.12,Advanced,Slow,Medium
61.3,59.6,3,8.4,0.19,63.0,68.3,0,2,3.46,Advanced,Slow,High
58.5,62.7,7,5.7,0.34,69.3,51.6,0,6,1.97,Intermediate,Slow,High
67.5,52.1,13,8.4,0.83,59.4,68.4,4,1,2.3,Intermediate,Moderate,High
56.1,54.2,5,5.6,0.5,43.1,32.1,1,3,2.0,Intermediate,Moderate,High
60.0,71.0,12,11.2,0.64,43.8,54.1,2,8,3.07,Intermediate,Moderate,Medium
59.5,56.8,10,10.6,0.57,34.6,60.9,1,2,3.58,Intermediate,Moderate,Medium
53.1,63.7,16,14.7,0.72,45.6,57.5,2,0,2.7,Intermediate,Fast,Medium
82.6,86.5,8,8.9,0.34,31.6,58.1,3,7,3.36,Advanced,Slow,Medium
31.5,34.2,4,9.1,0.64,80.0,40.7,5,2,1.9,Beginner,Moderate,High
32.5,32.5,3,8.4,0.78,49.6,10.4,3,0,1.0,Beginner,Moderate,High
78.8,85.9,17,13.9,0.68,46.1,49.6,3,3,3.4,Advanced,Fast,Medium
33.3,35.9,12,16.7,0.7,43.8,15.1,0,6,1.49,Beginner,Fast,High
84.9,95.4,18,11.9,0.75,64.7,75.9,0,3,2.79,Advanced,Moderate,Low
40.0,47.6,7,8.2,0.9,48.0,14.7,0,4,2.07,Beginner,Fast,Medium
82.7,79.2,9,6.4,0.65,39.8,65.7,1,4,3.1,Advanced,Moderate,Medium
69.5,57.2,7,11.3,0.43,45.0,59.2,5,3,1.97,Intermediate,Moderate,High
52.7,73.4,6,15.4,0.71,54.4,36.3,0,1,2.08,Intermediate,Fast,Medium
37.8,36.5,6,6.6,0.58,44.6,55.6,5,8,1.66,Intermediate,Moderate,High
95.7,97.9,6,4.0,0.74,70.0,72.4,2,5,3.04,Advanced,Moderate,Medium
63.6,70.2,6,7.3,0.6,44.6,29.7,1,8,2.2,Intermediate,Slow,Medium
31.4,35.6,5,10.4,0.73,69.4,13.8,3,3,1.0,Beginner,Moderate,High
42.4,36.0,6,14.2,0.71,64.7,26.7,1,1,1.71,Beginner,Moderate,High
50.6,57.2,9,4.0,0.71,52.5,40.3,2,4,2.47,Intermediate,Moderate,Medium
63.0,58.7,10,7.1,0.75,44.4,47.2,5,8,1.99,Intermediate,Moderate,Medium
59.4,63.4,12,7.1,0.74,60.5,62.5,0,0,2.68,Intermediate,Moderate,Medium
75.7,65.8,17,15.5,0.54,37.5,72.6,5,8,3.23,Advanced,Moderate,Medium
57.4,61.6,1,8.6,0.48,52.3,25.9,5,8,2.12,Intermediate,Moderate,Medium
49.3,56.7,2,6.8,0.43,45.8,29.5,5,2,2.22,Intermediate,Moderate,High
41.0,61.8,8,15.7,0.86,37.5,28.8,0,1,2.66,Intermediate,Fast,Medium
48.7,36.8,13,12.4,0.71,55.5,47.0,4,3,2.69,Intermediate,Moderate,High
91.7,78.4,7,8.2,0.3,37.1,85.6,2,3,3.6,Advanced,Slow,Medium
82.0,88.5,4,1.2,0.35,39.8,84.6,2,8,3.79,Advanced,Slow,Medium
62.0,78.7,8,7.1,0.44,54.3,69.7,3,5,2.32,Advanced,Moderate,Medium
37.5,39.0,9,1.4,0.25,43.5,31.5,0,0,1.94,Beginner,Slow,High
24.3,24.6,7,12.4,0.91,68.0,14.9,3,7,1.0,Beginner,Fast,High
82.1,87.1,3,6.6,0.29,56.5,67.7,2,3,3.41,Advanced,Slow,Medium
79.6,88.4,15,11.8,0.86,43.5,82.3,1,8,3.47,Advanced,Fast,High
20.4,31.2,7,11.7,0.45,63.9,38.7,3,3,1.87,Intermediate,Moderate,High
59.1,61.4,4,9.7,0.63,32.0,60.5,1,7,1.61,Beginner,Moderate,Medium
60.3,64.8,10,11.9,0.68,30.3,40.0,0,8,1.86,Intermediate,Fast,Medium
69.5,80.2,13,11.8,0.56,48.6,59.7,2,4,3.02,Intermediate,Moderate,Medium
65.4,68.9,7,6.4,0.2,45.5,53.9,1,3,2.05,Intermediate,Slow,High
74.5,80.0,14,11.0,0.74,53.8,45.3,4,1,2.96,Intermediate,Moderate,Medium
42.0,35.5,15,11.3,0.87,57.7,45.5,2,6,2.47,Intermediate,Moderate,High
76.1,68.2,16,12.0,0.62,34.1,45.0,5,2,2.59,Intermediate,Moderate,Medium
34.6,34.1,3,1.1,0.4,51.0,47.1,5,4,2.97,Intermediate,Slow,High
74.3,80.0,10,9.2,0.4,41.3,65.5,2,7,3.15,Advanced,Moderate,Medium
66.7,58.6,11,5.9,0.44,40.0,41.8,4,3,1.61,Advanced,Slow,High
77.4,75.8,13,8.1,0.53,20.2,90.5,3,4,3.86,Advanced,Moderate,Medium
74.4,80.6,13,7.3,0.56,8.0,72.8,0,4,3.01,Advanced,Fast,Medium
78.4,60.2,11,6.6,0.44,53.1,67.9,4,1,2.99,Advanced,Slow,High
73.3,93.6,13,15.4,0.88,72.3,40.9,5,2,3.08,Beginner,Fast,Low
24.1,17.6,13,13.0,0.77,60.9,37.6,0,4,1.81,Beginner,Moderate,High
32.7,23.4,3,9.2,0.48,58.1,28.7,3,2,1.54,Beginner,Slow,High
57.9,72.2,8,7.7,0.45,57.6,72.7,3,5,3.02,Advanced,Moderate,High
61.4,57.6,3,5.9,0.5,65.4,43.8,4,8,2.33,Intermediate,Slow,High
67.1,77.6,13,5.0,0.68,43.8,52.9,3,7,2.92,Intermediate,Moderate,Medium
34.6,22.7,5,9.2,0.73,51.0,16.1,4,4,1.43,Beginner,Moderate,High
53.8,37.6,7,11.7,0.51,62.3,23.4,1,3,2.21,Beginner,Slow,High
83.8,67.0,10,9.9,0.37,35.0,66.1,5,5,3.48,Advanced,Slow,Medium
95.6,100.0,23,7.2,0.59,19.3,97.9,2,7,4.0,Advanced,Moderate,Low
54.9,55.2,10,5.6,0.6,34.1,49.3,4,4,2.23,Intermediate,Moderate,Medium
41.0,60.7,9,11.0,0.71,66.9,26.1,5,5,1.63,Beginner,Moderate,Medium
42.5,30.1,7,4.4,0.58,59.4,33.7,4,4,2.14,Beginner,Slow,High
57.5,80.6,11,16.3,0.87,74.9,55.3,5,2,2.6,Intermediate,Fast,Medium
68.3,74.7,8,10.1,0.34,48.8,42.4,1,0,2.42,Intermediate,Moderate,Medium
50.3,66.2,17,6.7,0.59,38.9,46.3,1,5,2.13,Intermediate,Moderate,Medium
63.9,52.0,25,10.8,0.95,31.1,73.3,5,6,3.64,Advanced,Fast,Medium
83.5,94.0,11,5.4,0.43,35.4,84.3,0,1,3.21,Advanced,Moderate,Low
58.0,58.4,13,13.3,0.72,45.6,46.4,1,7,2.15,Intermediate,Fast,Medium
57.4,64.0,10,7.3,0.57,48.5,61.4,1,5,2.78,Intermediate,Moderate,Medium
84.4,93.2,18,11.8,0.66,50.2,75.6,3,3,3.26,Advanced,Moderate,Low
74.7,69.5,16,8.5,0.76,52.9,65.1,4,6,3.04,Advanced,Moderate,Medium
54.2,48.1,15,8.7,0.52,71.3,30.4,3,8,1.77,Intermediate,Slow,High
60.9,40.4,13,9.9,0.6,40.0,47.0,4,3,2.91,Intermediate,Moderate,High
50.9,49.6,8,10.9,0.58,50.0,21.3,3,8,1.5,Beginner,Moderate,High
64.2,61.9,16,7.3,0.7,47.3,68.9,5,4,3.53,Advanced,Moderate,Medium
57.9,59.2,13,7.0,0.64,40.5,49.4,3,0,3.02,Intermediate,Moderate,Medium
63.7,52.9,14,16.1,0.9,52.3,52.5,5,2,3.13,Intermediate,Fast,Medium
69.1,78.6,8,16.3,0.86,45.7,45.4,3,0,2.36,Intermediate,Fast,Medium
53.5,59.8,9,8.1,0.44,57.3,49.2,5,5,1.97,Intermediate,Slow,High
49.2,58.3,8,14.5,1.0,40.3,26.8,1,6,1.71,Intermediate,Fast,Medium
66.6,71.3,11,12.0,0.75,53.4,37.7,1,1,2.18,Intermediate,Moderate,Medium
68.5,73.4,4,2.2,0.2,21.5,84.0,0,2,3.89,Advanced,Moderate,Medium
21.1,29.0,3,16.0,0.45,81.7,13.7,1,4,1.71,Beginner,Moderate,High
81.4,87.0,13,10.3,0.53,51.8,72.4,1,7,3.67,Advanced,Moderate,Medium
52.2,59.6,9,6.6,0.66,40.2,54.2,5,4,2.15,Intermediate,Slow,Medium
66.1,63.8,13,6.9,0.59,35.8,85.3,3,6,3.16,Advanced,Moderate,Medium
65.4,73.2,9,11.1,0.8,58.5,75.0,0,4,2.76,Advanced,Moderate,Medium
19.5,28.3,4,8.3,0.39,72.8,17.7,4,3,1.98,Beginner,Slow,High
66.6,49.2,3,0.5,0.36,64.8,36.8,3,2,2.82,Intermediate,Slow,High
60.5,63.9,8,9.1,0.95,39.4,43.4,0,5,2.46,Intermediate,Fast,Medium
80.8,80.2,23,14.3,0.8,16.1,94.6,0,5,3.48,Advanced,Fast,Low
86.7,70.6,12,8.0,0.38,41.2,76.7,5,7,3.04,Advanced,Slow,Medium
43.7,33.9,5,11.0,0.71,74.7,30.2,5,7,1.0,Beginner,Moderate,High
72.1,86.4,13,11.3,0.91,67.2,39.6,0,2,2.34,Intermediate,Fast,Low
50.0,55.0,8,11.8,0.48,64.6,45.8,5,2,2.19,Intermediate,Moderate,High
49.2,46.4,9,13.4,0.61,55.1,57.1,3,1,2.82,Intermediate,Moderate,High
35.2,29.8,3,7.2,0.17,85.0,30.9,5,0,1.31,Beginner,Slow,High
75.5,69.4,5,5.1,0.55,25.9,61.6,0,2,2.78,Advanced,Moderate,Medium
62.5,62.6,10,8.6,0.52,50.9,65.0,5,4,2.73,Intermediate,Moderate,Medium
75.7,76.2,14,10.6,0.66,47.4,64.5,5,5,2.83,Advanced,Moderate,Medium
64.5,65.9,4,9.5,0.48,53.1,37.0,0,2,1.46,Intermediate,Moderate,Medium
59.2,68.1,3,5.0,0.12,41.1,43.2,4,5,1.58,Beginner,Slow,High
42.6,45.7,3,14.1,0.67,34.3,30.0,0,6,2.18,Beginner,Fast,High
64.1,50.2,11,10.3,0.6,65.5,50.7,3,8,2.28,Intermediate,Moderate,High
43.1,40.1,6,6.6,0.43,67.3,20.4,4,6,1.55,Beginner,Slow,High
79.5,91.0,15,13.8,0.69,34.8,86.6,2,8,3.64,Advanced,Fast,Low
70.9,72.9,1,2.9,0.19,47.5,79.3,3,3,3.23,Advanced,Slow,Medium
67.4,68.2,5,5.8,0.23,51.0,50.6,1,7,3.54,Intermediate,Slow,High
89.6,76.3,18,11.9,0.41,30.2,93.1,0,3,3.19,Advanced,Moderate,Medium
59.0,70.9,9,10.1,0.62,62.6,37.7,0,1,2.35,Intermediate,Moderate,Medium
96.4,93.3,13,7.7,0.42,41.7,62.4,4,7,2.99,Advanced,Moderate,Medium
57.9,65.1,8,5.3,0.68,31.6,57.0,1,1,2.06,Intermediate,Moderate,Medium
69.6,84.4,11,15.0,0.77,46.6,68.3,5,1,3.15,Advanced,Fast,Low
66.2,71.1,4,8.1,0.53,46.1,57.8,2,0,1.95,Intermediate,Moderate,Medium
64.7,67.0,13,12.3,0.53,29.0,70.1,4,5,2.93,Advanced,Moderate,Medium
77.9,88.1,6,11.5,0.22,36.1,82.8,1,4,3.19,Advanced,Moderate,Medium
66.9,53.9,6,1.7,0.57,50.2,59.3,2,1,2.63,Intermediate,Slow,High
55.3,50.8,10,7.2,0.58,41.8,26.8,1,4,2.76,Intermediate,Moderate,High
67.5,72.6,6,12.5,0.5,78.5,70.4,0,8,3.27,Advanced,Slow,Medium
80.3,96.3,7,8.0,0.45,36.4,62.8,3,4,3.07,Advanced,Moderate,Low
66.2,66.5,12,9.8,0.49,50.4,57.2,4,0,2.71,Intermediate,Moderate,Medium
77.6,69.4,16,3.4,0.62,31.8,59.0,0,8,2.4,Intermediate,Moderate,Medium
55.4,44.5,6,6.4,0.71,59.4,37.2,2,3,2.17,Intermediate,Moderate,High
67.2,59.4,13,8.3,0.49,52.7,53.0,0,7,3.46,Intermediate,Slow,High
64.6,70.7,7,16.5,0.86,57.6,36.2,4,8,1.59,Intermediate,Fast,Medium
67.6,74.8,10,7.1,0.52,67.6,50.4,5,0,3.01,Intermediate,Fast,Medium
46.6,46.1,16,11.0,0.56,67.0,43.5,1,1,2.45,Intermediate,Moderate,High
53.5,47.9,2,5.4,0.67,49.4,28.8,3,5,1.42,Beginner,Moderate,High
43.5,44.9,7,15.0,0.93,85.3,9.8,5,6,1.06,Beginner,Moderate,Medium
74.7,68.0,8,8.1,0.8,59.6,57.5,4,5,3.48,Advanced,Moderate,Medium
38.8,28.4,4,10.1,0.8,70.0,20.5,0,4,1.51,Beginner,Moderate,High
62.2,60.5,6,11.1,0.6,56.9,41.4,3,7,3.73,Intermediate,Moderate,Medium
60.5,62.9,13,8.9,0.46,52.3,39.5,1,4,2.54,Intermediate,Moderate,Medium
70.9,71.4,13,9.6,0.49,33.9,47.2,0,6,2.64,Intermediate,Moderate,Medium
67.8,69.7,17,11.4,0.86,44.0,41.2,0,1,2.82,Intermediate,Fast,Medium
69.8,78.2,15,12.7,0.66,65.6,54.0,1,5,2.51,Intermediate,Moderate,Medium
70.2,70.5,5,5.5,0.53,36.5,25.3,5,8,2.6,Intermediate,Moderate,Medium
30.4,16.5,3,7.5,0.41,73.1,23.0,1,0,1.0,Beginner,Slow,High
64.8,88.9,1,2.7,0.23,29.3,45.1,2,3,2.64,Intermediate,Slow,Medium
60.1,67.5,14,10.7,0.57,42.8,55.6,4,1,2.5,Intermediate,Moderate,Medium
77.0,98.2,10,9.4,0.81,41.3,63.9,0,0,3.04,Advanced,Fast,Low
91.6,89.1,5,9.4,0.35,32.8,85.5,1,7,3.07,Advanced,Moderate,Medium
46.3,33.7,1,2.9,0.37,51.1,27.7,1,5,1.05,Beginner,Slow,High
47.1,50.4,7,5.7,0.79,49.3,43.1,3,0,2.57,Intermediate,Moderate,Medium
44.8,35.6,4,7.2,0.49,52.7,33.6,5,5,1.66,Beginner,Slow,High
83.2,77.2,21,14.5,0.7,58.3,43.0,5,7,3.25,Advanced,Moderate,Medium
25.4,25.8,8,6.0,0.49,51.1,59.7,0,6,2.65,Intermediate,Slow,High
32.8,40.3,3,8.6,0.79,77.3,18.2,2,7,1.55,Beginner,Moderate,High
43.2,51.0,6,10.0,0.82,41.4,34.2,1,2,2.37,Beginner,Fast,Medium
51.3,42.1,7,0.5,0.13,30.7,58.3,0,2,2.46,Intermediate,Slow,High
75.8,90.3,11,3.9,0.62,45.4,65.8,1,3,2.36,Advanced,Moderate,Low
51.6,58.1,6,5.7,0.16,62.0,46.8,4,0,2.37,Intermediate,Slow,High
84.0,82.0,6,6.3,0.4,15.4,67.8,2,4,3.52,Advanced,Moderate,Medium
57.7,49.9,3,6.9,0.65,28.5,56.2,3,7,3.29,Intermediate,Moderate,Medium
44.3,56.7,5,7.9,0.79,84.2,33.9,2,1,2.34,Intermediate,Moderate,Medium
41.2,32.1,2,5.2,0.38,74.2,21.6,5,5,1.48,Beginner,Slow,High
73.4,77.1,11,9.0,0.74,56.7,64.4,1,5,3.29,Advanced,Moderate,Medium
64.5,55.3,9,11.5,0.62,44.7,59.8,5,8,3.56,Intermediate,Moderate,High
77.0,72.7,15,11.7,0.65,43.3,61.3,0,0,2.88,Advanced,Moderate,Medium
50.1,42.9,4,7.1,0.37,82.0,32.9,1,0,2.3,Intermediate,Slow,High
32.5,34.8,4,5.9,0.33,38.1,0.0,2,6,1.0,Intermediate,Slow,High
43.5,46.3,4,12.5,0.61,63.5,27.2,1,1,1.71,Beginner,Moderate,High
45.0,63.9,5,11.2,0.32,35.8,32.0,3,2,1.48,Intermediate,Moderate,Medium
56.0,63.8,12,10.3,0.65,52.0,64.7,5,7,3.64,Advanced,Moderate,Low
29.1,17.7,8,6.2,0.53,59.6,40.0,0,8,2.11,Beginner,Slow,High
64.7,66.3,5,9.5,0.52,40.0,49.0,3,8,2.87,Intermediate,Moderate,Medium
49.7,48.9,11,11.1,0.55,30.2,42.6,0,2,1.86,Intermediate,Moderate,High
87.8,88.1,18,11.0,0.66,39.8,87.2,5,0,4.0,Intermediate,Moderate,Medium
68.5,75.3,6,5.0,0.32,52.4,57.3,0,2,3.6,Advanced,Slow,Low
56.3,52.3,5,0.5,0.47,63.5,32.7,5,5,2.1,Intermediate,Slow,High
61.4,47.2,5,6.8,0.45,42.0,43.8,1,2,2.3,Intermediate,Slow,High
44.3,56.1,20,10.5,0.66,40.3,48.9,3,5,2.42,Beginner,Moderate,Medium
14.1,12.7,9,11.7,0.8,57.9,21.4,0,2,1.66,Beginner,Moderate,Medium
38.9,45.7,7,9.2,0.68,71.9,22.4,3,4,1.77,Beginner,Moderate,High
45.8,53.0,9,6.4,0.56,74.9,42.3,3,8,1.9,Intermediate,Slow,High
39.5,46.3,14,14.7,0.68,48.8,29.8,3,6,1.78,Beginner,Fast,High
86.4,90.4,23,11.8,0.73,8.0,90.9,0,8,3.08,Advanced,Fast,Low
57.5,50.4,15,9.9,0.41,47.4,59.3,1,7,2.38,Intermediate,Slow,High
47.9,47.9,14,11.1,0.68,28.2,44.2,1,7,2.55,Intermediate,Fast,Medium
92.1,82.3,15,8.3,0.74,39.5,84.4,4,6,2.54,Intermediate,Moderate,Medium
41.9,63.6,5,9.7,0.89,68.4,32.3,1,7,1.79,Intermediate,Fast,Medium
41.7,57.7,5,6.4,0.36,56.8,60.1,5,0,2.12,Intermediate,Fast,High
51.3,49.2,6,6.3,0.44,44.7,50.7,1,8,1.75,Intermediate,Slow,High
74.9,83.9,11,9.8,0.63,50.4,75.9,1,0,3.78,Advanced,Moderate,Medium
67.2,69.0,6,6.7,0.41,50.5,70.8,3,1,3.68,Advanced,Slow,Medium
39.6,47.6,6,8.2,0.97,60.9,25.4,2,8,2.18,Beginner,Fast,Medium
47.0,50.8,8,9.4,0.39,36.4,40.3,5,3,2.1,Intermediate,Moderate,High
46.8,48.3,2,8.3,0.34,64.6,15.9,4,3,1.62,Beginner,Slow,High
79.4,85.5,9,11.1,0.49,44.8,50.1,1,1,1.9,Intermediate,Moderate,Medium
63.7,66.9,7,2.1,0.43,47.8,87.5,2,0,4.0,Advanced,Slow,Medium
84.6,77.6,13,10.6,0.56,43.4,69.8,5,0,3.18,Advanced,Moderate,Medium
81.5,71.5,25,12.0,0.68,46.4,64.7,4,2,2.93,Advanced,Moderate,Medium
55.1,49.5,7,12.0,0.72,33.1,49.9,3,8,3.01,Intermediate,Fast,Medium
70.4,59.2,8,7.6,0.49,51.5,46.2,5,2,2.7,Intermediate,Slow,High
71.2,82.6,19,8.7,0.55,37.0,73.9,2,1,3.46,Advanced,Moderate,Medium
38.1,59.5,7,5.7,0.54,42.6,44.0,1,2,2.63,Intermediate,Moderate,Medium
64.7,75.5,8,7.1,0.55,69.3,51.4,4,1,2.55,Intermediate,Moderate,Medium
37.1,29.5,4,3.0,0.52,79.5,31.7,1,2,1.08,Beginner,Slow,High
59.3,74.3,7,10.0,0.86,58.4,37.5,3,1,1.83,Intermediate,Fast,Medium
67.0,70.9,8,6.6,0.51,49.2,57.7,3,7,2.35,Intermediate,Moderate,Medium
71.5,67.1,9,4.8,0.49,50.3,55.5,4,3,3.17,Intermediate,Slow,Medium
77.1,75.4,10,8.7,0.65,37.1,78.1,4,2,2.55,Advanced,Moderate,Medium
60.8,62.3,8,6.2,0.64,63.4,56.1,4,5,1.96,Beginner,Moderate,Medium
52.0,43.9,7,5.7,0.5,47.6,52.1,1,6,2.28,Intermediate,Slow,High
41.5,64.6,13,11.5,0.89,52.4,61.5,5,4,2.92,Intermediate,Fast,Medium
39.8,32.2,12,11.6,0.84,32.1,48.4,5,0,1.75,Intermediate,Fast,High
35.4,32.4,2,12.1,0.44,74.2,37.4,1,2,1.0,Beginner,Slow,High
74.4,89.4,13,9.5,0.52,40.6,66.6,4,2,2.88,Advanced,Moderate,Medium
68.7,64.3,18,11.7,0.77,80.2,77.0,0,2,3.09,Advanced,Moderate,Medium
79.4,76.1,11,9.6,0.64,48.8,55.3,5,0,2.81,Advanced,Moderate,Medium
63.0,61.4,10,11.0,0.81,69.5,17.2,4,8,1.48,Beginner,Moderate,Medium
68.2,73.8,13,7.8,0.72,37.4,52.5,1,0,3.88,Advanced,Moderate,Medium
68.8,74.3,7,6.0,0.6,36.8,59.7,5,1,2.47,Intermediate,Moderate,Medium
75.6,79.5,6,4.9,0.47,28.1,73.8,4,6,3.05,Advanced,Moderate,Medium
55.7,70.3,11,11.9,0.92,62.1,40.8,1,4,1.84,Intermediate,Fast,Medium
49.3,61.3,10,11.8,0.51,53.6,70.3,4,2,2.61,Intermediate,Moderate,Medium
43.0,46.4,0,3.3,0.54,78.0,12.8,2,3,1.15,Beginner,Slow,High
73.9,67.1,17,12.0,0.83,49.9,58.9,3,8,2.49,Intermediate,Fast,Medium
49.7,66.5,12,7.7,0.5,55.0,46.1,2,8,2.27,Intermediate,Moderate,Medium
71.6,76.3,10,6.7,0.66,43.2,55.8,2,8,2.31,Intermediate,Moderate,Medium
39.7,50.2,9,11.9,0.56,77.1,38.8,0,5,1.71,Intermediate,Moderate,High
54.5,55.3,9,8.5,0.57,51.8,36.7,0,0,2.05,Intermediate,Moderate,High
55.7,49.9,13,9.4,0.33,54.5,70.2,3,6,3.27,Intermediate,Slow,High
74.8,79.7,11,13.8,0.75,43.5,36.6,5,6,2.33,Intermediate,Slow,Medium
75.2,79.0,25,13.0,1.0,38.9,65.1,3,1,3.77,Advanced,Fast,Low
76.3,76.9,10,2.8,0.5,45.1,83.3,4,1,2.69,Advanced,Slow,Medium
84.4,80.6,15,10.6,0.69,54.5,51.6,5,2,3.54,Advanced,Moderate,High
48.6,49.9,16,14.3,0.82,53.5,54.8,0,8,2.51,Intermediate,Fast,Medium
68.6,60.2,5,6.5,0.56,27.7,71.1,1,0,2.95,Advanced,Slow,Medium
88.7,97.6,9,8.0,0.56,28.9,72.8,1,7,3.2,Advanced,Moderate,Low
70.5,66.9,10,5.7,0.53,21.1,67.3,4,0,3.09,Advanced,Moderate,Medium
81.9,82.6,1,3.9,0.26,12.8,80.1,4,0,2.77,Advanced,Moderate,Medium
30.9,47.7,10,11.3,0.83,45.8,24.4,2,4,2.71,Intermediate,Fast,Medium
50.1,29.0,7,2.5,0.46,47.1,66.8,0,8,2.79,Intermediate,Slow,High
51.9,55.4,2,4.1,0.24,52.2,29.1,4,5,1.0,Intermediate,Slow,Medium
65.0,76.1,12,3.4,0.69,47.5,55.5,5,6,2.4,Intermediate,Moderate,Medium
50.9,67.4,9,11.8,0.86,53.9,41.6,5,8,1.55,Intermediate,Fast,Medium
95.9,92.6,6,3.2,0.23,39.6,76.7,2,6,4.0,Advanced,Slow,Medium
44.7,60.7,6,6.5,0.59,44.1,32.7,3,6,1.79,Intermediate,Moderate,Medium
61.6,55.3,12,9.4,0.56,50.6,52.9,4,3,2.41,Intermediate,Slow,High
43.2,46.1,5,10.7,0.54,49.1,37.6,0,5,1.78,Intermediate,Moderate,High
78.6,76.6,14,10.0,0.5,33.8,52.6,1,7,2.33,Intermediate,Moderate,Medium
41.0,45.5,0,10.1,0.59,52.2,45.9,4,4,2.67,Intermediate,Moderate,High
61.1,60.0,9,4.4,0.51,39.5,65.3,2,7,2.52,Intermediate,Moderate,Medium
54.6,47.6,8,9.3,0.43,32.9,46.9,1,4,2.58,Intermediate,Moderate,High
71.2,58.1,20,9.0,0.54,30.6,81.1,2,5,3.45,Advanced,Moderate,Medium
62.4,73.0,5,8.8,0.55,54.8,38.1,1,7,2.37,Intermediate,Moderate,Medium
71.8,78.9,5,9.5,0.8,37.9,54.5,4,3,2.65,Intermediate,Fast,Medium
76.0,63.4,22,13.7,0.65,52.8,74.7,5,8,3.35,Advanced,Moderate,Medium
86.8,95.1,2,0.5,0.4,39.2,76.0,4,1,3.7,Advanced,Slow,Medium
58.1,56.9,10,13.6,0.63,61.3,38.5,1,0,2.58,Intermediate,Moderate,High
51.4,63.4,17,15.3,0.63,61.6,62.8,5,1,3.03,Intermediate,Moderate,Medium
59.1,75.1,8,10.4,0.68,59.7,47.3,5,7,3.4,Intermediate,Moderate,Low
62.3,65.7,3,6.0,0.22,38.5,53.8,2,0,2.46,Intermediate,Slow,High
47.3,45.8,10,7.8,0.44,45.6,44.0,4,1,2.31,Intermediate,Moderate,High
43.1,48.0,5,5.3,0.72,43.1,58.3,0,4,2.91,Intermediate,Moderate,Low
31.4,39.1,5,4.9,0.19,47.0,26.5,5,8,1.2,Beginner,Slow,Low
59.7,54.1,17,16.1,0.66,41.1,40.4,1,3,1.99,Intermediate,Fast,Medium
58.8,58.8,18,13.4,0.43,49.1,56.0,3,3,2.86,Intermediate,Moderate,High
53.6,53.6,10,11.1,0.65,51.4,57.5,1,8,2.3,Intermediate,Moderate,Medium
60.4,54.0,12,8.9,0.47,40.3,66.2,1,1,3.17,Intermediate,Moderate,High
63.7,70.7,5,7.1,0.62,43.8,68.8,5,4,3.3,Advanced,Moderate,Medium
41.2,42.5,4,11.1,0.69,59.4,11.3,0,1,1.39,Beginner,Moderate,High
52.6,42.2,7,8.0,0.42,56.9,17.6,1,5,1.4,Beginner,Slow,High
53.9,52.5,2,6.7,0.38,51.8,55.2,1,8,2.3,Intermediate,Slow,High
84.1,100.0,17,8.5,0.67,16.6,67.4,1,6,3.72,Advanced,Fast,Low
53.5,43.4,2,3.8,0.25,53.1,30.0,3,1,1.14,Beginner,Slow,High
59.5,48.3,5,3.6,0.37,58.1,32.5,1,1,2.17,Intermediate,Slow,High
61.1,68.4,11,10.4,0.51,62.8,41.6,4,2,2.09,Intermediate,Moderate,Low
53.9,48.7,7,9.6,0.68,53.8,43.3,0,7,1.94,Intermediate,Moderate,Low
26.2,21.8,10,10.7,0.41,69.8,29.2,1,6,1.53,Beginner,Slow,High
79.5,91.0,13,13.8,0.89,46.2,56.8,4,3,3.32,Advanced,Fast,Low
38.2,47.4,6,4.7,0.4,49.7,38.1,1,7,2.07,Intermediate,Slow,High
55.8,50.8,16,18.1,0.82,49.2,57.5,0,0,2.68,Intermediate,Fast,Medium
55.6,59.6,15,8.4,0.61,43.8,46.7,1,3,2.02,Intermediate,Moderate,Medium
55.8,53.8,2,2.5,0.31,57.2,45.8,0,7,2.26,Intermediate,Slow,High
64.0,73.9,7,4.3,0.58,46.2,55.1,3,8,3.06,Intermediate,Moderate,Medium
31.7,36.4,11,13.9,0.83,49.4,40.4,4,6,1.89,Intermediate,Fast,High
53.5,45.9,12,8.2,0.68,41.8,33.1,0,7,1.0,Beginner,Moderate,High
69.5,46.7,5,6.9,0.33,39.0,78.0,4,2,3.76,Advanced,Slow,High
74.1,63.7,6,9.5,0.62,55.3,42.8,1,1,2.37,Intermediate,Moderate,Medium
41.8,35.1,10,11.9,0.7,72.3,50.6,1,0,1.97,Intermediate,Moderate,High
72.0,74.0,19,10.7,0.59,17.6,65.8,5,3,2.94,Advanced,Fast,Medium
70.9,73.0,16,10.1,0.64,56.3,73.6,0,1,3.78,Advanced,Moderate,Medium
60.2,60.7,12,11.4,0.8,32.2,53.6,0,2,3.03,Intermediate,Fast,Medium
77.1,80.7,15,18.5,0.87,45.4,60.6,2,5,3.61,Advanced,Fast,Medium
39.4,45.9,1,3.5,0.39,56.1,32.1,5,5,1.59,Advanced,Slow,High
48.7,43.8,7,9.7,0.63,63.9,39.5,1,3,1.0,Beginner,Moderate,High
61.7,71.8,7,9.3,0.57,67.3,49.8,5,1,2.3,Intermediate,Fast,Medium
49.3,50.6,16,12.0,0.7,17.2,49.1,3,6,2.48,Intermediate,Fast,Medium
75.8,85.9,15,14.1,1.0,66.5,59.5,3,7,3.07,Advanced,Fast,Low
60.7,60.6,13,10.1,0.79,26.7,46.2,1,1,2.65,Intermediate,Fast,Medium
64.3,67.4,13,9.3,0.51,35.7,83.0,5,4,3.17,Advanced,Moderate,Medium
72.9,68.6,12,11.7,0.85,51.4,53.1,2,4,2.2,Intermediate,Fast,Medium
65.7,78.1,9,5.2,0.52,55.1,59.1,1,5,2.51,Beginner,Moderate,Medium
83.2,77.4,14,6.0,0.62,45.0,63.9,0,5,2.91,Advanced,Fast,Low
34.3,37.3,8,10.8,0.52,69.5,18.4,3,2,1.09,Intermediate,Moderate,High
39.6,28.9,3,6.1,0.31,46.2,56.0,0,8,1.99,Intermediate,Slow,Low
71.2,82.7,6,16.6,0.74,54.3,58.7,1,5,2.69,Advanced,Fast,Medium
72.4,76.2,10,5.7,0.57,34.6,71.8,3,3,2.71,Advanced,Moderate,Medium
40.3,44.1,8,10.8,0.56,65.1,28.2,2,5,2.01,Beginner,Moderate,High
42.2,42.7,2,5.9,0.34,61.6,33.7,0,4,2.37,Intermediate,Slow,High
41.5,48.7,4,9.4,0.67,49.9,15.9,1,0,1.22,Beginner,Slow,High
93.2,89.0,0,2.8,0.5,47.8,62.1,0,3,2.68,Advanced,Slow,Medium
89.4,100.0,10,8.7,0.63,37.2,73.1,4,8,2.84,Advanced,Moderate,High
49.0,57.7,5,3.9,0.42,76.4,49.9,2,0,2.24,Intermediate,Slow,Medium
71.3,75.5,9,10.2,0.55,45.2,60.0,3,1,2.98,Advanced,Moderate,Medium
67.0,74.4,16,15.0,0.61,58.8,49.3,1,6,2.44,Intermediate,Moderate,Medium
45.4,40.0,4,7.9,0.57,62.3,14.2,4,0,1.13,Beginner,Slow,High
61.9,45.3,8,10.4,0.56,52.0,44.1,1,8,1.74,Intermediate,Moderate,High
67.3,66.4,10,10.1,0.65,54.8,39.0,1,8,2.18,Intermediate,Moderate,Medium
75.6,71.3,12,13.8,0.79,44.5,41.2,0,1,2.68,Intermediate,Fast,High
36.3,40.5,4,11.3,0.61,73.2,13.2,1,3,1.75,Beginner,Moderate,High
92.9,89.6,21,10.6,0.78,35.5,79.4,2,8,3.57,Advanced,Fast,Low
70.4,57.8,16,10.9,0.52,28.9,97.1,0,2,4.0,Advanced,Moderate,Medium
58.2,60.5,7,4.7,0.68,55.0,56.3,5,4,2.86,Intermediate,Moderate,Medium
74.0,78.3,11,18.8,0.62,65.3,48.0,1,3,2.97,Intermediate,Moderate,Medium
48.3,46.0,19,11.7,0.66,32.5,44.2,5,7,2.61,Intermediate,Moderate,High
58.7,65.8,1,4.3,0.52,65.9,24.0,5,4,1.88,Intermediate,Slow,Medium
60.5,73.5,16,14.0,0.84,36.5,67.7,3,2,2.87,Advanced,Fast,Low
64.1,57.1,4,6.2,0.35,36.7,73.9,0,1,4.0,Advanced,Slow,Low
83.3,92.4,14,7.1,0.59,29.5,74.6,3,3,3.36,Advanced,Moderate,Low
52.3,51.0,4,9.6,0.29,57.7,38.1,0,4,2.59,Intermediate,Slow,High
42.7,53.9,3,10.8,0.48,75.3,28.3,2,2,1.6,Beginner,Slow,High
68.7,68.4,5,6.6,0.58,32.3,59.4,4,8,2.69,Intermediate,Moderate,Medium
56.6,61.0,12,8.3,0.52,61.9,27.4,0,3,2.04,Advanced,Fast,Medium
63.3,52.8,2,2.3,0.47,89.4,44.6,4,2,2.32,Intermediate,Slow,High
32.9,34.4,4,8.7,0.44,50.8,34.4,1,6,1.42,Beginner,Moderate,High
43.9,48.2,8,4.3,0.48,49.1,63.8,3,8,2.32,Intermediate,Slow,High
76.2,67.8,6,6.4,0.24,39.6,64.6,0,5,3.11,Advanced,Slow,High
86.6,88.4,9,9.5,0.36,52.6,69.3,0,5,3.05,Advanced,Slow,Medium
37.4,47.9,9,10.8,0.59,37.3,14.3,3,6,1.59,Advanced,Moderate,Medium
72.6,80.8,18,11.6,0.83,32.3,81.4,5,7,3.55,Advanced,Fast,Low
54.7,50.6,5,13.6,0.52,59.4,30.4,5,7,1.85,Intermediate,Moderate,High
75.0,76.4,14,3.8,0.36,24.5,57.5,5,1,3.26,Advanced,Moderate,Medium
60.8,62.6,5,9.1,0.52,69.8,48.0,0,8,2.59,Intermediate,Slow,High
29.7,45.2,5,8.0,0.71,58.8,35.1,5,5,1.73,Beginner,Moderate,High
73.1,85.9,30,10.0,0.92,26.0,81.5,1,7,3.06,Advanced,Fast,Low
78.1,87.1,11,11.4,0.79,42.3,81.7,0,7,3.12,Advanced,Fast,Low
63.1,60.2,10,15.8,0.68,61.2,18.3,4,6,1.93,Intermediate,Moderate,Medium
71.9,60.4,4,6.6,0.37,64.4,57.2,0,3,1.83,Intermediate,Fast,High
62.7,66.8,9,10.0,0.89,71.2,39.0,5,0,2.26,Intermediate,Moderate,Medium
47.6,44.5,23,9.9,0.72,44.2,64.6,0,8,3.33,Intermediate,Moderate,High
42.8,59.8,8,9.4,0.58,59.0,48.3,1,2,2.44,Intermediate,Moderate,Medium
47.6,36.7,3,6.9,0.69,78.1,15.1,3,5,1.38,Beginner,Slow,High
45.4,47.0,2,10.8,0.43,88.1,19.8,5,0,2.24,Beginner,Fast,High
47.2,42.5,7,10.6,0.6,57.6,55.8,0,6,2.2,Intermediate,Moderate,High
49.8,42.8,4,1.8,0.64,53.0,23.2,4,7,1.26,Beginner,Slow,High
76.2,69.5,7,3.2,0.38,44.0,60.4,0,7,3.18,Intermediate,Slow,Medium
59.3,40.1,12,8.0,0.84,17.0,61.3,2,1,2.68,Intermediate,Fast,High
79.0,94.3,8,14.2,0.62,44.4,95.8,4,7,3.48,Advanced,Fast,Low
69.3,75.1,5,9.3,0.63,57.0,65.2,0,1,2.03,Intermediate,Moderate,Medium
23.1,29.2,2,6.7,0.15,76.8,4.4,2,3,1.19,Beginner,Slow,High
33.4,32.6,5,3.5,0.68,49.6,22.2,2,6,1.3,Beginner,Moderate,High
45.8,46.5,7,14.4,0.73,74.7,38.9,0,4,1.18,Beginner,Moderate,High
54.6,50.6,3,8.6,0.39,60.4,55.3,3,5,2.52,Intermediate,Slow,High
83.7,89.7,9,8.1,0.69,38.7,87.4,2,5,3.23,Advanced,Moderate,Low
60.4,57.4,7,6.5,0.68,47.4,31.6,0,2,2.0,Intermediate,Fast,Medium
50.1,67.7,4,9.8,0.79,49.7,36.2,0,2,1.35,Intermediate,Fast,Medium
64.4,55.3,7,12.2,0.72,39.5,35.2,0,1,2.54,Intermediate,Moderate,Medium
55.8,48.4,12,12.3,0.58,41.3,63.5,0,1,2.31,Intermediate,Moderate,High
19.6,20.6,8,16.2,0.99,56.9,28.6,5,1,1.61,Beginner,Fast,Low
74.7,81.5,12,14.5,0.76,74.3,53.5,3,7,2.6,Intermediate,Moderate,Medium
74.7,86.9,6,9.5,0.43,40.6,55.8,1,6,3.66,Advanced,Fast,Medium
74.1,86.4,6,13.5,0.53,52.6,41.3,3,6,2.58,Intermediate,Moderate,Medium
78.3,78.9,23,5.7,0.94,55.7,62.4,5,3,2.93,Advanced,Moderate,High
48.4,52.0,11,13.5,0.77,50.3,48.0,2,3,2.01,Intermediate,Fast,Medium
38.6,33.6,6,0.9,0.54,65.6,25.8,1,5,2.24,Beginner,Slow,High
56.5,64.4,13,13.2,0.9,47.3,38.8,5,6,2.3,Intermediate,Fast,Medium
86.3,88.3,10,4.2,0.3,31.3,68.1,1,0,3.55,Advanced,Slow,Medium
46.8,44.5,7,10.5,0.69,37.7,36.7,3,1,2.48,Intermediate,Moderate,High
59.4,60.2,11,11.3,0.62,55.9,33.8,5,7,1.88,Intermediate,Moderate,Medium
80.0,79.5,14,13.3,0.88,55.7,71.5,0,5,3.26,Advanced,Fast,Medium
93.3,89.3,13,6.1,0.3,41.0,61.5,1,5,2.78,Advanced,Slow,Medium
68.0,83.1,10,9.9,0.86,35.7,62.5,2,7,2.61,Advanced,Fast,Low
63.8,59.1,13,7.4,0.64,60.6,75.7,3,4,2.46,Intermediate,Moderate,Medium
76.2,89.2,21,17.6,0.82,61.2,75.1,3,7,3.04,Advanced,Fast,Low
38.0,52.3,10,13.5,0.57,88.1,46.4,1,4,2.05,Intermediate,Moderate,High
42.6,36.7,2,10.3,0.47,81.9,27.9,4,8,1.27,Beginner,Slow,High
49.5,63.2,10,8.9,0.36,53.6,47.1,1,5,2.22,Intermediate,Moderate,Medium
50.2,48.8,5,11.7,0.46,63.0,21.2,3,2,1.08,Intermediate,Moderate,High
54.4,45.9,4,3.5,0.37,71.3,28.0,3,8,1.3,Beginner,Slow,High
43.4,48.9,11,10.1,0.7,42.1,53.8,0,6,2.04,Intermediate,Moderate,Medium
80.4,83.6,3,4.2,0.11,22.6,95.3,5,7,3.24,Advanced,Slow,Medium
93.9,79.5,12,8.7,0.66,36.2,77.6,1,3,3.48,Advanced,Moderate,Medium
85.4,82.9,4,5.0,0.27,35.5,70.8,4,0,3.81,Advanced,Slow,Medium
65.8,60.0,3,6.5,0.3,57.9,36.7,5,7,2.35,Intermediate,Slow,High
77.8,77.4,11,6.1,0.77,18.3,77.3,2,3,3.04,Advanced,Fast,Medium
50.0,59.8,4,10.1,0.36,69.2,32.6,3,1,1.98,Intermediate,Slow,Low
76.3,70.4,9,8.9,0.5,54.0,60.4,3,5,3.24,Advanced,Moderate,Medium
80.9,95.7,5,3.1,0.38,33.0,69.8,1,7,3.0,Advanced,Moderate,Low
54.0,61.5,8,4.6,0.34,57.3,41.3,2,3,2.51,Intermediate,Slow,High
41.7,42.0,0,0.5,0.22,64.7,15.3,3,4,1.66,Beginner,Slow,High
43.9,55.1,6,12.8,0.76,52.7,10.9,2,4,1.54,Beginner,Fast,Medium
86.9,93.8,7,9.3,0.45,37.5,63.0,1,6,3.55,Advanced,Moderate,Medium
48.8,39.5,0,2.6,0.25,86.6,15.9,3,3,1.06,Beginner,Slow,High
71.2,90.9,17,8.3,0.71,19.0,54.8,3,4,3.18,Advanced,Fast,Low
31.5,37.9,3,13.8,0.59,63.1,29.7,2,2,2.12,Beginner,Moderate,High
63.0,62.0,5,4.3,0.64,48.9,66.2,4,5,3.28,Advanced,Slow,Medium
43.5,55.6,7,12.5,0.65,85.3,19.7,3,4,1.21,Advanced,Slow,High
49.7,66.2,4,7.2,0.94,63.5,39.7,4,3,1.7,Intermediate,Fast,Medium
54.8,48.2,6,12.5,0.67,48.5,22.1,0,4,1.77,Beginner,Moderate,High
66.4,67.4,4,10.2,0.39,66.2,27.6,1,0,1.81,Intermediate,Slow,High
72.3,83.5,12,11.6,0.7,20.4,79.8,3,0,3.39,Advanced,Fast,Low
60.7,60.4,20,9.7,1.0,23.5,57.2,4,8,3.1,Intermediate,Fast,Medium
72.9,74.7,9,3.7,0.75,37.0,45.9,2,2,2.49,Beginner,Moderate,Medium
60.2,83.4,22,15.9,0.81,41.3,39.1,1,8,2.56,Intermediate,Fast,Low
72.8,82.7,16,13.6,0.91,45.7,60.7,4,6,2.66,Advanced,Fast,Low
78.6,90.2,10,5.7,0.36,60.4,71.3,3,0,3.47,Advanced,Slow,High
54.3,54.8,11,13.8,0.86,65.9,46.4,4,8,2.22,Intermediate,Fast,Medium
64.0,69.5,16,9.5,0.77,34.2,46.8,0,4,2.01,Intermediate,Fast,High
40.3,48.1,8,9.8,0.62,67.5,18.6,4,7,2.03,Beginner,Moderate,High
63.8,70.4,11,12.7,0.84,74.3,51.8,3,5,2.5,Intermediate,Moderate,Medium
63.2,63.5,4,10.6,0.47,35.9,61.8,0,4,2.77,Intermediate,Moderate,Medium
38.5,40.3,6,2.4,0.31,51.2,20.5,4,8,1.91,Beginner,Slow,High
69.5,70.7,3,8.5,0.32,46.4,66.7,2,4,2.84,Advanced,Slow,Medium
57.9,71.6,8,1.7,0.42,48.2,37.5,1,5,2.11,Intermediate,Slow,Medium
47.8,62.6,5,9.7,0.73,79.4,18.7,1,0,1.32,Beginner,Moderate,Medium
75.4,80.9,11,9.9,0.47,21.7,73.0,3,8,3.48,Advanced,Moderate,Medium
74.5,83.0,5,12.9,0.17,25.6,80.0,3,3,3.52,Advanced,Moderate,Medium
28.1,33.6,10,10.7,0.65,51.7,43.3,2,4,2.13,Intermediate,Moderate,High
77.7,78.4,12,5.3,0.53,35.0,79.6,0,0,3.25,Advanced,Moderate,Medium
58.5,60.5,16,10.4,0.66,63.1,43.3,1,4,1.93,Intermediate,Moderate,Medium
53.3,55.5,5,6.1,0.31,64.7,31.6,5,1,1.51,Intermediate,Slow,High
53.9,66.7,15,8.1,0.88,47.4,35.5,5,2,2.37,Intermediate,Fast,Medium
46.8,65.6,8,12.3,0.49,52.0,26.4,2,4,1.49,Intermediate,Moderate,Medium
98.1,100.0,6,4.1,0.44,22.7,92.1,1,1,3.75,Advanced,Moderate,Low
31.3,39.3,6,16.4,0.53,75.2,28.6,0,0,1.6,Beginner,Moderate,High
65.6,72.3,8,6.0,0.42,29.1,62.7,1,6,3.38,Advanced,Moderate,Medium
69.1,55.9,12,9.7,0.43,59.2,55.3,5,2,2.58,Intermediate,Slow,High
66.9,76.6,7,12.0,0.55,34.4,53.6,4,0,3.01,Intermediate,Moderate,Medium
27.0,18.2,2,1.5,0.39,69.7,19.8,4,2,1.0,Beginner,Slow,High
92.8,87.5,14,15.4,0.83,49.7,67.6,5,7,3.42,Advanced,Fast,Low
36.8,35.2,5,15.7,0.74,62.3,37.9,3,4,2.18,Beginner,Moderate,High
61.3,63.7,5,11.4,0.94,41.1,48.0,5,2,2.72,Intermediate,Fast,Medium
85.5,80.1,11,9.7,0.86,45.4,51.6,3,8,2.99,Advanced,Fast,Medium
42.5,43.4,13,10.5,0.71,34.1,40.0,4,2,1.0,Beginner,Fast,High
41.9,50.5,11,5.3,0.64,35.3,27.9,2,3,1.7,Beginner,Fast,Medium
37.3,36.1,16,11.5,0.67,43.3,64.7,3,6,3.28,Advanced,Moderate,High
41.2,43.4,5,7.6,0.45,61.9,12.0,2,3,2.06,Beginner,Slow,High
60.5,61.9,6,10.0,0.63,66.6,32.3,3,5,2.58,Intermediate,Moderate,Medium
53.9,63.5,3,9.9,0.38,80.0,29.8,1,3,1.93,Beginner,Slow,High
59.7,42.0,9,4.3,0.45,55.1,38.6,2,0,2.42,Intermediate,Slow,High
55.1,56.4,5,10.2,0.48,30.7,80.8,1,0,3.63,Advanced,Moderate,Medium
40.9,35.3,6,12.0,0.84,66.5,45.2,0,2,2.27,Intermediate,Slow,High
52.1,53.6,6,8.3,0.45,54.0,19.0,2,8,2.47,Intermediate,Slow,High
37.8,26.4,15,10.9,0.62,71.8,46.6,2,3,1.81,Intermediate,Moderate,High
54.9,68.4,10,14.6,0.76,33.6,43.5,3,6,2.33,Intermediate,Fast,Medium
62.6,80.5,16,16.3,0.76,47.2,73.1,0,3,2.61,Advanced,Fast,Medium
59.9,76.1,10,8.2,0.63,50.6,43.4,4,1,2.75,Intermediate,Fast,Medium
38.7,36.4,2,10.4,0.71,72.6,14.3,2,3,1.74,Beginner,Moderate,High
30.4,35.7,4,3.8,0.44,60.2,16.0,1,8,1.51,Beginner,Slow,High
51.2,67.0,10,8.9,0.55,65.3,28.1,1,4,1.68,Intermediate,Moderate,Low
64.7,68.3,15,15.5,0.73,36.7,84.5,2,2,3.68,Advanced,Fast,Medium
45.5,38.3,8,7.0,0.47,56.9,41.4,3,4,2.07,Intermediate,Slow,High
60.8,51.6,5,2.6,0.56,51.3,62.8,1,7,1.84,Intermediate,Slow,High
62.1,63.6,12,6.6,0.5,30.9,53.8,4,2,3.3,Intermediate,Moderate,Medium
100.0,94.0,17,9.1,0.52,47.9,100.0,1,8,4.0,Advanced,Moderate,Medium
68.0,88.3,8,7.1,0.63,59.8,54.4,1,3,2.45,Advanced,Moderate,Medium
78.3,66.1,8,8.7,0.41,52.6,68.9,2,8,3.11,Advanced,Slow,High
78.8,78.0,4,4.6,0.5,45.0,44.5,0,8,2.7,Intermediate,Moderate,High
45.5,32.2,4,5.7,0.32,64.0,39.7,2,7,2.17,Intermediate,Slow,High
44.0,49.7,7,10.2,0.85,81.2,54.0,0,7,1.72,Intermediate,Moderate,High
60.1,78.3,2,2.5,0.41,44.8,61.1,5,1,3.21,Advanced,Slow,Medium
52.4,53.9,9,8.1,0.59,64.3,17.7,2,2,1.73,Beginner,Moderate,High
74.3,77.9,5,1.7,0.28,17.6,53.7,0,4,2.82,Intermediate,Slow,Medium
63.3,66.0,9,9.9,0.62,64.2,25.4,2,8,2.34,Intermediate,Moderate,Medium
55.2,59.2,8,9.5,0.42,44.1,54.3,3,7,2.37,Intermediate,Moderate,Medium
47.3,63.7,8,6.5,0.41,89.5,43.1,1,1,1.85,Intermediate,Slow,High
62.4,59.6,14,6.9,0.54,15.2,41.2,3,8,2.65,Intermediate,Moderate,Medium
43.4,53.5,4,9.1,0.64,52.6,50.5,5,1,2.27,Intermediate,Moderate,Medium
56.8,68.7,4,8.2,0.3,32.6,45.7,1,5,2.48,Intermediate,Moderate,Medium
55.8,64.4,11,2.8,0.49,54.8,49.2,0,1,1.98,Intermediate,Slow,Medium
35.1,53.0,3,9.2,0.89,74.1,35.9,1,6,1.35,Beginner,Moderate,Low
47.2,41.2,6,4.8,0.39,49.9,52.1,0,1,2.1,Intermediate,Slow,High
30.8,20.5,6,3.6,0.58,45.0,60.4,1,4,2.19,Intermediate,Slow,High
23.8,15.3,3,5.2,0.34,60.5,17.4,5,2,1.61,Beginner,Slow,High
64.8,66.9,12,9.1,0.68,62.9,44.6,5,4,3.14,Intermediate,Moderate,Medium
98.8,100.0,13,7.6,0.4,43.2,72.5,1,1,3.53,Advanced,Moderate,Medium
72.9,79.5,16,11.4,0.7,42.2,57.2,5,8,2.36,Intermediate,Fast,Medium
49.1,38.8,12,6.7,0.83,50.5,34.7,3,4,2.81,Intermediate,Moderate,High
60.2,80.4,13,7.0,0.53,57.6,65.3,4,2,3.53,Beginner,Moderate,Low
77.6,84.3,13,13.0,0.86,78.4,67.4,5,7,2.38,Advanced,Moderate,Medium
32.6,39.1,7,10.4,0.44,56.0,43.9,1,6,2.44,Intermediate,Moderate,Low
82.7,93.6,16,10.9,0.73,70.7,59.1,5,3,2.71,Advanced,Moderate,Low
37.4,46.2,8,8.5,0.81,70.3,31.5,1,0,1.3,Beginner,Fast,High
52.8,66.3,9,5.9,0.56,62.2,55.3,0,0,2.01,Intermediate,Moderate,Medium
27.2,19.2,9,14.2,0.69,39.3,10.4,1,6,1.0,Beginner,Moderate,High
28.9,15.2,3,5.3,0.28,70.4,11.6,2,8,1.0,Beginner,Slow,High
61.8,72.6,21,18.6,0.82,60.9,62.2,4,7,2.8,Advanced,Fast,Medium
68.5,74.0,15,10.7,0.49,62.3,66.6,4,7,2.68,Advanced,Moderate,Medium
79.1,85.7,14,14.9,0.71,46.2,86.6,0,5,3.69,Advanced,Fast,Medium
86.5,93.8,14,16.4,0.94,46.8,78.3,0,3,3.77,Advanced,Fast,Low
37.9,38.7,9,9.9,0.5,67.9,67.9,1,7,2.69,Intermediate,Slow,High
65.5,74.6,9,9.7,0.38,38.9,59.6,4,7,3.62,Advanced,Moderate,Medium
66.1,69.2,7,8.2,0.43,53.7,62.5,2,3,2.96,Beginner,Slow,Medium
57.9,68.5,10,7.3,0.28,44.9,53.3,3,0,2.44,Intermediate,Slow,Medium
41.7,49.8,7,8.8,0.33,46.0,25.3,5,1,1.0,Beginner,Slow,High
78.4,76.9,10,13.5,0.74,52.4,53.1,0,2,3.18,Advanced,Moderate,Medium
51.0,49.4,7,6.0,0.4,71.2,32.4,4,8,1.97,Beginner,Slow,High
64.4,66.8,6,8.2,0.47,37.0,61.1,2,2,3.25,Intermediate,Moderate,Medium
44.7,55.6,12,9.7,0.67,41.8,29.8,0,5,2.19,Intermediate,Moderate,Medium
69.8,73.0,17,10.1,0.79,68.0,50.6,2,8,3.31,Advanced,Moderate,Medium
54.7,60.0,8,8.9,0.48,69.7,49.9,4,4,2.55,Intermediate,Slow,High
72.6,76.1,12,9.6,0.93,67.4,37.7,5,4,2.64,Intermediate,Moderate,Medium
63.0,41.6,2,0.5,0.29,47.7,45.4,4,2,3.36,Intermediate,Slow,High
100.0,100.0,23,13.6,0.54,44.4,86.2,2,7,3.9,Beginner,Moderate,Low
92.4,100.0,26,12.7,0.88,29.3,67.3,1,2,2.97,Advanced,Fast,Low
39.6,54.7,4,6.1,0.47,49.7,31.8,5,3,1.7,Beginner,Moderate,High
69.2,79.1,26,12.1,0.74,47.4,36.7,4,2,2.67,Intermediate,Fast,Medium
70.2,58.4,6,3.5,0.44,51.6,50.1,2,3,2.74,Advanced,Slow,High
49.9,36.9,8,9.5,0.57,62.3,54.0,4,4,2.85,Intermediate,Slow,High
56.7,60.3,4,1.9,0.47,44.9,50.0,3,5,2.71,Intermediate,Slow,Medium
41.1,35.5,4,6.0,0.42,55.5,72.2,2,5,2.01,Advanced,Slow,High
64.2,70.7,11,17.7,0.79,54.0,44.7,5,3,2.05,Intermediate,Fast,Medium
59.3,60.8,9,13.4,0.83,60.2,14.5,0,6,1.63,Beginner,Fast,Medium
40.5,34.5,10,7.0,0.71,67.6,33.3,2,2,2.32,Intermediate,Moderate,High
94.8,99.7,8,4.2,0.28,40.5,82.7,4,4,3.79,Advanced,Slow,Medium
77.9,75.6,15,10.0,0.82,39.0,46.0,5,5,2.27,Intermediate,Fast,Medium
66.2,78.9,20,11.5,1.0,56.9,70.5,5,5,2.85,Advanced,Fast,Low
82.9,100.0,20,11.2,0.76,22.0,71.8,1,1,3.21,Advanced,Fast,Low
41.4,53.9,6,11.5,0.78,53.5,37.5,2,6,1.29,Beginner,Fast,Medium
37.2,22.9,17,15.0,0.85,63.0,65.6,1,6,2.68,Intermediate,Moderate,Low
49.7,59.6,12,12.7,0.72,60.1,53.0,4,6,2.17,Intermediate,Moderate,Medium
100.0,91.7,16,14.3,0.72,68.8,73.1,2,5,3.14,Advanced,Moderate,Medium
92.0,67.4,8,1.8,0.54,21.2,95.1,0,4,4.0,Advanced,Slow,Medium
89.3,92.4,8,7.8,0.37,38.1,58.1,2,1,3.11,Advanced,Moderate,Medium
61.0,69.7,11,9.5,0.75,43.3,20.0,2,8,2.07,Intermediate,Fast,Medium
79.5,76.3,17,12.7,0.65,51.9,66.9,3,4,3.51,Advanced,Moderate,Medium
80.5,88.0,9,14.7,0.91,59.4,60.0,3,3,3.32,Advanced,Fast,Low
76.7,86.7,6,6.4,0.47,42.6,73.9,2,4,3.14,Advanced,Moderate,Medium
42.2,50.3,7,11.1,0.91,68.0,33.2,3,1,1.55,Advanced,Fast,Medium
53.3,55.2,7,7.2,0.41,83.5,14.9,4,1,1.35,Beginner,Slow,High
41.8,40.1,7,12.3,0.8,47.4,21.2,1,0,2.23,Beginner,Fast,High
57.6,47.3,6,6.1,0.71,45.2,62.4,4,3,3.54,Intermediate,Moderate,High
41.7,59.5,7,7.9,0.62,68.4,42.7,1,7,2.53,Intermediate,Moderate,Medium
71.4,78.5,14,10.5,0.71,22.4,78.1,1,7,3.51,Advanced,Fast,Medium
59.9,58.8,6,7.9,0.22,49.8,53.9,1,4,3.46,Intermediate,Slow,High
75.1,67.2,10,5.9,0.44,44.7,60.8,3,1,3.38,Advanced,Slow,Medium
49.0,49.0,10,9.3,0.47,54.8,22.7,1,6,1.87,Beginner,Moderate,High
63.6,60.1,7,9.3,0.56,53.2,58.0,4,4,2.08,Intermediate,Moderate,Medium
67.7,65.7,6,11.4,0.51,66.7,35.5,2,5,1.91,Intermediate,Moderate,Medium
57.3,53.2,4,6.3,0.31,62.4,37.7,2,0,2.32,Intermediate,Slow,High
93.2,86.0,21,7.9,0.62,42.3,93.0,0,8,2.91,Advanced,Moderate,Medium
47.9,41.9,9,8.9,0.88,65.3,54.8,4,6,1.72,Intermediate,Slow,High
55.4,61.9,9,14.3,0.8,70.6,33.8,0,5,1.99,Intermediate,Moderate,Medium
62.0,78.0,7,7.2,0.64,54.0,44.1,4,2,1.91,Intermediate,Moderate,Medium
87.6,95.3,13,13.0,0.59,30.5,79.8,4,6,3.29,Advanced,Fast,Low
51.3,73.4,11,11.4,0.58,49.1,49.4,0,8,2.01,Intermediate,Moderate,Medium
56.1,63.9,10,10.5,0.62,50.8,49.2,1,8,2.83,Intermediate,Moderate,Medium
70.2,84.8,18,14.5,0.62,25.4,53.3,2,5,3.24,Advanced,Fast,Low
77.3,74.9,13,14.8,0.62,58.2,62.5,2,6,3.11,Advanced,Moderate,Medium
69.4,55.1,9,9.9,0.46,50.7,37.3,2,0,2.96,Intermediate,Slow,High
45.7,40.8,6,12.9,0.68,65.7,17.4,0,0,2.15,Beginner,Moderate,High
65.3,53.8,6,1.6,0.52,48.5,63.7,0,4,2.44,Intermediate,Slow,High
67.2,71.5,15,10.3,0.73,49.4,46.2,2,2,1.63,Intermediate,Moderate,Medium
84.8,86.9,15,14.8,0.39,52.7,82.6,4,7,4.0,Advanced,Moderate,Medium
81.8,91.0,17,7.9,0.68,58.6,78.4,3,8,2.75,Advanced,Moderate,Medium
58.7,83.3,8,9.2,0.35,30.0,60.8,0,6,2.64,Intermediate,Moderate,Medium
72.3,83.4,10,10.2,0.6,29.3,57.2,1,7,3.22,Advanced,Fast,Medium
46.9,70.6,4,10.5,0.3,55.9,59.2,2,1,1.96,Intermediate,Moderate,Medium
69.6,80.8,18,9.2,0.73,42.5,64.8,0,6,2.42,Advanced,Fast,Medium
73.8,66.8,3,4.9,0.37,62.3,50.7,5,6,3.28,Intermediate,Slow,High
58.0,67.4,9,8.2,0.29,32.3,64.3,1,2,3.78,Advanced,Moderate,Medium
34.9,51.9,3,10.4,0.54,59.6,37.0,3,4,1.33,Beginner,Moderate,High
57.7,75.9,9,7.3,0.64,65.2,32.4,4,2,1.47,Intermediate,Moderate,Medium
68.3,76.0,17,15.6,0.69,27.1,41.4,0,5,1.99,Intermediate,Fast,High
56.5,49.1,9,4.3,0.6,40.9,58.2,5,2,3.18,Intermediate,Moderate,High
62.5,75.9,11,6.0,0.72,33.0,54.4,1,3,2.85,Intermediate,Fast,Medium
78.2,100.0,13,15.9,0.7,29.1,71.3,1,2,2.47,Advanced,Fast,Low
70.8,79.0,8,2.9,0.44,55.6,56.9,4,8,2.4,Intermediate,Slow,Medium
71.6,65.6,5,5.7,0.38,71.7,54.7,2,7,3.85,Advanced,Slow,High
28.8,31.0,1,6.6,0.27,45.8,20.9,2,1,1.35,Beginner,Slow,High
58.5,73.2,13,12.0,0.6,38.3,70.6,0,4,3.94,Advanced,Fast,Medium
51.1,40.9,7,5.5,0.37,47.5,39.3,2,7,2.27,Intermediate,Slow,High
45.6,51.3,6,9.7,0.41,65.1,22.7,2,7,1.41,Beginner,Slow,High
81.9,67.3,9,9.0,0.59,31.8,70.5,5,6,2.95,Advanced,Moderate,Medium
78.9,76.0,13,9.6,0.36,40.8,61.5,1,8,3.47,Advanced,Moderate,Medium
48.8,36.5,16,12.1,0.88,39.4,39.9,3,6,1.93,Intermediate,Fast,High
45.3,61.7,6,7.9,0.43,56.0,32.0,5,4,2.31,Intermediate,Moderate,Medium
45.6,57.8,4,4.6,0.33,63.0,18.3,1,8,1.01,Beginner,Slow,High
79.8,75.5,8,6.2,0.33,35.2,84.0,0,0,4.0,Beginner,Slow,Medium
61.9,74.5,4,3.9,0.1,58.4,46.1,5,0,2.9,Intermediate,Slow,Medium
100.0,96.2,18,4.8,0.76,45.6,100.0,1,4,3.15,Advanced,Moderate,Low
45.4,47.1,9,12.8,0.94,50.3,48.8,5,5,1.82,Intermediate,Moderate,Medium
42.5,50.8,2,6.1,0.49,62.5,43.6,5,6,2.13,Advanced,Slow,High
71.0,79.9,5,7.5,0.54,36.2,63.0,2,8,3.33,Advanced,Moderate,Medium
54.2,66.0,7,9.8,0.77,56.3,48.3,1,6,2.18,Intermediate,Moderate,Medium
28.8,26.6,7,0.5,0.51,61.3,25.5,3,2,1.06,Beginner,Slow,High
60.4,71.2,6,8.2,0.5,50.9,69.8,0,5,2.29,Intermediate,Moderate,Medium
32.8,24.5,4,5.6,0.57,62.1,37.0,3,7,1.61,Beginner,Slow,High
68.9,70.9,8,6.1,0.4,53.0,53.6,3,8,3.41,Intermediate,Moderate,Medium
35.5,24.9,5,8.1,0.2,39.4,34.3,4,1,1.86,Beginner,Slow,High
65.7,77.0,4,3.7,0.34,36.8,18.2,1,5,2.49,Intermediate,Slow,Medium
24.5,29.3,3,6.1,0.25,62.2,35.7,4,1,2.29,Beginner,Fast,High
72.4,64.5,8,6.9,0.56,42.0,65.6,0,8,3.06,Advanced,Slow,Medium
66.3,100.0,4,7.4,0.4,42.2,63.1,5,6,3.01,Beginner,Moderate,Low
16.3,31.4,1,10.0,0.68,58.8,8.4,3,2,1.88,Beginner,Moderate,High
38.8,48.1,8,7.4,0.43,74.7,43.7,1,3,2.52,Intermediate,Slow,High
67.5,69.3,9,6.5,0.46,57.5,53.8,1,0,2.39,Intermediate,Slow,Medium
50.9,43.4,5,8.0,0.68,54.1,55.6,0,1,2.21,Intermediate,Moderate,High
62.3,55.2,4,12.8,0.61,46.9,42.8,1,6,2.37,Intermediate,Moderate,High
63.2,71.7,9,14.1,0.54,62.4,65.2,5,2,2.46,Intermediate,Moderate,Medium
85.8,86.1,15,10.4,0.7,47.0,87.9,4,8,3.59,Advanced,Moderate,Medium
40.9,38.6,7,5.0,0.5,50.4,47.1,0,3,2.25,Intermediate,Slow,High
57.3,47.0,4,4.6,0.46,32.6,57.8,0,3,2.79,Intermediate,Slow,High
56.9,61.4,4,8.2,0.37,64.5,46.6,2,5,2.15,Intermediate,Slow,High
68.9,90.5,14,10.2,0.54,11.7,90.6,5,6,3.37,Advanced,Fast,Low
69.0,65.9,9,10.5,0.8,36.4,48.4,0,7,2.3,Intermediate,Fast,Medium
47.0,35.7,4,8.6,0.39,49.8,45.8,2,6,2.14,Intermediate,Slow,High
38.8,33.6,1,10.8,0.41,74.9,26.1,1,1,1.39,Beginner,Slow,High
42.9,41.0,3,7.8,0.57,72.0,41.5,1,0,2.44,Intermediate,Slow,Low
37.6,35.6,9,8.0,0.64,31.1,52.8,3,7,2.23,Intermediate,Moderate,High
51.2,55.8,8,5.5,0.72,32.8,34.7,0,4,2.27,Intermediate,Moderate,Medium
51.2,53.8,13,10.3,0.8,68.1,50.4,5,6,2.26,Intermediate,Moderate,Medium
52.8,53.3,11,12.4,0.73,40.9,49.8,0,8,2.86,Intermediate,Fast,Medium
45.0,52.5,6,9.2,0.49,76.5,37.5,5,2,2.78,Intermediate,Slow,High
91.4,91.4,16,15.0,0.62,34.1,67.8,5,2,3.84,Advanced,Fast,Low
70.7,83.4,14,5.5,0.37,69.4,70.3,3,7,3.52,Advanced,Slow,Medium
73.1,73.2,9,9.0,0.38,52.6,56.4,0,5,2.8,Intermediate,Slow,Medium
77.6,68.2,6,7.2,0.31,28.1,70.1,5,5,3.72,Advanced,Slow,Medium
95.0,98.2,19,13.1,0.88,48.5,50.8,3,7,2.17,Advanced,Fast,Low
71.6,74.9,7,8.2,0.6,23.2,70.5,2,1,3.25,Advanced,Moderate,Medium
56.5,68.5,18,10.6,0.92,53.8,35.7,1,8,2.74,Intermediate,Fast,Medium
40.9,40.5,3,9.4,0.18,66.4,39.9,5,6,2.11,Intermediate,Moderate,High
55.2,53.6,4,6.5,0.21,53.9,39.0,1,4,2.02,Intermediate,Slow,High
71.7,72.9,10,13.0,0.82,33.5,48.7,5,6,2.24,Intermediate,Fast,Medium
69.1,74.0,20,12.0,0.8,28.5,67.4,0,0,3.03,Advanced,Fast,Medium
62.6,67.6,6,7.3,0.55,34.3,65.2,2,4,2.91,Intermediate,Moderate,Medium
53.8,57.1,6,11.1,0.67,49.1,47.0,4,6,2.35,Intermediate,Moderate,Medium
57.9,71.7,20,10.7,0.67,42.8,67.7,0,5,2.81,Advanced,Fast,Medium
40.3,31.4,6,4.5,0.54,76.0,38.4,4,6,1.38,Beginner,Slow,High
50.6,45.2,2,9.0,0.51,81.1,19.6,4,8,1.47,Beginner,Slow,High
54.5,49.6,12,7.5,0.57,58.6,41.6,3,3,2.24,Intermediate,Moderate,High
82.3,100.0,16,11.0,0.49,40.6,76.8,5,1,2.98,Advanced,Moderate,Low
75.9,86.5,15,13.2,1.0,36.2,49.4,5,5,2.84,Advanced,Fast,Low
41.7,26.2,14,8.6,0.78,62.4,10.8,3,3,1.97,Beginner,Moderate,High
56.3,65.6,3,5.4,0.45,42.8,54.0,4,2,3.32,Intermediate,Moderate,Medium
83.6,94.4,11,8.9,0.55,41.2,65.0,2,1,3.03,Advanced,Moderate,Low
78.3,66.3,7,11.1,0.48,26.3,70.3,2,4,3.14,Advanced,Moderate,Medium
63.6,66.6,11,5.2,0.65,29.1,72.9,4,3,3.39,Advanced,Moderate,Medium
67.6,67.0,27,12.7,0.63,16.2,79.7,0,3,4.0,Advanced,Fast,Medium
63.7,68.4,9,7.5,0.57,67.5,37.4,5,4,1.9,Advanced,Moderate,High
63.0,41.7,11,7.9,0.43,50.4,54.7,5,5,2.76,Intermediate,Slow,High
83.6,95.0,16,12.9,0.81,42.7,72.9,4,2,3.51,Advanced,Fast,Low
72.2,73.1,7,10.1,0.59,48.6,38.4,5,2,2.7,Intermediate,Moderate,Medium
74.0,97.7,10,14.3,0.94,49.0,44.2,2,8,3.62,Advanced,Fast,Low
28.6,37.0,7,14.6,0.81,47.5,12.9,3,1,1.02,Beginner,Fast,High
50.1,53.2,1,15.8,0.83,57.6,19.1,5,6,1.01,Beginner,Fast,Medium
62.4,62.3,12,11.8,0.62,45.2,44.2,2,2,3.12,Intermediate,Moderate,Medium
76.7,60.2,9,9.4,0.49,25.7,71.7,3,7,3.4,Advanced,Moderate,Medium
46.8,55.0,11,13.2,0.72,32.2,33.8,2,4,2.96,Intermediate,Fast,Medium
36.1,41.3,9,9.1,0.66,75.1,38.4,0,1,2.03,Intermediate,Moderate,High
47.5,49.4,11,8.6,0.6,38.5,42.5,4,7,2.5,Intermediate,Moderate,High
81.4,79.6,8,11.5,0.56,31.5,61.7,5,6,3.07,Advanced,Moderate,Medium
44.8,51.3,3,10.7,0.6,69.0,32.5,0,3,1.52,Beginner,Moderate,High
98.3,100.0,20,9.1,0.51,67.4,96.8,4,0,3.46,Advanced,Slow,Medium
68.9,90.0,10,8.4,0.36,44.4,46.0,3,8,2.53,Intermediate,Moderate,Medium
63.7,88.6,7,5.5,0.1,55.7,51.3,1,2,1.95,Intermediate,Slow,Medium
69.1,65.8,16,10.9,0.75,37.6,58.1,3,3,2.85,Intermediate,Fast,Medium
41.3,44.6,4,10.6,0.51,70.2,11.9,3,7,1.44,Intermediate,Moderate,High
68.5,67.5,5,7.8,0.42,26.6,60.5,2,7,3.68,Advanced,Moderate,Medium
67.3,65.8,10,9.8,0.47,43.9,69.7,2,3,3.01,Advanced,Moderate,High
51.5,38.3,7,11.1,0.69,57.7,42.2,3,2,2.27,Intermediate,Moderate,High
62.6,57.8,7,10.4,0.69,54.0,41.4,1,8,2.34,Advanced,Moderate,Medium
55.2,50.0,8,10.7,0.2,59.6,42.7,1,1,2.02,Intermediate,Slow,High
51.4,42.9,4,4.9,0.31,69.8,30.3,3,7,1.0,Beginner,Slow,High
49.2,53.4,8,10.1,0.44,67.2,36.5,0,7,1.92,Intermediate,Slow,High
91.6,92.3,19,12.2,0.76,48.3,63.3,0,8,3.5,Advanced,Fast,Low
51.3,47.8,9,4.8,0.69,55.4,55.4,4,3,2.49,Intermediate,Moderate,High
60.7,65.6,19,12.1,0.75,37.4,59.8,1,3,2.84,Intermediate,Fast,Medium
82.9,89.1,16,8.0,0.5,8.0,83.1,2,4,3.71,Advanced,Moderate,Low
47.1,45.1,10,13.5,0.83,39.6,64.8,3,1,2.35,Intermediate,Fast,High
58.2,62.5,5,7.5,0.51,56.5,62.6,5,2,2.58,Intermediate,Moderate,Medium
56.0,52.4,13,9.8,0.38,55.4,45.8,2,2,2.87,Intermediate,Slow,Low
73.7,69.8,11,8.4,0.67,32.1,69.0,2,0,3.32,Advanced,Moderate,Medium
57.3,62.2,3,3.8,0.32,48.3,59.5,2,4,2.79,Intermediate,Slow,High
55.6,47.6,5,10.6,0.82,66.8,9.6,0,1,1.53,Beginner,Moderate,High
50.0,44.7,4,9.2,0.66,55.9,41.2,3,2,2.22,Intermediate,Moderate,High
56.0,54.4,12,15.3,0.94,46.0,48.2,4,2,2.81,Intermediate,Fast,Medium
51.5,71.6,8,7.3,0.65,53.1,41.0,3,0,2.18,Intermediate,Moderate,Medium
77.1,86.2,6,4.2,0.26,32.6,95.2,4,4,4.0,Advanced,Slow,Medium
47.5,51.6,9,2.6,0.68,57.2,18.0,4,7,1.41,Beginner,Moderate,High
82.5,78.2,19,8.2,0.46,52.7,69.7,3,3,2.86,Intermediate,Slow,Medium
67.4,76.2,5,4.9,0.23,41.7,65.2,3,5,2.65,Advanced,Slow,Medium
95.2,100.0,15,7.6,0.76,43.3,68.2,0,2,3.77,Advanced,Moderate,Low
56.0,55.9,6,9.4,0.62,58.5,26.7,2,5,1.77,Intermediate,Moderate,High
74.6,68.2,11,7.5,0.66,52.4,81.9,0,7,3.4,Advanced,Moderate,Medium
74.0,61.1,11,8.8,0.43,55.8,50.7,0,0,2.37,Intermediate,Slow,High
41.1,39.0,4,7.3,0.61,71.2,20.2,4,1,1.24,Beginner,Slow,High
48.3,37.1,6,6.4,0.51,59.7,23.3,4,4,1.59,Beginner,Slow,High
62.3,62.8,8,2.5,0.51,48.0,47.1,0,0,2.88,Intermediate,Slow,Medium
60.7,63.5,5,3.6,0.2,58.2,43.7,2,1,2.09,Intermediate,Slow,High
44.3,44.5,7,5.5,0.33,38.1,38.3,5,8,1.51,Beginner,Slow,High
36.5,52.8,10,5.8,0.71,63.4,29.5,1,8,1.49,Beginner,Moderate,Medium
36.5,26.0,4,4.2,0.66,50.2,56.9,3,5,1.95,Intermediate,Moderate,High
82.1,90.0,7,10.9,0.38,46.0,61.3,1,3,4.0,Advanced,Moderate,Medium
32.0,25.2,4,10.1,0.54,70.4,36.0,1,3,1.25,Beginner,Slow,High
41.2,35.4,7,7.0,0.24,55.2,35.3,2,1,2.1,Beginner,Slow,High
21.8,25.9,4,4.4,0.31,53.4,17.7,0,4,1.95,Beginner,Slow,High
81.2,68.8,5,4.9,0.38,23.3,84.6,3,4,3.21,Advanced,Slow,Medium
37.3,25.2,9,6.0,0.58,52.8,39.8,5,6,2.19,Beginner,Slow,High
83.9,84.4,13,10.4,0.78,52.9,42.0,5,4,2.82,Intermediate,Moderate,Medium
44.7,42.1,8,9.6,0.33,45.1,36.7,2,7,1.58,Beginner,Slow,High
95.6,100.0,13,14.0,0.56,60.4,44.3,2,1,3.41,Advanced,Moderate,Low
83.4,77.8,3,6.3,0.3,49.5,64.4,4,8,3.3,Advanced,Slow,Medium
84.1,92.4,13,7.9,0.49,27.8,74.2,0,1,3.16,Advanced,Moderate,Low
39.2,38.0,6,12.3,0.6,68.7,41.0,1,7,2.73,Intermediate,Moderate,High
64.8,58.4,9,15.8,0.58,64.3,67.1,3,4,2.57,Intermediate,Fast,High
71.5,80.4,13,9.5,0.63,73.2,90.1,2,7,2.6,Advanced,Moderate,Medium
68.4,69.9,10,10.3,0.57,62.5,56.5,1,3,2.95,Intermediate,Moderate,Medium
42.4,40.2,5,5.2,0.18,45.7,23.6,4,6,2.0,Beginner,Slow,High
84.5,88.3,19,5.7,0.71,46.9,69.1,0,1,3.57,Advanced,Moderate,Low
52.6,62.6,6,7.7,0.43,51.3,50.3,1,8,1.64,Intermediate,Moderate,Medium
36.5,27.9,6,5.4,0.53,66.5,24.9,3,7,1.33,Beginner,Slow,High
68.8,62.4,14,16.5,0.93,67.4,39.9,2,3,1.6,Intermediate,Fast,High
62.7,75.5,7,5.4,0.63,33.0,73.3,1,0,2.59,Advanced,Moderate,Medium
33.7,43.9,10,10.6,0.96,59.9,34.6,3,5,1.71,Beginner,Fast,Medium
44.6,53.9,11,8.7,0.53,72.4,51.3,4,0,1.9,Intermediate,Slow,High
64.0,80.6,10,7.7,0.66,62.5,73.1,0,8,3.37,Advanced,Moderate,Medium
62.4,68.1,12,13.2,0.9,61.7,29.6,0,7,2.54,Intermediate,Fast,Medium
55.4,52.6,6,9.8,0.64,62.7,51.9,3,7,3.29,Intermediate,Moderate,High
48.4,61.0,6,10.3,0.55,44.9,54.7,5,2,2.8,Intermediate,Moderate,Medium
26.9,26.9,8,14.5,0.71,65.8,23.6,1,6,1.0,Beginner,Moderate,High
72.1,76.6,7,11.3,0.88,31.4,36.1,5,8,2.73,Intermediate,Fast,Low
52.4,61.3,6,10.8,0.51,53.9,21.2,2,6,1.0,Beginner,Moderate,Medium
55.1,53.0,5,5.6,0.39,68.4,34.9,0,2,1.72,Intermediate,Slow,High
36.3,44.2,5,3.1,0.55,29.7,51.7,1,1,1.81,Intermediate,Moderate,High
44.5,53.1,12,9.7,0.75,46.9,41.9,0,1,2.65,Intermediate,Moderate,Medium
49.2,54.1,2,6.1,0.43,92.2,18.7,0,1,1.61,Beginner,Slow,High
61.9,59.7,15,15.2,0.85,71.4,31.4,4,4,1.96,Intermediate,Moderate,Medium
60.0,70.6,12,15.3,0.76,40.7,44.5,0,8,2.74,Intermediate,Fast,Medium
34.7,35.9,6,9.2,0.83,84.1,13.8,3,1,1.13,Beginner,Slow,High
76.9,94.4,14,8.4,0.45,29.6,57.9,3,5,3.47,Advanced,Moderate,Low
86.5,90.1,10,5.8,0.52,67.7,52.0,4,7,2.05,Advanced,Slow,Medium
59.9,60.6,3,4.3,0.29,44.4,46.3,0,5,2.49,Intermediate,Slow,High
32.1,39.3,3,11.2,0.69,95.7,18.5,3,4,1.4,Beginner,Moderate,High
56.0,71.0,6,11.5,0.5,58.8,42.2,1,4,3.0,Intermediate,Moderate,Medium
57.9,51.4,11,4.9,0.41,74.0,65.2,2,8,2.29,Intermediate,Fast,High
57.6,46.6,8,10.8,0.67,35.7,63.0,5,0,2.8,Beginner,Moderate,High
78.3,83.8,19,10.6,0.76,41.6,59.4,3,3,2.83,Advanced,Fast,Low
62.5,55.5,14,10.3,1.0,35.3,33.7,1,4,3.07,Intermediate,Fast,Medium
67.3,80.2,16,10.1,0.61,48.6,66.0,3,1,3.07,Advanced,Moderate,Medium
66.1,71.4,6,2.8,0.54,54.0,59.0,2,1,3.78,Advanced,Slow,Medium
54.9,52.7,9,9.1,0.47,53.6,41.0,5,8,2.36,Intermediate,Moderate,High
43.8,49.7,3,4.0,0.26,39.8,27.1,5,5,2.02,Beginner,Slow,High
76.9,81.0,11,9.1,0.63,21.1,71.0,3,0,3.5,Advanced,Fast,Medium
72.2,87.5,18,11.3,0.62,12.6,74.6,1,0,2.67,Advanced,Fast,Low
61.8,49.7,9,9.7,0.3,62.6,42.1,0,5,2.83,Intermediate,Slow,High
31.1,29.5,7,12.3,0.54,69.1,22.3,0,1,1.35,Beginner,Moderate,High
44.1,46.9,5,7.9,0.79,45.8,32.0,4,6,1.79,Beginner,Moderate,Medium
51.0,33.6,8,9.5,0.37,46.7,60.8,5,8,1.95,Intermediate,Slow,High
70.6,90.8,9,12.6,0.92,20.6,37.1,2,6,2.74,Intermediate,Fast,Low
100.0,97.7,21,17.2,0.92,26.2,85.1,0,1,4.0,Advanced,Fast,Low
58.5,65.0,8,10.6,0.58,47.2,61.7,5,6,3.25,Intermediate,Moderate,Medium
61.8,52.8,7,4.5,0.48,45.5,77.9,0,2,2.98,Advanced,Slow,High
26.8,22.5,8,1.8,0.57,66.1,10.7,1,2,1.33,Beginner,Slow,High
62.2,76.0,9,5.7,0.33,35.7,50.4,5,5,2.1,Intermediate,Moderate,Medium
46.9,42.1,5,3.8,0.34,72.6,34.9,4,7,1.24,Beginner,Slow,High
52.1,61.2,13,12.0,0.79,81.6,51.5,0,0,3.6,Intermediate,Moderate,Medium
41.4,62.9,29,14.5,0.9,40.3,63.3,2,1,3.81,Advanced,Fast,Medium
57.0,75.3,6,4.7,0.79,59.6,31.3,2,0,1.75,Intermediate,Fast,Medium
75.7,84.1,8,3.5,0.17,42.1,61.6,4,3,3.5,Advanced,Slow,Medium
48.6,48.0,6,6.6,0.49,70.9,40.8,0,7,1.52,Intermediate,Moderate,High
73.2,72.1,14,9.3,0.76,56.5,41.6,1,5,2.43,Intermediate,Moderate,Medium
80.2,89.4,6,9.0,0.58,31.3,69.4,4,6,3.72,Advanced,Moderate,Low
60.5,61.6,9,2.6,0.38,52.3,63.8,0,2,2.28,Intermediate,Moderate,High
71.4,81.6,10,6.0,0.67,36.7,57.5,1,6,2.63,Advanced,Moderate,Medium
63.0,64.9,4,7.6,0.55,32.4,33.7,2,0,2.44,Intermediate,Moderate,Medium
58.6,61.6,5,11.2,0.53,59.0,50.6,3,0,2.63,Intermediate,Moderate,Medium
65.3,59.3,10,10.0,0.34,34.5,43.8,5,4,2.4,Intermediate,Moderate,High
57.2,66.0,4,4.7,0.23,33.3,27.8,5,5,2.89,Intermediate,Slow,Medium
81.7,90.7,19,7.2,0.59,24.8,88.1,2,6,3.68,Advanced,Moderate,Low
68.9,62.4,6,7.0,0.57,32.9,38.9,3,2,2.16,Intermediate,Moderate,Medium
45.6,62.3,12,15.9,0.47,38.6,63.9,5,1,2.19,Intermediate,Moderate,Medium
45.2,34.6,12,13.9,0.79,50.4,44.4,2,3,2.16,Intermediate,Slow,High
71.8,64.6,7,6.9,0.58,26.2,49.5,2,4,3.37,Beginner,Moderate,Medium
70.8,74.7,8,0.5,0.41,39.9,50.9,2,8,3.59,Advanced,Slow,Medium
71.5,84.1,18,16.2,0.69,47.5,71.8,3,3,3.43,Advanced,Fast,Medium
46.5,47.1,5,9.3,0.56,68.8,39.6,2,4,1.51,Intermediate,Moderate,High
56.7,48.4,12,11.5,1.0,63.9,45.9,3,2,1.89,Intermediate,Fast,Medium
33.4,11.3,8,11.9,0.78,48.3,35.3,5,4,2.45,Beginner,Moderate,High
62.5,60.3,7,2.7,0.28,27.7,54.0,1,3,3.11,Intermediate,Slow,High
32.9,18.1,7,5.9,0.84,55.1,42.2,4,0,1.65,Beginner,Moderate,Low
52.6,51.2,3,7.5,0.53,62.2,41.9,4,6,2.76,Intermediate,Slow,Low
71.5,81.2,24,14.9,0.74,40.5,74.1,0,0,3.69,Advanced,Fast,Medium
83.3,92.9,6,6.4,0.69,57.0,65.7,5,5,3.4,Advanced,Moderate,Low
79.5,76.9,11,8.8,0.58,32.2,57.9,2,6,3.29,Advanced,Moderate,Medium
66.7,84.9,8,13.7,0.79,54.6,51.3,2,7,2.4,Intermediate,Fast,Low
66.1,67.4,10,5.9,0.7,17.0,75.6,3,0,3.63,Advanced,Fast,Medium
47.3,52.2,6,10.9,0.49,41.6,49.6,1,2,2.89,Intermediate,Moderate,High
53.8,41.9,17,9.4,0.72,40.6,39.2,0,2,2.19,Intermediate,Slow,High
64.2,80.7,12,5.7,0.42,62.2,57.2,3,8,3.15,Advanced,Slow,Medium
57.0,58.1,6,9.4,0.41,50.1,39.3,3,6,2.06,Intermediate,Moderate,High
36.4,29.0,3,12.0,0.67,79.7,31.0,0,0,1.61,Beginner,Moderate,High
64.0,69.3,5,3.4,0.42,45.6,55.9,0,5,2.48,Intermediate,Slow,Medium
43.3,44.4,1,9.1,0.5,43.7,60.5,1,5,2.4,Intermediate,Moderate,High
79.9,71.7,12,6.8,0.58,50.1,63.3,0,2,3.36,Advanced,Moderate,Medium
53.4,56.7,5,8.6,0.53,60.4,45.3,2,1,1.91,Intermediate,Moderate,High
48.8,56.1,11,9.9,0.96,59.7,34.4,1,7,2.09,Intermediate,Fast,Medium
100.0,100.0,8,12.6,0.54,30.0,66.0,0,7,3.27,Beginner,Moderate,Low
41.5,48.3,11,16.6,0.67,44.0,40.0,3,3,2.12,Intermediate,Fast,Medium
58.0,57.1,16,2.4,0.52,44.5,58.1,3,2,2.76,Intermediate,Slow,Medium
83.4,85.5,14,4.3,0.41,38.2,60.2,2,6,3.46,Advanced,Slow,Medium
72.2,74.6,7,7.3,0.31,46.6,58.3,4,5,2.63,Intermediate,Slow,Medium
68.1,79.2,8,13.0,1.0,42.5,51.7,1,5,1.82,Intermediate,Fast,Low
74.2,66.3,10,9.7,0.62,52.3,53.3,0,6,2.53,Intermediate,Moderate,Medium
52.8,56.7,7,14.4,0.56,57.8,33.8,3,3,1.65,Intermediate,Moderate,High
55.3,49.0,5,5.6,0.57,42.2,28.6,3,8,2.34,Intermediate,Moderate,High
41.4,41.4,4,7.8,0.85,76.9,36.0,1,0,2.14,Intermediate,Moderate,High
95.7,100.0,8,11.4,0.46,45.5,95.6,5,3,4.0,Advanced,Moderate,Low
54.8,61.7,7,5.7,0.5,50.5,50.8,0,4,2.99,Intermediate,Moderate,Medium
45.6,51.3,3,8.6,0.66,81.5,24.1,3,2,1.33,Beginner,Moderate,High
87.7,84.4,13,8.3,0.31,24.1,83.8,5,8,3.32,Advanced,Fast,Medium
74.2,80.5,6,4.6,0.39,57.4,35.4,2,4,2.29,Intermediate,Slow,Medium
59.1,76.3,12,6.4,0.56,49.7,40.1,2,7,2.31,Intermediate,Moderate,Medium
61.7,72.1,16,16.3,0.88,30.6,34.8,3,3,2.61,Intermediate,Fast,Medium
74.0,74.9,11,9.7,0.68,68.0,46.5,5,3,2.61,Intermediate,Moderate,Medium
79.5,85.5,14,13.9,0.98,53.0,48.7,5,6,3.31,Advanced,Moderate,Low
50.3,38.5,7,6.2,0.21,39.6,40.4,0,1,1.85,Intermediate,Slow,High
76.7,76.5,10,9.4,0.68,42.3,82.9,2,5,3.13,Advanced,Moderate,Medium
42.0,28.1,11,6.2,0.4,53.2,51.1,3,8,2.39,Advanced,Slow,High
29.3,18.7,7,9.9,0.5,44.1,32.0,0,2,1.69,Beginner,Moderate,High
41.9,43.3,6,8.9,0.5,49.0,47.1,5,1,2.15,Intermediate,Moderate,High
69.2,57.9,7,4.9,0.35,43.2,52.7,2,8,3.22,Intermediate,Slow,High
82.7,94.9,8,10.1,0.59,34.4,69.2,2,8,2.96,Advanced,Moderate,Low
48.6,46.7,1,5.4,0.49,61.1,10.4,3,5,1.68,Beginner,Slow,High
57.5,62.4,7,7.6,0.49,35.5,46.4,4,1,2.74,Intermediate,Moderate,Medium
46.0,44.3,7,9.8,0.35,50.0,42.3,2,3,1.77,Intermediate,Slow,High
55.3,53.0,4,6.6,0.54,27.6,52.4,2,5,3.06,Intermediate,Moderate,Medium
50.8,45.7,15,17.5,0.89,52.1,60.8,3,0,3.06,Intermediate,Fast,Medium
43.3,52.2,11,7.2,0.78,48.0,45.2,4,8,2.31,Intermediate,Moderate,Medium
92.8,100.0,16,9.6,0.74,54.1,52.6,3,5,3.34,Intermediate,Moderate,Low
76.6,71.5,15,7.8,0.49,62.5,62.7,2,8,3.98,Advanced,Slow,Medium
50.9,57.8,2,7.6,0.44,87.0,12.8,5,3,1.2,Beginner,Slow,High
64.3,67.5,14,7.3,0.86,37.0,80.5,3,4,2.93,Advanced,Fast,Medium
58.7,69.6,6,8.4,0.53,43.0,53.8,5,7,2.24,Intermediate,Moderate,Medium
49.8,37.0,12,13.5,0.92,57.3,37.5,3,6,1.97,Intermediate,Fast,Low
55.7,49.9,8,3.8,0.52,49.4,61.5,0,4,2.52,Intermediate,Slow,High
68.8,71.8,12,13.6,0.89,38.8,42.0,2,5,2.59,Intermediate,Fast,Medium
34.9,29.4,5,5.3,0.62,59.4,25.9,0,0,1.14,Beginner,Slow,High
75.4,81.3,7,11.8,0.34,31.2,56.7,2,6,2.51,Intermediate,Moderate,Medium
54.1,65.8,5,14.1,0.62,57.3,27.6,1,7,1.77,Intermediate,Moderate,Medium
82.6,81.4,3,4.9,0.35,38.8,70.7,0,5,2.75,Advanced,Slow,Medium
73.0,76.5,13,15.0,0.91,33.1,74.4,3,5,2.52,Advanced,Fast,Low
49.7,43.6,7,11.7,0.72,57.9,34.3,3,4,1.96,Intermediate,Moderate,High
66.7,66.6,6,2.1,0.4,34.6,49.0,0,4,2.67,Intermediate,Slow,Medium
61.3,55.4,10,10.0,0.79,47.4,56.8,1,2,2.41,Intermediate,Moderate,Medium
54.2,64.9,13,12.5,0.66,31.3,55.3,5,1,3.28,Intermediate,Fast,Medium
36.4,39.5,7,10.4,0.5,56.5,34.9,2,3,2.02,Beginner,Moderate,High
49.7,49.8,9,11.5,0.55,61.9,50.1,2,7,1.7,Beginner,Moderate,High
77.8,82.8,8,3.9,0.74,23.4,67.8,5,3,4.0,Advanced,Moderate,High
66.0,62.5,3,7.1,0.58,37.9,70.2,0,4,2.93,Intermediate,Moderate,Medium
43.0,47.4,4,11.4,0.65,74.8,52.8,3,1,1.55,Intermediate,Slow,High
51.1,44.2,4,6.3,0.17,37.2,43.0,4,5,2.45,Intermediate,Slow,High
37.5,29.6,2,9.1,0.3,73.2,39.2,1,7,1.15,Beginner,Slow,Low
85.7,77.8,18,14.2,0.73,58.0,64.4,0,0,3.61,Advanced,Moderate,Medium
58.7,56.3,6,12.2,0.69,60.8,27.9,4,1,1.7,Intermediate,Moderate,Medium
63.8,57.5,8,10.6,0.69,50.0,17.8,0,1,1.77,Beginner,Moderate,Medium
49.9,30.2,4,8.9,0.57,46.0,52.9,3,0,2.86,Intermediate,Moderate,High
68.0,76.3,8,7.9,0.59,59.0,52.6,1,2,3.07,Intermediate,Moderate,Medium
63.3,72.7,4,9.5,0.54,52.3,45.4,3,3,2.54,Intermediate,Moderate,Medium
41.5,68.6,8,8.6,0.66,74.5,22.1,4,7,1.84,Intermediate,Moderate,Medium
57.5,76.7,12,10.6,0.49,38.9,93.6,2,7,3.27,Advanced,Moderate,Medium
58.1,61.6,3,8.3,0.37,43.6,47.1,3,8,1.96,Intermediate,Slow,Medium
46.1,60.3,6,15.8,0.75,42.8,20.7,0,7,1.28,Beginner,Fast,Medium
51.2,59.1,12,10.8,0.47,57.6,58.2,0,1,2.6,Intermediate,Moderate,High
38.6,54.0,6,9.5,0.59,48.4,51.5,0,6,1.86,Intermediate,Moderate,Medium
63.5,62.9,18,12.5,0.54,55.8,40.2,0,1,3.3,Intermediate,Moderate,Medium
27.0,21.9,8,5.2,0.44,51.5,37.3,2,3,2.08,Beginner,Slow,High
54.0,56.2,18,12.0,0.77,38.7,70.4,1,3,2.93,Advanced,Fast,Medium
56.9,60.3,3,3.4,0.49,36.7,33.8,2,8,1.24,Intermediate,Moderate,High
47.3,53.7,2,5.2,0.57,50.4,30.9,2,4,2.49,Intermediate,Moderate,High
38.1,41.5,5,7.4,0.54,45.9,25.7,3,2,1.95,Beginner,Moderate,High
79.4,75.0,14,8.2,0.65,26.2,70.8,1,6,3.58,Advanced,Moderate,Medium
24.2,25.9,6,8.1,0.78,55.2,48.0,0,0,1.99,Beginner,Moderate,High
82.6,97.7,23,13.3,0.64,56.0,54.3,5,0,3.01,Advanced,Moderate,Low
51.4,61.3,6,6.8,0.5,60.2,23.1,4,2,1.97,Intermediate,Moderate,Medium
68.4,69.3,7,4.4,0.36,36.1,72.9,2,8,3.81,Advanced,Slow,Medium
67.1,66.2,6,13.9,0.54,46.0,52.2,3,5,3.11,Intermediate,Moderate,High
78.8,93.3,16,14.9,0.63,33.8,83.5,3,5,3.49,Advanced,Fast,Low
60.2,44.4,5,14.1,0.61,58.2,16.4,0,2,2.08,Beginner,Moderate,High
36.7,37.1,16,14.3,0.78,64.7,55.0,4,2,2.76,Intermediate,Moderate,Medium
71.1,85.3,10,2.0,0.46,46.4,88.4,3,8,2.72,Advanced,Slow,Medium
80.3,79.0,6,4.9,0.38,32.7,62.2,1,3,3.19,Advanced,Slow,Medium
84.3,86.8,23,14.1,0.76,28.4,81.5,0,8,3.37,Advanced,Fast,Low
88.7,94.6,15,10.2,0.64,46.2,83.7,2,7,3.78,Advanced,Moderate,Low
58.2,65.9,4,3.4,0.43,45.8,46.2,0,5,2.1,Intermediate,Slow,Medium
56.1,73.8,12,13.1,0.96,40.0,51.4,3,5,2.12,Intermediate,Moderate,Low
41.3,68.4,3,4.6,0.3,45.5,44.2,4,4,2.19,Intermediate,Slow,Medium
75.2,78.5,9,10.0,0.39,22.6,61.1,2,1,3.29,Advanced,Moderate,Medium
53.4,66.1,7,5.2,0.4,43.7,78.6,5,1,2.93,Advanced,Moderate,Medium
37.0,44.3,6,12.6,0.59,87.5,22.5,3,3,1.94,Advanced,Moderate,High
83.9,93.5,5,7.2,0.33,40.1,73.8,5,1,3.46,Advanced,Moderate,Medium
87.0,86.5,4,5.3,0.22,62.3,61.5,2,3,3.11,Advanced,Slow,Medium
58.9,54.5,8,5.5,0.67,41.8,56.2,3,7,3.42,Intermediate,Moderate,Medium
46.6,50.9,13,12.5,0.55,53.4,39.7,5,4,1.85,Intermediate,Moderate,High
53.1,56.5,3,7.2,0.45,56.2,51.1,5,8,2.71,Intermediate,Slow,High
60.6,62.7,3,5.1,0.43,66.3,56.2,2,6,3.0,Intermediate,Slow,High
87.0,100.0,14,8.9,0.59,52.9,55.4,3,2,3.75,Advanced,Moderate,Low
80.8,92.8,7,1.0,0.39,18.3,46.7,5,6,2.96,Advanced,Moderate,Low
72.9,72.5,19,12.6,0.49,15.0,85.5,4,0,4.0,Advanced,Moderate,Medium
62.8,51.0,7,2.5,0.28,42.2,40.5,3,7,2.39,Intermediate,Slow,High
74.9,63.3,8,14.9,0.7,31.3,71.1,1,1,2.41,Intermediate,Fast,Medium
56.6,55.6,6,10.2,0.34,69.3,37.0,0,0,2.25,Intermediate,Slow,High
66.4,59.3,6,10.0,0.44,43.4,78.9,1,8,3.66,Advanced,Moderate,High
50.8,43.6,9,10.9,0.51,46.3,38.8,4,7,1.76,Intermediate,Moderate,High
53.6,51.0,18,10.4,0.88,53.8,49.3,1,2,1.82,Intermediate,Fast,Medium
43.5,42.6,8,13.2,0.52,94.7,40.5,3,5,2.11,Intermediate,Slow,High
68.1,70.2,6,9.2,0.41,42.0,24.2,3,8,1.66,Intermediate,Moderate,Medium
64.6,74.8,9,6.4,0.8,59.2,56.3,2,4,2.38,Intermediate,Moderate,Medium
62.9,67.5,8,7.2,0.09,55.1,45.5,0,3,2.68,Intermediate,Slow,High
52.9,44.8,5,10.0,0.37,54.0,36.5,1,6,2.66,Intermediate,Slow,High
30.1,32.6,5,6.6,0.59,66.4,18.1,5,7,1.26,Beginner,Slow,High
65.8,65.5,11,9.1,0.38,47.9,91.5,4,2,3.98,Advanced,Slow,Medium
73.9,85.9,11,9.0,0.53,34.7,90.8,1,0,4.0,Advanced,Moderate,Medium
49.8,41.4,6,6.0,0.29,61.7,44.0,5,5,2.69,Intermediate,Slow,High
60.7,59.3,8,7.0,0.31,14.7,78.9,4,1,2.88,Advanced,Moderate,Medium
99.5,100.0,8,6.8,0.45,53.4,81.5,0,1,3.31,Advanced,Slow,Medium
53.0,41.9,6,4.1,0.36,45.6,76.8,1,2,3.28,Intermediate,Slow,High
27.5,14.9,3,5.5,0.43,64.7,25.6,5,6,1.36,Beginner,Slow,High
80.6,88.2,11,10.9,0.49,49.4,33.1,2,3,2.31,Intermediate,Slow,Medium
48.5,55.0,7,10.8,0.67,77.6,19.8,3,7,1.67,Beginner,Moderate,High
40.3,35.3,8,6.0,0.61,73.8,25.8,5,3,1.88,Beginner,Slow,High
65.7,68.5,8,6.5,0.35,60.9,49.8,1,3,3.47,Intermediate,Slow,Medium
61.7,64.5,12,9.2,0.52,50.4,53.1,0,6,2.49,Intermediate,Moderate,Medium
55.9,49.6,1,9.0,0.24,42.6,46.4,0,6,2.37,Intermediate,Slow,High
33.8,35.2,6,9.6,0.67,56.4,39.6,1,7,1.89,Beginner,Moderate,High
59.7,77.8,14,15.3,0.79,37.9,52.8,3,7,2.29,Intermediate,Fast,Low
56.2,52.4,5,2.3,0.53,43.3,25.7,3,5,2.09,Intermediate,Slow,High
19.1,15.0,6,11.4,0.64,33.9,31.2,1,2,1.89,Beginner,Moderate,High
62.5,67.5,20,11.9,0.86,61.6,68.1,1,2,3.43,Advanced,Fast,Medium
65.7,74.9,13,12.2,0.81,51.4,61.7,2,1,3.1,Advanced,Moderate,Medium
66.1,51.6,10,11.4,0.58,63.3,57.9,2,6,2.59,Intermediate,Moderate,High
69.3,70.5,14,10.6,0.64,63.7,49.9,1,0,2.47,Intermediate,Moderate,Low
64.3,37.4,24,12.9,0.95,48.1,78.8,3,3,3.48,Beginner,Fast,High
73.0,74.4,11,11.5,0.61,23.5,82.5,4,4,3.06,Advanced,Fast,Medium
80.2,81.0,9,9.1,0.5,56.8,52.1,2,5,2.06,Beginner,Moderate,Medium
75.8,78.0,7,5.9,0.68,44.1,65.3,2,0,2.98,Advanced,Moderate,Medium
89.3,82.7,27,13.1,0.94,48.6,87.6,2,7,3.52,Advanced,Fast,Low
56.4,59.5,3,9.2,0.52,50.7,43.8,1,2,2.52,Intermediate,Moderate,Medium
63.5,88.5,11,9.6,0.65,43.3,47.8,5,8,2.95,Intermediate,Fast,Low
75.7,91.6,15,13.9,0.92,36.0,64.3,0,5,3.54,Advanced,Fast,Low
54.6,62.8,4,6.4,0.41,67.9,31.7,0,7,1.72,Intermediate,Slow,High
71.1,76.3,11,7.6,0.49,37.5,65.3,4,8,3.07,Advanced,Moderate,Medium
37.0,42.6,5,2.4,0.53,61.8,25.0,2,5,1.56,Beginner,Slow,High
56.0,59.6,8,5.7,0.38,48.4,49.0,0,2,2.82,Intermediate,Slow,High
100.0,96.3,15,5.6,0.64,29.3,88.2,0,2,3.46,Advanced,Moderate,Low
77.7,67.8,13,16.5,0.51,50.4,62.2,2,4,3.22,Advanced,Moderate,High
56.4,58.5,7,5.0,0.62,36.9,58.2,2,7,2.2,Intermediate,Moderate,High
79.0,72.0,13,9.9,0.63,45.0,64.9,4,3,2.79,Advanced,Moderate,Medium
98.3,100.0,15,6.0,0.57,36.1,86.7,2,7,4.0,Advanced,Moderate,Low
67.1,61.7,5,10.1,0.5,63.8,39.5,0,0,2.12,Beginner,Slow,High
70.9,71.0,16,9.7,0.81,64.3,77.5,3,3,3.54,Advanced,Moderate,Medium
75.8,75.1,15,9.1,0.98,32.8,43.9,1,6,2.7,Intermediate,Fast,Low
72.6,56.2,2,4.0,0.31,47.0,66.8,2,2,3.11,Intermediate,Slow,High
47.5,40.2,15,15.5,0.71,22.3,40.2,0,5,2.2,Intermediate,Fast,High
48.8,49.8,16,9.9,0.44,62.2,51.1,0,1,2.41,Intermediate,Slow,Medium
73.2,78.5,9,7.0,0.53,31.1,79.2,1,2,3.53,Advanced,Moderate,Medium
31.2,23.8,7,18.7,0.7,57.8,25.9,4,5,1.93,Beginner,Moderate,High
74.6,80.4,12,7.7,0.57,36.5,91.3,1,0,3.07,Advanced,Moderate,Medium
76.4,81.5,24,14.6,0.68,28.6,69.2,5,6,2.53,Advanced,Fast,Medium
43.8,52.8,2,3.2,0.35,71.7,27.2,4,0,2.04,Beginner,Slow,High
76.3,88.9,19,15.5,0.72,27.3,58.7,3,0,2.11,Advanced,Fast,Low
40.4,30.2,2,4.3,0.39,75.4,21.9,5,5,1.03,Beginner,Moderate,High
68.5,72.2,7,7.9,0.28,32.6,71.7,1,4,3.26,Advanced,Slow,High
43.1,47.1,7,13.8,0.83,49.7,46.8,0,0,2.47,Intermediate,Fast,Low
41.9,52.3,16,13.6,0.69,39.3,76.7,5,6,2.85,Intermediate,Fast,Medium
42.7,38.9,2,7.6,0.27,44.7,16.3,3,8,1.82,Intermediate,Slow,High
42.2,39.9,6,12.0,0.64,59.4,13.3,3,5,1.8,Beginner,Moderate,High
50.2,34.4,10,3.8,0.5,25.9,33.0,5,2,2.46,Intermediate,Moderate,High
52.9,58.1,15,13.4,0.62,55.2,29.9,5,0,2.02,Intermediate,Moderate,Medium
71.4,69.4,13,8.9,0.58,59.9,58.0,0,3,2.85,Intermediate,Moderate,Medium
63.7,69.5,10,9.4,0.42,44.1,49.8,2,2,3.57,Intermediate,Moderate,Medium
38.6,37.0,2,1.1,0.42,58.3,39.6,3,2,2.72,Intermediate,Slow,High
54.6,58.5,12,5.2,0.74,51.3,42.0,2,4,2.49,Intermediate,Moderate,Low
44.9,53.5,4,3.8,0.5,71.1,33.3,4,1,1.77,Intermediate,Slow,High
51.6,56.0,8,7.2,0.46,65.7,69.1,0,6,3.75,Advanced,Slow,High
75.7,80.6,5,0.5,0.09,27.6,78.3,1,0,3.28,Advanced,Slow,Medium
68.5,65.9,18,12.0,0.81,43.3,50.7,2,7,2.84,Intermediate,Fast,Medium
87.6,100.0,15,16.7,0.85,34.2,81.2,4,8,3.42,Advanced,Fast,Low
63.7,77.9,9,6.2,0.65,50.5,66.5,2,2,2.93,Advanced,Moderate,Medium
70.3,72.1,13,8.0,0.66,31.8,69.7,2,8,3.01,Advanced,Moderate,Medium
80.3,73.5,1,7.6,0.28,37.2,77.7,1,1,3.79,Advanced,Slow,Medium
60.4,56.4,5,7.6,0.23,28.3,37.0,3,1,2.03,Intermediate,Slow,High
45.9,59.2,6,4.0,0.52,58.4,20.7,3,6,1.45,Beginner,Slow,Medium
84.0,76.2,19,14.2,0.6,19.4,81.0,1,2,4.0,Advanced,Fast,Medium
77.0,75.0,10,7.4,0.72,46.1,74.6,1,0,3.71,Advanced,Moderate,Medium
88.4,89.4,22,10.7,0.91,29.2,96.4,5,6,3.45,Advanced,Fast,Low
60.2,68.0,13,10.8,0.85,45.2,37.7,1,3,2.59,Intermediate,Fast,Medium
68.0,78.8,10,13.3,0.68,39.1,55.2,4,1,2.93,Advanced,Fast,Medium
77.0,68.3,5,6.0,0.3,50.2,43.7,1,0,2.65,Intermediate,Slow,High
75.6,76.5,2,5.8,0.22,38.9,55.2,3,0,2.58,Intermediate,Slow,Medium
78.7,77.3,12,12.2,0.96,55.1,61.9,0,7,2.58,Advanced,Fast,Medium
84.7,75.5,11,13.2,0.52,63.2,60.4,2,3,3.68,Advanced,Moderate,Medium
59.1,63.8,12,16.5,0.95,55.2,40.8,5,4,2.05,Intermediate,Fast,Medium
41.0,34.2,4,3.4,0.55,58.5,25.8,0,2,2.05,Beginner,Slow,Medium
70.3,87.3,17,9.5,0.53,52.0,65.2,0,5,2.77,Advanced,Moderate,Medium
61.3,71.8,5,7.4,0.61,47.1,25.4,4,7,1.0,Intermediate,Fast,Medium
56.3,64.9,15,8.7,0.51,54.1,38.8,5,3,2.14,Intermediate,Moderate,Medium
44.9,39.1,1,2.0,0.27,64.9,35.9,1,5,2.42,Intermediate,Slow,High
94.7,95.4,9,13.1,0.39,26.7,69.2,2,0,3.69,Advanced,Moderate,Medium
47.4,54.9,8,12.7,0.72,64.1,21.4,4,7,1.6,Beginner,Moderate,Medium
34.2,49.5,5,10.2,0.66,44.8,16.3,2,0,1.99,Beginner,Moderate,Medium
70.3,62.4,13,10.1,0.73,44.6,76.2,1,2,2.12,Advanced,Moderate,Medium
70.3,67.9,2,4.1,0.09,35.8,63.4,1,2,3.24,Beginner,Slow,High
69.8,73.1,21,14.9,0.51,37.0,85.6,0,5,3.59,Advanced,Moderate,Medium
56.1,68.1,13,12.3,0.67,52.2,48.1,4,5,3.62,Intermediate,Moderate,Medium
75.1,64.3,15,9.3,0.38,35.6,60.8,2,3,3.74,Advanced,Moderate,Medium
40.7,43.2,5,9.1,0.94,63.5,19.4,0,1,1.1,Beginner,Moderate,High
50.6,62.1,9,10.7,0.66,39.1,68.3,5,7,2.67,Intermediate,Fast,Medium
71.9,72.3,12,8.0,0.55,41.7,77.8,3,2,3.52,Advanced,Moderate,Medium
37.3,47.5,7,10.2,0.7,72.9,17.7,3,6,1.29,Beginner,Moderate,High
86.3,93.2,11,10.2,0.68,65.3,71.5,2,2,3.09,Advanced,Moderate,Medium
89.2,92.6,12,13.4,0.59,44.0,80.7,0,0,3.65,Advanced,Moderate,Low
58.3,67.8,11,11.2,0.71,32.3,56.7,5,4,3.19,Intermediate,Fast,Medium
57.8,59.1,4,11.4,0.86,69.1,31.0,2,5,1.58,Intermediate,Moderate,Medium
48.6,35.4,3,7.5,0.35,44.6,54.6,3,4,2.71,Intermediate,Slow,High
58.1,62.3,13,9.7,0.66,25.0,64.4,3,5,2.25,Intermediate,Fast,Medium
61.6,62.3,1,2.3,0.4,60.1,35.5,5,4,2.01,Intermediate,Slow,High
86.3,91.0,5,7.1,0.38,56.4,67.8,3,2,2.87,Advanced,Slow,Medium
78.9,66.3,9,5.0,0.37,38.2,64.7,4,4,3.28,Advanced,Slow,Medium
72.3,60.7,17,9.4,0.53,24.0,65.1,1,0,3.29,Advanced,Moderate,Medium
52.5,60.2,7,17.0,0.76,37.0,44.4,2,3,1.28,Intermediate,Fast,Medium
84.6,82.8,2,6.0,0.63,67.4,53.0,5,5,2.95,Advanced,Slow,Medium
78.5,64.5,12,12.6,0.81,61.1,78.9,4,5,2.89,Advanced,Moderate,Medium
40.5,18.8,2,6.9,0.62,47.7,17.1,1,6,1.62,Beginner,Moderate,High
48.0,45.2,10,3.9,0.51,50.7,37.0,4,8,2.19,Intermediate,Slow,High
46.6,46.8,11,11.1,0.9,35.7,64.7,2,3,2.36,Intermediate,Fast,Medium
51.5,52.7,8,9.7,0.55,62.0,47.6,4,0,1.84,Intermediate,Moderate,High
60.0,67.0,4,7.7,0.32,66.1,47.7,1,2,2.11,Intermediate,Slow,High
70.1,75.8,11,12.1,0.57,51.2,37.7,5,5,1.72,Intermediate,Moderate,Medium
45.0,37.3,16,9.5,0.87,54.9,49.4,0,4,2.23,Intermediate,Moderate,High
100.0,100.0,19,11.4,0.59,32.8,82.6,0,8,3.04,Advanced,Moderate,Low
39.7,34.6,6,9.2,0.47,37.5,26.5,4,4,1.64,Beginner,Moderate,High
35.8,46.4,14,12.5,0.55,44.3,31.2,3,5,1.99,Intermediate,Moderate,High
81.1,84.4,16,7.7,0.91,48.0,56.3,1,5,2.79,Advanced,Fast,Low
38.4,34.3,8,11.3,0.73,58.0,45.8,1,4,2.15,Intermediate,Moderate,High
70.6,61.5,13,7.8,0.52,47.6,89.9,5,5,3.16,Advanced,Moderate,Medium
14.8,7.1,4,12.7,0.59,58.1,17.9,3,7,1.7,Beginner,Moderate,Medium
38.7,31.5,5,10.1,0.5,60.1,46.6,2,2,1.89,Intermediate,Slow,High
49.2,30.9,2,7.6,0.38,59.0,55.2,0,5,2.66,Intermediate,Slow,High
61.9,61.0,4,5.7,0.42,47.0,51.1,5,8,2.59,Intermediate,Slow,High
39.7,38.1,6,12.0,0.67,61.3,15.2,5,0,1.81,Beginner,Moderate,High
79.1,97.2,17,8.9,0.62,33.2,55.8,4,6,2.89,Advanced,Fast,Low
41.3,64.0,10,5.2,0.79,61.5,15.0,3,8,1.69,Beginner,Moderate,Medium
60.0,61.2,4,4.1,0.28,55.8,58.3,3,8,2.31,Intermediate,Slow,High
19.5,39.0,6,10.1,0.75,44.2,35.5,3,1,1.61,Beginner,Fast,High
84.6,71.5,17,6.1,0.88,21.7,72.1,0,0,3.99,Advanced,Fast,Medium
49.3,51.7,13,7.9,0.77,44.6,59.3,0,2,2.06,Intermediate,Moderate,Medium
63.7,73.6,4,10.3,0.3,48.0,54.0,4,6,2.76,Intermediate,Moderate,Low
54.0,61.0,9,14.1,0.7,38.9,43.7,3,2,2.31,Intermediate,Fast,Medium
72.7,82.4,10,7.8,0.52,24.2,57.0,5,1,3.07,Beginner,Moderate,Medium
45.2,46.8,13,13.6,0.74,63.0,33.6,2,2,2.12,Intermediate,Moderate,High
86.3,94.0,7,8.5,0.65,57.4,50.5,0,1,3.34,Advanced,Moderate,Low
39.1,30.0,5,5.5,0.35,58.7,14.1,0,0,1.06,Beginner,Slow,High
78.4,85.2,17,5.6,0.67,40.3,48.9,4,8,2.27,Intermediate,Moderate,Medium
69.4,69.8,12,11.4,0.69,42.7,59.2,4,5,2.64,Intermediate,Moderate,Medium
67.1,76.6,9,12.0,0.4,57.2,72.9,5,4,2.76,Advanced,Moderate,Medium
67.4,64.5,6,2.8,0.39,12.7,55.1,1,8,2.94,Intermediate,Moderate,Medium
70.8,82.2,18,5.6,0.66,18.4,82.1,4,3,3.53,Advanced,Fast,Low
42.4,48.5,1,5.4,0.33,61.1,11.8,0,6,1.56,Beginner,Slow,High
53.5,39.0,15,9.4,0.59,54.2,42.6,5,1,2.29,Intermediate,Moderate,High
45.6,35.5,5,5.0,0.47,52.6,44.8,0,6,1.67,Intermediate,Slow,High
67.6,63.7,13,9.8,0.7,41.9,53.3,5,8,3.45,Intermediate,Moderate,Medium
42.5,22.4,14,13.8,0.6,54.7,52.3,5,3,2.37,Intermediate,Slow,High
43.7,41.7,6,14.0,0.58,62.0,22.0,1,3,1.31,Beginner,Moderate,High
71.3,61.1,12,11.0,0.41,23.7,93.0,4,6,3.67,Advanced,Moderate,Medium
84.1,76.9,7,1.9,0.5,33.9,63.5,0,6,3.23,Advanced,Slow,Medium
67.1,68.2,10,7.9,0.61,29.1,63.5,0,8,3.1,Advanced,Moderate,Medium
70.7,73.4,12,13.3,0.83,56.6,54.1,5,2,2.66,Beginner,Fast,Medium
53.6,60.6,4,7.1,0.75,46.0,33.7,0,0,2.5,Intermediate,Moderate,Medium
44.6,52.8,6,8.8,0.68,42.9,39.9,3,7,1.86,Intermediate,Moderate,Medium
46.7,56.1,7,9.2,0.49,64.6,43.1,0,0,2.15,Intermediate,Moderate,High
81.3,86.7,10,5.5,0.72,46.5,57.0,2,5,3.5,Advanced,Moderate,Medium
70.7,85.7,3,0.5,0.29,36.3,72.4,5,6,3.12,Advanced,Slow,Medium
70.8,79.3,7,4.7,0.57,29.3,84.5,5,7,4.0,Advanced,Moderate,Medium
62.6,74.5,13,9.8,0.74,47.8,41.3,3,8,2.17,Intermediate,Moderate,Medium
100.0,100.0,19,14.9,0.76,16.1,82.5,2,3,3.56,Advanced,Fast,Low
55.8,51.8,5,6.4,0.45,51.9,13.7,3,5,1.67,Beginner,Slow,High
40.0,37.4,2,3.0,0.36,78.0,37.4,5,2,1.62,Beginner,Slow,High
89.3,83.0,11,10.9,0.47,47.6,81.4,4,7,2.67,Advanced,Moderate,Medium
69.6,70.8,19,11.1,0.85,45.1,59.2,3,4,3.25,Advanced,Fast,Medium
42.5,33.3,7,7.6,0.5,53.5,21.7,3,3,2.09,Beginner,Slow,High
72.6,74.1,11,8.0,0.73,37.0,78.8,3,0,2.38,Advanced,Moderate,Medium
42.6,32.9,11,7.3,0.41,57.6,53.8,3,4,2.32,Intermediate,Slow,High
36.7,32.3,4,10.8,0.52,66.6,30.2,2,7,1.41,Beginner,Slow,High
45.6,48.1,11,11.2,0.52,43.6,53.2,0,4,2.42,Intermediate,Slow,High
54.6,36.4,7,6.6,0.27,57.2,58.2,5,0,2.55,Intermediate,Slow,High
45.0,50.6,4,9.4,0.39,24.7,40.4,2,1,1.47,Intermediate,Moderate,High
45.3,59.9,10,11.5,1.0,61.2,29.3,0,2,2.59,Intermediate,Fast,Medium
42.9,44.5,7,8.4,0.66,53.9,21.0,1,4,2.09,Beginner,Moderate,High
71.4,54.1,16,13.0,0.77,71.1,67.6,3,0,2.86,Advanced,Moderate,High
50.1,53.4,5,11.4,0.77,65.3,37.6,5,1,2.23,Intermediate,Moderate,Medium
40.7,26.9,3,5.9,0.68,52.0,44.5,0,3,2.03,Beginner,Moderate,High
28.4,44.0,1,4.1,0.41,82.3,20.0,3,3,1.78,Beginner,Slow,High
75.3,72.9,14,10.4,0.89,42.3,62.7,0,6,4.0,Advanced,Fast,Medium
28.5,36.2,6,10.5,0.71,44.2,41.5,4,1,1.53,Beginner,Moderate,Medium
50.5,49.7,6,7.7,0.51,37.8,35.7,5,8,2.23,Intermediate,Moderate,High
75.5,85.1,19,10.2,0.64,47.9,61.2,4,4,3.2,Intermediate,Moderate,Medium
43.5,33.7,1,3.6,0.47,63.3,30.8,4,5,3.16,Intermediate,Slow,Low
53.2,60.1,11,11.8,0.84,51.1,24.8,1,3,2.44,Intermediate,Fast,Medium
60.9,58.2,11,10.1,0.45,57.5,41.2,1,4,2.4,Intermediate,Slow,High
80.3,83.6,9,3.9,0.48,38.4,53.9,0,0,3.41,Advanced,Moderate,Medium
60.3,53.4,12,13.0,0.37,51.4,33.7,4,4,2.26,Intermediate,Moderate,High
92.7,88.4,11,11.8,0.37,34.0,75.5,3,5,2.85,Advanced,Moderate,Medium
40.9,25.1,8,18.4,0.7,59.4,47.9,2,8,2.47,Intermediate,Moderate,High
81.8,88.8,10,14.7,0.31,59.6,51.1,5,8,2.57,Advanced,Moderate,Medium
25.5,25.5,6,8.1,0.45,49.1,15.5,1,0,1.62,Beginner,Moderate,Medium
54.8,57.0,12,13.4,0.96,54.1,33.8,2,7,2.94,Intermediate,Fast,Medium
72.1,82.3,13,11.0,0.73,35.5,73.9,2,7,3.42,Advanced,Fast,Low
66.2,66.7,15,12.7,0.62,40.0,63.4,0,4,2.62,Intermediate,Moderate,Medium
53.9,60.9,8,6.8,0.58,39.6,58.3,5,1,3.28,Intermediate,Moderate,Medium
45.7,40.7,11,8.0,0.99,56.9,33.5,5,3,1.72,Beginner,Fast,High
53.7,51.7,17,11.1,0.66,44.8,42.9,5,6,2.61,Intermediate,Moderate,Medium
33.4,35.7,9,9.2,0.81,86.7,32.1,4,4,1.92,Beginner,Moderate,High
80.9,88.8,11,5.7,0.49,27.1,73.3,0,4,3.72,Advanced,Moderate,Medium
54.9,64.9,10,7.4,0.51,46.8,53.0,2,5,2.46,Intermediate,Moderate,Medium
52.2,54.9,13,8.0,0.71,64.1,61.9,1,1,3.11,Intermediate,Moderate,Medium
80.1,91.8,16,8.9,0.69,42.5,54.3,3,0,2.02,Advanced,Moderate,Low
29.0,18.0,5,4.3,0.37,70.5,37.0,3,8,1.49,Beginner,Slow,High
41.0,45.3,8,9.6,0.46,60.1,42.2,5,3,1.35,Intermediate,Moderate,High
70.3,64.4,1,8.5,0.35,51.9,58.1,4,2,2.43,Intermediate,Slow,High
69.4,67.7,17,14.2,0.65,29.7,73.1,4,4,3.32,Advanced,Fast,Medium
56.1,55.2,7,4.8,0.31,51.6,51.7,0,5,2.82,Intermediate,Slow,High
58.7,49.0,6,10.0,0.62,49.3,30.4,4,2,1.99,Intermediate,Moderate,High
72.5,65.6,5,6.2,0.5,78.6,22.0,1,8,1.54,Intermediate,Slow,High
76.0,77.3,22,14.9,0.8,45.9,78.5,4,3,3.27,Advanced,Fast,Medium
90.6,83.6,14,13.4,0.6,33.0,81.8,5,1,3.51,Advanced,Moderate,Medium
72.9,74.0,17,12.0,0.43,43.2,75.1,5,4,3.39,Advanced,Moderate,Medium
65.3,60.4,19,13.1,0.77,65.9,32.3,5,3,2.48,Intermediate,Moderate,Medium
82.8,84.7,13,9.9,0.79,35.2,93.4,2,1,3.31,Advanced,Fast,Low
59.7,61.4,11,16.0,0.56,54.7,51.3,2,3,2.72,Intermediate,Moderate,Medium
70.5,88.1,12,11.7,0.45,61.7,39.6,0,4,2.39,Intermediate,Moderate,Medium
31.5,44.2,6,9.6,0.27,64.8,0.0,5,7,1.0,Beginner,Slow,High
32.4,51.2,11,11.3,0.49,60.8,16.6,2,5,1.77,Beginner,Moderate,High
75.0,89.0,19,15.5,0.84,48.2,62.6,1,1,3.8,Advanced,Fast,Low
52.1,52.1,14,11.6,0.76,53.2,55.4,3,6,2.85,Intermediate,Moderate,Medium
44.4,49.1,10,11.2,0.46,79.5,27.7,3,0,2.37,Intermediate,Slow,High
71.5,66.4,7,6.9,0.65,53.8,57.6,0,0,2.92,Intermediate,Moderate,Medium
76.0,89.3,12,13.7,0.85,70.9,43.2,3,0,1.87,Intermediate,Fast,Low
61.1,64.5,6,10.0,0.43,52.9,71.7,3,6,3.45,Intermediate,Moderate,Medium
58.0,66.7,2,6.2,0.51,53.6,64.1,4,2,1.79,Intermediate,Moderate,Medium
49.7,60.3,10,11.4,0.65,59.6,39.7,3,3,2.99,Intermediate,Moderate,Medium
44.3,49.7,11,9.6,0.84,51.0,36.8,4,4,2.14,Intermediate,Fast,Medium
53.3,64.6,11,12.0,0.58,61.5,43.1,0,6,2.1,Intermediate,Moderate,Medium
29.8,21.5,3,2.9,0.57,50.6,26.5,1,2,1.83,Beginner,Slow,High
65.2,65.4,8,10.9,0.6,34.5,52.3,0,4,2.6,Intermediate,Moderate,Medium
82.1,89.5,13,4.4,0.42,30.1,51.0,4,3,3.26,Advanced,Moderate,Medium
84.6,77.9,14,5.9,0.43,42.0,81.9,1,1,3.18,Advanced,Slow,Medium
71.4,79.4,11,7.5,0.49,47.2,51.8,1,4,2.61,Intermediate,Moderate,Medium
51.3,49.5,4,10.5,0.59,79.0,47.2,0,0,1.88,Beginner,Slow,High
66.6,64.2,18,9.2,0.8,44.2,74.6,5,6,3.22,Advanced,Moderate,High
51.7,51.5,12,10.2,0.6,62.5,69.2,3,4,3.1,Intermediate,Moderate,High
65.4,72.5,1,10.1,0.35,53.0,49.5,1,0,2.01,Intermediate,Slow,High
58.7,75.0,8,8.6,0.62,50.3,53.0,5,3,3.13,Intermediate,Moderate,Medium
47.3,54.9,6,16.7,0.89,72.4,19.1,3,1,1.27,Beginner,Fast,Medium
43.9,60.9,10,17.5,0.78,67.7,34.5,4,3,2.38,Intermediate,Fast,Medium
42.5,40.2,5,6.1,0.48,61.9,46.7,0,2,2.66,Intermediate,Slow,High
65.6,46.8,6,5.4,0.35,52.2,37.8,0,8,2.45,Intermediate,Slow,High
46.8,45.3,8,10.8,0.55,72.4,53.7,5,1,2.29,Intermediate,Slow,High
32.3,46.6,5,11.0,0.71,47.8,43.9,0,0,2.04,Intermediate,Fast,Medium
41.7,36.5,6,7.5,0.57,51.3,6.4,1,7,1.72,Beginner,Moderate,High
54.6,70.0,5,10.3,0.77,47.6,36.9,5,0,1.96,Intermediate,Fast,Medium
76.0,71.0,3,8.4,0.3,63.8,51.6,3,3,3.62,Advanced,Slow,High
92.3,80.6,16,9.6,0.47,41.2,66.3,3,2,3.84,Advanced,Moderate,Medium
21.9,17.5,1,1.8,0.31,57.2,37.3,4,4,2.08,Beginner,Slow,High
29.7,58.0,4,0.5,0.5,70.2,18.8,0,7,1.0,Beginner,Slow,Medium
36.0,37.0,17,9.7,0.75,41.6,74.0,2,7,2.91,Intermediate,Moderate,High
60.0,63.9,23,9.3,0.63,36.1,50.3,3,4,2.96,Intermediate,Moderate,Low
60.9,65.0,11,8.3,0.79,37.8,55.7,0,8,2.73,Intermediate,Fast,Medium
49.7,58.3,6,7.6,0.48,42.1,54.8,3,1,2.29,Intermediate,Moderate,Medium
62.6,67.4,19,11.6,0.86,47.9,63.1,1,0,2.75,Advanced,Fast,Medium
70.4,78.8,22,16.6,1.0,54.5,64.8,3,8,3.01,Advanced,Fast,Low
71.4,68.7,13,17.4,0.85,49.5,81.4,3,8,3.6,Advanced,Fast,Medium
64.9,57.6,8,5.9,0.41,66.1,47.6,0,2,1.9,Intermediate,Slow,High
65.2,65.7,15,11.2,0.44,45.6,72.7,3,0,3.2,Advanced,Moderate,Medium
61.3,52.0,12,15.2,0.51,55.0,46.6,3,4,1.58,Intermediate,Moderate,High
33.4,12.1,4,4.9,0.39,66.2,13.4,2,4,1.69,Beginner,Slow,High
56.6,72.0,5,7.7,0.66,54.9,21.4,4,7,2.0,Intermediate,Moderate,Medium
84.8,81.9,12,7.9,0.67,58.9,59.4,2,0,3.2,Advanced,Moderate,Medium
66.8,69.8,6,9.7,0.36,70.3,41.3,0,4,2.31,Intermediate,Slow,High
57.5,62.4,13,6.8,0.85,53.7,62.3,2,0,3.24,Intermediate,Moderate,Medium
46.6,37.0,6,10.4,0.44,80.1,25.2,2,3,1.57,Beginner,Slow,High
21.0,15.3,4,7.9,0.82,64.9,6.2,4,0,1.89,Beginner,Moderate,High
86.1,97.8,13,4.4,0.45,52.6,60.4,2,5,3.22,Advanced,Slow,Medium
84.8,82.9,5,0.5,0.24,54.5,88.2,1,3,3.07,Advanced,Slow,Medium
53.8,59.1,8,8.0,0.36,53.6,28.5,1,4,2.21,Intermediate,Slow,High
62.0,58.3,9,7.2,0.66,53.5,41.2,5,0,1.9,Intermediate,Moderate,Medium
90.4,91.9,12,14.1,0.39,57.3,56.5,4,4,2.54,Advanced,Moderate,Medium
78.0,95.8,14,10.3,0.56,45.2,75.8,1,5,2.53,Advanced,Moderate,Low
55.9,64.5,13,11.4,0.48,39.3,68.3,1,1,2.58,Intermediate,Moderate,Medium
38.2,40.7,6,15.6,0.64,32.8,42.7,5,1,2.77,Intermediate,Fast,High
63.5,69.6,12,8.7,0.22,42.3,51.8,5,4,2.95,Intermediate,Slow,Medium
67.9,66.1,13,13.7,0.61,40.2,66.2,2,1,2.5,Intermediate,Moderate,Medium
64.6,56.5,10,6.1,0.54,39.5,66.3,5,1,3.45,Advanced,Moderate,High
82.9,83.0,11,7.1,0.66,56.4,61.1,2,4,3.67,Advanced,Moderate,Medium
56.8,53.1,7,8.0,0.46,64.1,47.0,5,6,2.07,Intermediate,Slow,High
32.3,39.9,1,7.4,0.34,61.6,25.5,5,6,1.9,Beginner,Slow,High
42.0,44.3,3,9.6,0.57,91.5,43.8,1,4,2.24,Intermediate,Slow,High
65.1,51.9,11,14.8,0.61,50.4,69.6,0,4,2.73,Intermediate,Moderate,High
58.7,54.0,14,12.0,0.52,40.9,69.1,2,0,3.06,Intermediate,Moderate,High
51.1,36.7,5,9.1,0.67,74.1,0.0,0,7,1.92,Beginner,Slow,High
54.5,57.1,11,12.3,0.81,34.1,45.6,4,1,2.72,Intermediate,Slow,Medium
46.9,62.2,8,13.2,0.65,58.3,44.8,0,5,1.76,Intermediate,Moderate,Medium
86.9,72.0,9,7.2,0.54,39.7,100.0,0,2,3.96,Advanced,Moderate,Medium
49.6,37.1,2,9.6,0.42,56.2,48.1,3,6,2.25,Advanced,Slow,High
62.6,72.5,11,5.2,0.29,38.8,66.9,4,2,3.27,Advanced,Slow,Medium
81.3,92.1,13,7.8,0.59,14.7,90.5,0,8,3.59,Advanced,Fast,Low
87.2,100.0,10,5.3,0.55,20.4,71.5,1,1,3.14,Advanced,Moderate,Low
66.4,66.4,8,3.6,0.38,44.1,70.8,1,3,3.54,Advanced,Slow,Medium
70.3,72.7,10,6.6,0.71,31.7,77.9,5,1,3.69,Advanced,Moderate,Medium
60.1,58.0,9,8.0,0.55,42.7,67.4,5,3,2.96,Intermediate,Moderate,Medium
70.7,68.4,5,5.3,0.63,32.2,63.4,1,1,3.41,Advanced,Moderate,Medium
68.0,60.7,9,9.4,0.61,39.0,80.8,2,5,3.28,Advanced,Fast,Medium
73.3,68.5,9,11.7,0.51,27.2,83.1,5,0,2.89,Advanced,Moderate,Medium
48.4,51.6,3,11.4,0.58,76.6,16.6,2,2,1.09,Beginner,Moderate,High
57.5,56.1,7,4.4,0.55,51.5,41.2,0,6,2.0,Intermediate,Slow,High
73.0,77.4,7,6.6,0.63,51.5,53.9,1,5,2.27,Intermediate,Moderate,Medium
39.8,35.6,7,8.1,0.49,45.9,35.5,0,3,2.26,Intermediate,Moderate,High
54.1,75.4,6,11.5,0.79,50.4,68.6,3,5,2.8,Advanced,Fast,Medium
45.3,40.9,7,1.4,0.36,63.4,24.4,1,5,2.1,Beginner,Slow,High
91.0,93.9,16,8.7,0.5,48.8,74.8,5,4,3.61,Intermediate,Moderate,Medium
81.2,75.7,12,5.8,0.49,44.7,80.1,1,5,3.53,Advanced,Slow,Medium
93.6,100.0,14,10.9,0.79,32.4,52.0,4,4,3.11,Advanced,Fast,Low
81.5,67.4,19,9.6,0.67,38.8,78.8,0,4,4.0,Advanced,Moderate,Medium
56.1,59.4,12,14.7,0.91,64.6,40.3,0,8,1.4,Intermediate,Fast,Medium
96.3,100.0,16,9.2,0.61,16.1,82.7,1,8,3.47,Advanced,Fast,Low
84.5,89.9,14,11.6,0.76,35.7,71.6,2,0,2.96,Advanced,Fast,Low
86.9,85.7,11,9.1,0.52,53.3,60.5,0,0,1.82,Advanced,Moderate,Medium
63.0,59.4,22,11.7,0.87,25.4,71.8,2,2,3.75,Advanced,Fast,Medium
57.6,53.2,7,2.0,0.24,60.2,41.0,0,1,3.2,Intermediate,Slow,High
49.0,57.4,5,7.8,0.57,48.1,51.7,1,0,2.24,Intermediate,Moderate,Medium
74.9,71.6,9,3.1,0.51,56.8,67.2,5,4,2.48,Advanced,Slow,Medium
48.6,42.4,7,4.2,0.32,57.3,42.5,2,6,2.08,Intermediate,Slow,High
36.3,43.6,1,7.9,0.54,68.3,0.0,2,5,1.0,Beginner,Moderate,High
76.0,80.5,5,8.7,0.58,34.5,65.2,3,2,3.64,Advanced,Moderate,Medium
77.0,100.0,25,12.7,0.92,37.5,84.8,1,8,3.59,Advanced,Fast,Low
73.7,91.6,19,9.7,0.69,32.1,75.5,3,4,2.82,Advanced,Fast,Low
97.2,100.0,25,12.5,0.82,10.0,84.6,4,3,3.2,Advanced,Slow,Low
81.3,71.5,5,3.6,0.07,47.7,58.3,1,4,3.29,Advanced,Slow,High
30.3,44.2,4,9.6,0.22,66.0,9.0,2,3,1.13,Beginner,Slow,High
100.0,90.7,13,3.9,0.35,15.8,83.0,3,7,3.55,Advanced,Moderate,Medium
58.6,59.4,13,11.9,0.61,31.3,88.7,5,5,3.4,Advanced,Moderate,Medium
88.0,96.6,6,5.5,0.32,46.7,80.4,0,3,4.0,Advanced,Slow,Medium
35.1,40.9,3,11.0,0.64,64.7,24.9,3,8,1.38,Beginner,Moderate,High
57.3,70.4,13,14.7,0.91,58.1,31.4,4,3,1.74,Intermediate,Fast,Medium
56.9,55.6,5,4.1,0.28,64.1,54.1,5,1,2.1,Intermediate,Slow,High
68.3,45.7,7,11.7,0.73,58.9,63.6,4,5,2.82,Intermediate,Moderate,High
44.6,53.0,5,6.8,0.39,58.7,35.8,3,7,2.02,Intermediate,Slow,High
81.2,81.6,4,5.0,0.6,36.3,77.8,2,8,3.0,Advanced,Moderate,Medium
40.0,45.0,3,2.3,0.11,54.0,25.9,1,5,1.0,Beginner,Slow,High
48.4,44.9,10,13.9,0.78,34.6,44.8,0,2,2.25,Intermediate,Fast,Medium
50.9,60.3,5,12.6,0.63,51.6,20.1,5,3,1.23,Beginner,Moderate,Medium
62.5,82.3,5,8.8,0.68,50.9,41.7,5,8,1.73,Intermediate,Moderate,Medium
42.2,29.7,9,10.4,0.53,56.1,24.0,3,5,2.4,Beginner,Fast,High
68.2,75.5,23,16.7,0.94,46.5,63.5,2,1,2.81,Advanced,Fast,Medium
60.9,56.1,9,11.6,0.73,65.2,26.8,2,2,2.42,Intermediate,Moderate,High
23.4,23.4,4,9.2,0.44,67.6,15.5,1,2,1.5,Beginner,Slow,High
53.8,69.6,11,5.0,0.56,72.4,41.9,4,4,2.45,Intermediate,Slow,Medium
47.7,46.0,13,11.3,0.97,53.5,24.7,2,5,1.33,Beginner,Fast,Medium
44.3,48.5,5,4.9,0.48,88.7,20.6,2,5,1.5,Beginner,Slow,High
61.7,64.6,11,5.9,0.85,59.6,74.4,4,8,3.52,Advanced,Moderate,Medium
74.5,96.7,9,8.8,0.45,58.7,70.0,3,3,3.72,Advanced,Moderate,Medium
89.0,88.8,6,7.8,0.35,43.4,72.6,5,4,4.0,Advanced,Slow,Medium
66.7,84.1,8,9.2,0.54,63.6,54.6,2,3,2.0,Intermediate,Moderate,Medium
49.2,46.5,5,5.7,0.47,51.8,35.7,0,6,2.02,Intermediate,Slow,High
100.0,88.0,11,7.2,0.7,29.9,100.0,2,4,3.51,Advanced,Fast,Medium
46.8,38.2,3,1.7,0.58,51.8,29.5,2,3,1.99,Beginner,Slow,High
76.3,74.8,10,2.3,0.35,59.8,51.7,0,6,3.03,Intermediate,Slow,Medium
74.5,82.9,21,11.0,0.77,32.6,88.3,1,4,3.27,Advanced,Fast,Low
47.7,51.1,2,7.6,0.49,81.8,41.8,3,6,1.61,Intermediate,Slow,High
61.3,72.3,17,7.8,0.72,62.6,44.2,1,4,2.21,Intermediate,Moderate,Medium
48.5,51.8,6,3.7,0.39,38.8,27.3,1,0,2.17,Intermediate,Slow,High
95.9,95.7,14,10.9,0.7,54.3,66.2,5,5,3.33,Advanced,Moderate,Low
74.0,78.6,14,12.3,0.78,46.5,75.1,0,3,3.8,Advanced,Fast,Medium
79.4,90.3,20,12.9,0.63,39.1,78.2,0,4,2.73,Advanced,Fast,Low
63.0,69.8,5,4.4,0.3,34.5,54.4,2,6,3.19,Intermediate,Slow,Medium
52.9,66.0,7,7.8,0.62,52.8,67.7,1,2,2.79,Intermediate,Moderate,Medium
51.3,51.8,3,10.8,0.68,65.0,19.7,5,3,1.46,Beginner,Moderate,High
71.3,67.8,5,11.5,0.44,58.3,36.2,0,7,2.7,Intermediate,Fast,Medium
66.3,62.6,12,7.9,0.42,24.1,64.8,2,5,2.44,Intermediate,Moderate,Medium
62.0,49.3,3,4.1,0.32,42.5,44.6,2,8,2.27,Intermediate,Slow,Medium
56.6,43.5,14,5.7,0.73,54.4,58.9,1,6,1.77,Intermediate,Moderate,Medium
68.3,72.6,14,13.7,0.56,45.4,61.4,2,0,3.38,Advanced,Moderate,Medium
88.3,100.0,6,6.5,0.53,52.5,79.0,4,6,2.78,Advanced,Moderate,Low
51.8,62.9,8,11.7,0.64,87.2,30.0,1,8,1.59,Intermediate,Moderate,Medium
67.7,67.9,13,10.3,0.76,34.0,55.9,5,7,2.68,Intermediate,Fast,Medium
42.8,46.7,7,9.1,0.55,76.7,34.8,1,1,1.58,Beginner,Slow,High
56.5,51.8,10,11.0,1.0,60.8,48.8,1,4,1.39,Intermediate,Fast,Medium
69.8,72.2,12,6.6,0.55,41.8,62.1,1,2,2.96,Advanced,Moderate,Medium
74.9,58.3,5,6.3,0.47,40.4,73.0,3,1,3.15,Advanced,Slow,High
64.6,72.8,2,3.7,0.39,37.5,59.9,4,8,3.04,Intermediate,Slow,Medium
29.1,43.4,11,7.8,0.84,58.0,31.6,2,6,1.92,Beginner,Moderate,Medium
55.9,41.8,4,11.4,0.83,66.2,7.6,5,6,1.0,Beginner,Moderate,High
27.6,14.7,5,8.3,0.72,59.8,20.4,0,5,1.03,Beginner,Moderate,High
73.2,73.0,10,8.5,0.38,64.9,69.1,2,2,3.24,Advanced,Slow,Medium
36.2,25.6,5,9.3,0.6,39.3,27.9,4,0,2.3,Beginner,Moderate,High
72.4,83.8,7,10.3,0.53,50.4,72.5,4,2,3.01,Advanced,Moderate,Medium
60.9,69.2,11,7.5,0.32,60.3,60.2,0,1,3.75,Advanced,Slow,High
54.1,46.7,9,8.0,0.84,56.5,41.2,0,1,1.98,Intermediate,Moderate,High
30.4,43.4,6,12.7,0.64,56.9,17.7,5,4,2.04,Beginner,Fast,High
76.7,77.4,20,7.7,0.87,37.0,80.4,5,7,3.63,Advanced,Fast,Medium
34.5,20.3,9,10.1,0.8,80.1,25.0,3,1,1.49,Beginner,Moderate,High
34.2,29.8,6,5.8,0.32,64.4,13.4,4,5,1.0,Beginner,Slow,High
51.1,45.2,9,10.2,0.61,36.5,55.3,1,7,3.19,Intermediate,Moderate,High
50.5,41.4,6,8.1,0.52,62.0,18.0,3,3,1.39,Beginner,Slow,High
56.9,64.5,9,9.7,0.47,53.3,33.7,3,8,1.93,Intermediate,Moderate,Medium
79.1,100.0,5,4.9,0.23,67.1,49.4,4,2,2.81,Advanced,Slow,Medium
69.3,78.9,11,8.7,0.67,58.1,63.8,0,7,2.99,Advanced,Moderate,Medium
45.9,44.4,7,10.0,0.5,88.3,39.8,0,2,2.28,Intermediate,Slow,High
52.3,56.9,7,13.6,0.6,77.1,20.5,5,3,1.43,Beginner,Moderate,High
65.3,57.4,9,8.9,0.38,59.7,30.5,5,3,2.13,Intermediate,Slow,High
61.3,63.9,17,14.6,0.64,58.1,74.3,4,3,3.21,Advanced,Moderate,Medium
76.2,46.2,17,12.0,0.63,67.8,76.6,0,4,2.96,Advanced,Slow,High
64.8,60.6,11,7.9,0.68,58.8,48.5,1,3,3.01,Intermediate,Moderate,Low
54.4,62.0,4,6.2,0.59,55.3,32.1,2,1,2.72,Intermediate,Moderate,Medium
24.0,46.5,5,11.1,0.73,72.6,23.0,0,3,1.34,Beginner,Moderate,High
56.3,68.9,11,5.2,0.47,55.3,67.4,3,3,3.44,Advanced,Slow,Medium
61.1,69.3,13,12.7,0.77,49.9,43.5,2,3,1.98,Intermediate,Fast,Medium
74.6,64.2,8,0.8,0.42,16.9,69.1,2,8,3.25,Advanced,Slow,Medium
64.0,87.4,6,7.8,0.53,45.9,31.5,4,6,1.25,Intermediate,Moderate,Medium
56.0,72.5,9,14.2,0.72,56.3,46.5,1,1,2.26,Intermediate,Fast,Medium
33.7,43.7,6,8.5,0.85,73.4,28.0,0,4,2.07,Beginner,Moderate,High
59.7,72.5,7,9.9,0.84,52.7,50.9,5,8,2.27,Intermediate,Fast,Medium
63.8,70.8,17,12.1,0.84,49.7,74.2,0,6,2.77,Advanced,Fast,Medium
85.1,87.8,16,12.5,0.63,32.0,72.5,1,7,3.53,Advanced,Fast,Low
62.8,59.7,15,7.2,0.73,31.9,50.1,2,3,3.69,Intermediate,Moderate,Medium
79.3,72.4,26,9.3,1.0,36.1,44.8,4,0,3.64,Advanced,Fast,Medium
60.0,76.3,5,13.3,0.58,44.9,58.4,4,6,1.25,Intermediate,Moderate,Medium
27.4,20.1,8,11.5,0.65,53.6,31.2,2,8,1.98,Beginner,Moderate,High
95.9,91.5,13,8.6,0.43,55.4,73.8,2,4,2.99,Advanced,Slow,Medium
79.1,90.6,8,8.9,0.46,53.4,69.8,1,1,4.0,Advanced,Moderate,Medium
80.6,74.8,19,7.7,0.5,22.4,70.8,4,5,4.0,Advanced,Moderate,Medium
47.6,51.2,12,17.6,0.98,51.0,23.9,0,3,2.27,Intermediate,Fast,Medium
45.7,48.6,6,1.5,0.53,69.0,58.3,4,1,2.88,Intermediate,Slow,High
43.9,48.4,5,9.1,0.95,46.3,34.9,4,0,1.77,Intermediate,Fast,Medium
56.5,59.1,11,3.4,0.61,55.3,64.5,1,7,3.0,Intermediate,Moderate,Medium
74.5,80.4,3,0.5,0.53,40.4,80.9,0,8,2.95,Advanced,Moderate,Medium
66.6,75.5,13,11.3,0.6,37.4,73.5,4,2,2.57,Advanced,Moderate,Low
47.3,46.6,7,10.4,0.33,57.8,52.8,4,4,1.7,Intermediate,Slow,High
54.0,54.2,9,7.9,0.6,45.1,48.3,4,1,2.99,Intermediate,Moderate,Low
63.4,54.8,11,9.3,0.59,71.6,80.7,3,2,3.13,Advanced,Slow,High
55.4,51.3,14,7.0,0.59,56.0,62.8,3,0,2.68,Intermediate,Moderate,High
45.5,40.3,9,8.8,0.7,43.5,51.2,4,6,1.82,Intermediate,Moderate,High
44.2,63.7,2,6.8,0.44,26.9,50.9,4,1,3.01,Intermediate,Moderate,Medium
74.4,60.2,8,10.6,0.56,15.9,66.7,5,5,3.17,Advanced,Moderate,Medium
51.0,67.7,10,13.7,0.68,64.5,29.0,1,5,2.39,Intermediate,Moderate,Medium
48.3,53.6,19,13.3,1.0,37.0,34.7,3,4,2.73,Intermediate,Fast,Medium
55.3,48.2,10,8.3,0.42,53.7,55.3,1,5,1.55,Intermediate,Slow,High
32.9,21.4,7,14.8,0.78,37.9,33.7,3,0,1.32,Beginner,Fast,High
85.4,97.9,17,8.8,0.49,25.8,92.8,3,4,3.44,Advanced,Fast,High
58.4,73.1,6,3.8,0.24,56.2,60.6,3,2,2.43,Intermediate,Slow,Medium
70.3,61.3,6,6.8,0.26,40.9,83.4,1,3,2.82,Advanced,Slow,High
72.1,74.8,21,15.8,0.66,50.9,73.2,1,2,3.31,Advanced,Moderate,Medium
56.8,72.4,14,14.2,0.99,20.7,49.5,1,5,1.57,Intermediate,Fast,Low
74.1,70.9,1,5.1,0.41,44.7,54.0,1,1,2.92,Intermediate,Slow,Medium
68.1,59.4,8,6.0,0.45,47.6,49.0,1,5,2.89,Intermediate,Slow,High
61.7,50.2,11,6.7,0.39,63.0,51.0,4,5,2.46,Intermediate,Slow,High
68.7,73.7,7,9.1,0.47,32.4,54.0,3,4,2.53,Intermediate,Moderate,Medium
44.3,46.7,4,10.4,0.7,62.7,29.8,0,0,2.58,Intermediate,Moderate,High
89.4,88.5,10,8.5,0.39,26.4,89.0,0,5,3.44,Advanced,Moderate,Medium
39.9,36.3,5,11.3,0.52,50.6,46.8,4,1,2.73,Beginner,Moderate,High
74.5,80.8,10,12.7,0.65,51.7,50.3,1,4,3.16,Beginner,Slow,Medium
83.2,78.2,12,12.3,0.56,23.3,72.1,0,6,3.78,Advanced,Moderate,Medium
82.6,85.6,9,9.4,0.56,56.9,67.5,3,8,3.11,Advanced,Moderate,Medium
88.5,83.7,8,8.9,0.79,20.2,68.9,5,3,3.6,Advanced,Fast,Low
40.1,44.0,11,4.6,0.44,35.8,60.3,4,6,2.63,Intermediate,Moderate,High
37.0,31.8,2,5.8,0.68,70.3,28.5,1,5,1.22,Beginner,Slow,High
82.2,89.1,16,13.1,0.58,29.5,78.1,2,2,3.83,Advanced,Fast,Low
57.7,55.0,17,14.9,0.6,40.5,39.1,3,1,2.55,Intermediate,Moderate,Medium
54.1,45.9,4,5.6,0.53,52.5,57.0,3,7,3.1,Intermediate,Slow,High
53.6,49.1,5,7.7,0.35,55.1,40.9,1,4,1.78,Advanced,Slow,High
59.4,64.4,2,0.5,0.39,44.0,76.7,0,6,2.74,Advanced,Slow,Medium
91.1,93.8,9,5.3,0.5,43.3,60.2,2,6,2.92,Advanced,Moderate,Medium
73.1,61.1,7,8.8,0.65,40.5,75.1,2,6,2.29,Intermediate,Moderate,Medium
54.4,73.2,9,11.1,0.72,65.2,31.3,2,6,2.63,Intermediate,Moderate,Medium
64.9,76.5,7,8.6,0.42,72.2,53.1,3,7,2.75,Intermediate,Slow,Medium
52.2,60.3,3,4.0,0.14,69.5,26.5,1,2,1.61,Beginner,Slow,High
68.5,77.9,8,7.0,0.6,66.2,40.7,1,5,2.36,Intermediate,Moderate,Medium
79.5,85.8,14,8.2,0.27,18.1,82.4,1,8,3.68,Advanced,Moderate,Medium
72.5,76.4,15,11.2,0.7,45.4,51.9,3,8,2.45,Intermediate,Moderate,Medium
23.2,26.0,4,10.2,0.53,83.8,27.0,0,6,1.0,Beginner,Slow,High
57.5,72.0,9,10.1,0.43,64.5,49.4,3,2,1.97,Intermediate,Moderate,Medium
61.1,54.0,11,13.5,0.68,42.8,58.6,4,4,2.93,Intermediate,Moderate,Medium
54.1,67.4,18,11.7,0.98,53.0,47.7,3,1,2.78,Intermediate,Fast,Medium
29.7,36.5,4,9.2,0.44,38.9,33.2,3,0,2.13,Beginner,Moderate,High
59.2,43.9,12,15.5,0.86,55.8,7.6,4,2,1.98,Beginner,Fast,High
73.5,85.4,7,3.3,0.81,40.0,53.0,3,6,2.48,Intermediate,Moderate,Low
52.2,43.9,8,15.4,0.59,66.1,47.7,1,0,2.28,Intermediate,Moderate,High
80.1,80.9,17,9.3,0.56,16.1,67.8,3,8,4.0,Advanced,Fast,Medium
55.1,69.7,8,10.2,0.6,62.2,27.3,0,4,2.01,Intermediate,Moderate,Medium
30.8,32.1,3,13.1,0.48,67.4,17.9,0,5,1.8,Beginner,Moderate,High
78.1,91.9,9,2.5,0.14,38.9,76.5,5,1,3.29,Advanced,Slow,Medium
58.2,56.3,14,9.4,0.83,40.5,52.6,1,0,2.55,Intermediate,Fast,Medium
78.2,72.3,6,9.9,0.4,35.2,42.5,0,4,2.77,Intermediate,Moderate,Medium
68.3,71.1,20,8.9,0.62,39.9,64.9,0,4,2.13,Intermediate,Moderate,Medium
81.3,76.2,8,6.1,0.42,33.3,69.7,2,3,3.37,Advanced,Moderate,Medium
67.3,68.1,9,7.6,0.89,39.5,58.0,5,2,3.08,Intermediate,Fast,Medium
56.4,64.5,12,12.6,0.54,56.7,28.3,1,7,2.46,Intermediate,Moderate,Medium
87.4,97.3,12,7.8,0.48,56.8,58.9,4,2,3.13,Advanced,Moderate,Medium
74.2,88.1,7,1.8,0.23,41.3,60.9,4,4,3.41,Advanced,Slow,Medium
58.5,52.7,2,3.7,0.45,53.8,46.2,5,8,1.44,Intermediate,Slow,High
44.7,30.1,3,6.2,0.49,68.0,24.8,3,5,1.1,Beginner,Slow,High
87.3,80.6,28,12.0,0.71,35.5,94.2,0,0,3.94,Advanced,Moderate,Medium
81.5,81.0,15,9.2,0.4,38.4,65.1,0,1,2.56,Advanced,Moderate,Medium
57.6,62.9,9,13.7,0.59,79.8,39.9,3,8,1.14,Intermediate,Moderate,High
61.6,65.3,7,7.0,0.43,71.7,36.0,4,8,2.06,Intermediate,Slow,High
35.3,39.8,4,11.3,0.62,55.9,16.1,2,6,1.51,Beginner,Moderate,High
46.6,60.9,15,11.9,0.73,60.0,57.1,1,2,2.48,Intermediate,Moderate,Medium
53.0,58.6,5,9.6,0.41,41.2,67.6,3,1,2.78,Intermediate,Moderate,High
76.7,63.4,14,15.8,0.62,26.5,64.0,5,7,3.59,Advanced,Fast,Medium
65.0,70.0,16,12.5,0.77,28.3,43.4,4,8,3.39,Intermediate,Fast,Medium
30.1,28.6,8,5.4,0.62,48.1,22.9,3,4,1.73,Beginner,Moderate,High
64.1,62.8,7,3.4,0.24,48.8,54.1,0,7,3.09,Intermediate,Slow,High
68.1,76.7,10,3.3,0.47,8.0,68.7,3,2,3.42,Advanced,Moderate,Medium
63.5,71.6,7,10.8,0.54,49.2,76.6,0,1,2.75,Advanced,Moderate,Medium
38.7,53.9,5,11.3,0.65,63.3,44.7,4,4,1.33,Intermediate,Moderate,Medium
83.9,87.3,18,7.8,0.43,49.1,65.8,5,1,3.06,Advanced,Moderate,Medium
41.0,43.7,3,8.1,0.59,51.8,31.3,1,7,1.78,Beginner,Moderate,High
56.8,48.1,6,5.1,0.6,51.0,49.7,1,1,2.93,Intermediate,Moderate,High
41.4,59.5,5,11.1,0.8,55.4,38.9,2,5,1.72,Intermediate,Fast,Medium
52.8,44.9,7,9.3,0.54,55.9,35.7,4,4,1.63,Intermediate,Moderate,High
41.3,48.7,4,9.1,0.51,66.1,38.6,0,7,2.36,Intermediate,Moderate,High
19.9,10.2,5,8.7,0.55,66.8,31.1,5,3,1.93,Beginner,Slow,High
54.8,51.1,6,10.8,0.53,45.0,49.7,5,0,1.42,Intermediate,Moderate,High
71.6,46.2,5,7.5,0.5,34.0,87.1,3,3,4.0,Advanced,Slow,High
57.2,69.0,10,10.9,0.69,54.7,56.3,1,2,2.29,Advanced,Moderate,Medium
46.2,36.1,6,5.3,0.28,53.0,42.2,5,5,2.37,Intermediate,Slow,Medium
79.8,78.3,16,7.8,0.41,42.8,83.3,5,7,4.0,Advanced,Fast,Medium
78.2,83.7,15,7.4,0.76,25.4,47.7,4,4,2.45,Intermediate,Fast,Low
100.0,100.0,12,3.1,0.4,40.0,90.2,5,6,3.8,Advanced,Slow,Low
63.0,46.7,4,6.6,0.44,51.0,43.4,5,5,1.94,Intermediate,Slow,High
41.3,26.0,5,9.8,0.31,48.8,42.6,2,8,1.69,Beginner,Slow,High
41.3,46.3,7,15.1,1.0,63.3,22.1,1,1,1.72,Beginner,Fast,Medium
51.4,52.0,8,15.2,0.57,70.8,28.9,5,7,1.29,Beginner,Moderate,High
41.1,43.7,7,9.0,0.81,61.6,14.3,2,2,1.0,Beginner,Moderate,High
62.2,60.5,9,2.6,0.37,58.5,46.1,1,3,2.69,Intermediate,Slow,High
81.5,90.8,15,11.6,0.7,30.8,64.2,0,7,3.17,Advanced,Fast,Low
32.1,38.6,9,7.4,0.38,54.5,47.9,2,0,1.68,Intermediate,Slow,High
76.9,92.8,0,8.1,0.33,28.6,75.8,5,8,3.17,Advanced,Moderate,Medium
29.7,33.4,4,10.1,0.46,53.4,9.2,1,8,1.54,Intermediate,Moderate,High
74.3,98.2,22,15.1,0.91,56.3,54.2,3,6,2.91,Advanced,Fast,Low
52.9,51.5,0,6.6,0.5,70.5,12.1,1,4,1.42,Beginner,Slow,High
65.7,77.6,11,12.3,0.69,52.7,72.8,2,2,3.1,Advanced,Fast,Medium
61.0,56.8,7,10.7,0.42,51.2,50.7,1,7,2.18,Intermediate,Moderate,High
79.3,70.7,15,7.6,0.62,46.7,57.0,0,3,3.07,Advanced,Moderate,Medium
53.9,57.5,12,8.7,0.78,55.0,68.8,0,3,2.16,Intermediate,Moderate,Medium
54.9,50.7,5,4.6,0.29,71.7,39.0,4,6,1.88,Intermediate,Slow,High
36.4,36.6,6,8.9,0.26,44.3,42.9,2,5,2.5,Intermediate,Slow,High
41.4,57.9,6,12.1,0.61,68.9,44.2,4,2,2.22,Intermediate,Moderate,Medium
34.5,42.6,1,9.1,0.83,65.2,10.4,3,7,1.25,Beginner,Moderate,High
60.4,54.0,3,5.4,0.46,54.7,29.0,0,3,2.17,Intermediate,Slow,High
42.5,43.5,8,5.7,0.64,61.9,27.3,4,7,1.92,Advanced,Moderate,High
57.4,62.2,12,13.0,0.84,46.8,50.3,5,6,2.55,Intermediate,Fast,Medium
62.6,72.1,12,13.6,0.81,40.1,62.4,3,7,2.75,Intermediate,Moderate,Medium
58.5,72.7,7,7.5,0.6,58.8,27.0,5,6,2.58,Intermediate,Moderate,Medium
55.3,56.4,9,5.1,0.6,57.3,52.7,4,1,2.27,Intermediate,Fast,High
55.7,50.6,6,2.8,0.66,51.0,49.1,1,7,1.92,Intermediate,Moderate,High
74.4,73.9,14,8.8,0.73,47.0,71.9,1,7,3.16,Advanced,Moderate,Medium
83.3,68.7,8,4.3,0.64,41.3,62.1,5,1,3.37,Advanced,Moderate,Medium
66.2,71.9,15,10.6,0.66,62.8,58.8,4,8,2.74,Intermediate,Moderate,Medium
74.0,87.2,8,9.1,0.71,64.7,46.8,5,2,2.0,Intermediate,Moderate,Medium
66.1,65.8,17,7.1,0.25,72.9,81.6,0,2,3.3,Advanced,Slow,High
50.8,65.6,5,9.9,0.69,56.0,26.5,3,4,1.67,Intermediate,Moderate,Medium
44.1,44.5,5,13.8,0.61,79.8,37.2,2,5,1.68,Beginner,Moderate,High
63.4,66.8,11,12.1,1.0,54.3,78.0,3,4,2.9,Advanced,Fast,Medium
63.1,61.7,2,6.1,0.38,52.0,40.9,2,7,1.66,Intermediate,Slow,High
62.2,57.9,14,12.4,0.41,25.8,67.5,5,8,2.47,Intermediate,Moderate,Medium
100.0,100.0,20,14.7,0.78,27.1,100.0,4,1,3.07,Advanced,Fast,Low
65.4,64.5,26,14.0,0.7,41.0,65.5,3,2,3.05,Advanced,Fast,Medium
41.3,53.8,6,11.8,0.65,61.0,10.6,0,5,1.95,Beginner,Moderate,Medium
73.5,72.0,14,15.1,0.4,34.7,52.1,4,3,3.02,Intermediate,Moderate,Medium
67.4,74.1,7,7.0,0.61,51.8,35.9,1,4,2.18,Intermediate,Moderate,Medium
47.6,50.2,11,9.1,0.72,32.2,51.3,0,1,2.52,Intermediate,Fast,Medium
84.3,75.2,13,9.4,0.71,29.7,89.8,4,7,4.0,Advanced,Moderate,Medium
76.1,67.5,14,8.6,0.48,22.0,79.0,2,0,3.44,Advanced,Moderate,Medium
63.3,66.9,5,5.1,0.52,59.8,57.2,2,2,3.56,Intermediate,Slow,Medium
74.5,71.5,3,1.9,0.12,27.3,64.4,4,5,2.67,Intermediate,Slow,Medium
60.4,59.2,10,7.9,0.66,68.0,38.7,0,4,2.66,Intermediate,Moderate,Medium
68.7,72.2,12,9.9,0.35,37.4,77.4,0,0,4.0,Advanced,Fast,Medium
40.9,51.2,3,9.7,0.59,60.7,17.9,5,8,1.16,Beginner,Moderate,High
64.7,70.3,18,10.8,0.91,33.4,78.4,4,2,3.21,Advanced,Fast,Medium
59.1,68.5,10,8.2,0.68,54.3,38.9,3,1,3.0,Intermediate,Moderate,Medium
45.9,46.1,6,6.2,0.45,55.8,26.7,1,4,1.9,Beginner,Slow,High
57.4,72.2,10,8.8,0.6,49.8,44.3,5,1,2.39,Intermediate,Moderate,Medium
51.3,65.9,5,12.1,0.66,45.5,46.4,2,0,1.81,Intermediate,Fast,Medium
55.9,54.4,6,7.8,0.53,50.1,45.7,4,7,2.1,Intermediate,Moderate,High
69.3,76.4,12,9.3,0.68,66.1,46.6,4,4,2.16,Intermediate,Moderate,Medium
62.0,53.7,8,7.8,0.59,48.5,30.3,3,5,2.36,Intermediate,Slow,High
53.7,66.1,10,13.8,1.0,63.5,47.4,5,1,2.23,Intermediate,Fast,Medium
79.6,93.3,11,9.2,0.52,61.7,52.4,0,1,2.2,Advanced,Moderate,Medium
81.0,83.4,5,3.3,0.38,50.2,61.9,1,2,3.48,Advanced,Slow,Medium
50.6,53.6,19,10.3,0.59,30.3,59.1,5,4,3.53,Intermediate,Moderate,Medium
80.9,81.9,10,6.9,0.61,44.0,52.7,1,1,3.12,Advanced,Moderate,Medium
80.0,79.5,5,4.1,0.31,46.9,60.7,0,1,2.81,Advanced,Slow,Medium
88.8,85.9,4,4.8,0.61,26.4,86.2,0,5,4.0,Advanced,Moderate,Medium
49.0,45.8,6,12.9,0.53,56.9,24.7,5,0,1.26,Advanced,Moderate,High
79.1,87.7,24,12.9,0.79,60.4,72.6,2,3,3.83,Advanced,Fast,Low
20.1,21.6,3,15.5,0.51,63.3,4.4,5,0,1.0,Beginner,Moderate,High
46.9,39.8,4,1.0,0.1,52.6,10.0,2,7,1.78,Beginner,Slow,High
79.3,75.5,11,14.7,0.44,47.0,90.4,1,1,4.0,Advanced,Moderate,Medium
41.2,33.8,4,3.4,0.4,35.7,37.4,4,3,1.87,Beginner,Slow,High
56.6,60.7,15,13.0,0.75,81.8,51.0,5,3,2.32,Intermediate,Moderate,Medium
33.7,51.9,15,13.3,1.0,39.9,20.4,4,4,2.0,Beginner,Fast,Medium
88.1,80.7,11,8.7,0.63,39.8,72.1,2,2,3.18,Advanced,Moderate,Medium
36.4,37.0,5,4.7,0.32,45.8,25.0,2,5,2.17,Beginner,Slow,High
56.5,42.1,3,7.5,0.4,63.9,38.3,0,3,2.77,Intermediate,Slow,High
45.7,53.7,12,13.3,0.92,64.1,35.5,1,8,1.73,Intermediate,Fast,Medium
66.8,47.5,6,7.0,0.45,40.3,83.7,4,5,3.53,Advanced,Slow,High
35.2,25.9,3,5.1,0.73,61.7,29.1,3,5,2.4,Beginner,Moderate,High
67.8,80.3,10,7.0,0.43,63.7,28.3,3,2,2.28,Intermediate,Slow,Medium
68.6,68.4,14,15.5,0.7,45.2,66.6,0,6,2.63,Advanced,Fast,Medium
53.4,36.0,5,4.7,0.28,45.7,34.1,5,6,1.57,Beginner,Slow,High
42.7,51.9,10,12.8,0.57,62.2,40.0,4,8,1.7,Intermediate,Moderate,High
39.0,46.5,5,4.9,0.26,56.2,32.1,5,3,2.17,Intermediate,Slow,High
64.6,62.1,17,4.9,0.58,41.1,77.2,5,0,3.43,Advanced,Moderate,Medium
72.2,67.6,15,10.0,0.51,43.5,59.9,1,3,3.6,Advanced,Moderate,Medium
38.8,30.4,0,11.7,0.81,47.5,19.5,0,7,1.83,Beginner,Moderate,High
79.8,73.5,20,5.9,0.65,44.6,82.7,5,8,2.99,Advanced,Moderate,Medium
40.6,45.6,6,10.4,0.72,63.4,36.4,2,2,1.08,Beginner,Moderate,High
81.4,96.2,5,9.3,0.63,28.6,64.2,3,7,3.31,Advanced,Fast,Low
54.7,45.5,4,2.2,0.42,39.1,63.7,4,4,3.7,Intermediate,Slow,High
79.2,95.2,12,13.6,0.6,42.7,77.4,2,2,3.18,Advanced,Fast,Low
53.3,47.7,11,12.7,0.52,45.7,35.2,5,2,2.36,Intermediate,Moderate,High
82.8,79.0,6,5.6,0.33,69.8,80.9,5,5,3.09,Advanced,Slow,Medium
48.5,52.9,12,15.9,0.98,54.9,31.5,3,4,2.09,Intermediate,Fast,Medium
63.1,61.7,8,10.8,0.73,45.5,51.6,1,4,2.84,Intermediate,Moderate,Medium
67.5,81.1,11,8.8,0.51,43.3,50.7,3,5,2.78,Intermediate,Moderate,Medium
52.8,50.3,5,9.4,0.68,64.0,17.9,2,4,1.01,Beginner,Moderate,High
51.8,51.8,7,7.3,0.36,36.0,58.7,3,8,2.55,Intermediate,Moderate,High
77.1,80.1,17,10.4,0.61,23.9,80.8,5,6,3.45,Advanced,Fast,Medium
69.0,83.3,22,10.0,0.67,31.1,75.1,5,0,3.73,Advanced,Fast,Low
60.7,75.1,4,13.3,0.9,75.0,33.5,5,3,1.86,Intermediate,Fast,Medium
72.6,77.7,10,6.7,0.66,46.7,69.5,3,3,2.45,Advanced,Moderate,Medium
65.0,66.8,14,6.8,0.56,30.1,41.0,5,8,3.09,Intermediate,Moderate,Low
62.4,69.0,13,7.3,0.68,37.2,61.9,0,8,3.1,Advanced,Moderate,Medium
33.3,36.8,5,8.5,0.42,60.2,35.7,5,1,1.65,Beginner,Slow,High
60.3,51.8,11,14.6,0.68,65.0,59.2,2,5,2.39,Intermediate,Moderate,High
62.3,55.2,12,6.3,0.64,55.6,71.8,5,0,2.63,Intermediate,Moderate,High
49.2,46.3,2,10.2,0.69,86.0,30.9,3,2,1.42,Beginner,Moderate,High
38.2,32.3,6,0.5,0.43,73.0,27.0,0,7,1.88,Beginner,Slow,High
64.5,59.2,11,5.6,0.44,22.1,61.5,5,1,2.49,Intermediate,Moderate,Medium
76.6,73.1,19,15.7,0.79,32.3,59.6,3,4,3.32,Advanced,Fast,Medium
59.3,66.2,3,5.5,0.35,52.0,41.7,4,8,2.08,Intermediate,Slow,Medium
58.2,54.2,12,7.8,0.8,45.9,47.4,2,8,3.08,Intermediate,Moderate,Medium
30.6,37.2,2,11.6,0.58,73.6,32.8,3,8,1.31,Beginner,Moderate,High
100.0,100.0,11,14.1,0.99,30.5,55.0,2,5,2.41,Advanced,Fast,High
53.2,51.6,1,3.1,0.28,48.1,41.7,2,5,2.83,Intermediate,Slow,High
96.3,100.0,11,9.2,0.68,57.1,87.5,5,4,3.56,Advanced,Moderate,Low
74.0,75.8,16,8.7,0.73,32.0,76.0,5,0,3.77,Advanced,Fast,Medium
46.7,48.1,5,3.7,0.47,59.0,36.9,4,4,2.07,Intermediate,Slow,High
62.0,75.7,5,7.5,0.52,55.6,20.5,1,7,1.05,Beginner,Moderate,Medium
32.9,36.5,11,7.1,0.5,52.1,34.4,4,0,1.81,Beginner,Moderate,High
56.3,50.9,4,4.1,0.57,54.5,31.5,4,6,2.37,Intermediate,Slow,High
69.2,67.7,8,4.9,0.65,35.0,75.1,0,8,3.15,Advanced,Moderate,Medium
37.0,48.4,5,9.7,0.67,67.8,38.5,2,8,2.16,Intermediate,Moderate,High
82.5,94.9,16,15.8,0.96,54.6,40.6,2,3,2.84,Intermediate,Fast,Low
77.5,65.5,14,8.9,0.45,45.6,71.5,1,7,2.87,Advanced,Slow,Medium
73.5,73.6,13,12.5,0.84,40.3,63.9,5,0,2.46,Advanced,Fast,Low
68.6,91.4,8,12.9,0.48,48.3,54.3,4,8,2.43,Intermediate,Moderate,Medium
55.5,55.4,7,12.1,0.6,50.6,41.1,4,7,2.3,Intermediate,Moderate,Medium
46.4,47.6,7,9.5,0.71,74.2,28.1,5,7,1.38,Beginner,Moderate,High
62.7,73.4,4,9.9,0.52,58.8,29.1,5,4,1.76,Intermediate,Moderate,Medium
77.7,77.5,8,8.5,0.38,25.1,82.9,5,2,3.05,Advanced,Moderate,Medium
69.2,71.0,13,8.9,0.5,29.5,76.7,1,0,4.0,Advanced,Moderate,Medium
63.7,57.2,16,14.2,1.0,40.1,43.7,2,7,3.35,Intermediate,Fast,Medium
86.0,87.5,16,14.9,0.79,38.3,91.8,0,2,3.46,Advanced,Fast,Low
49.8,50.5,2,6.6,0.39,69.2,21.7,2,2,1.3,Beginner,Moderate,High
65.7,63.0,19,10.5,0.91,24.5,80.7,2,3,3.24,Advanced,Fast,Medium
77.6,72.0,5,0.8,0.26,48.1,61.7,4,5,3.13,Advanced,Slow,Medium
43.1,30.7,14,16.7,0.62,40.8,59.5,3,1,2.8,Intermediate,Moderate,High
55.5,57.6,16,7.0,0.65,41.5,63.2,0,2,2.87,Intermediate,Moderate,Medium
42.0,35.8,10,8.7,0.83,49.3,46.1,2,5,2.57,Intermediate,Moderate,High
51.7,32.7,4,4.1,0.35,47.2,52.8,1,1,1.33,Intermediate,Slow,High
63.5,68.4,17,13.0,0.76,22.6,83.7,1,3,3.37,Advanced,Fast,Medium
83.9,97.8,14,11.3,0.55,30.9,66.0,1,6,3.69,Advanced,Moderate,Low
60.0,77.9,6,7.3,0.59,50.7,62.8,4,4,2.36,Intermediate,Moderate,Medium
38.4,44.1,11,6.9,0.41,39.4,46.9,0,4,2.95,Intermediate,Moderate,Low
50.9,62.8,12,10.7,0.28,93.7,52.7,4,0,2.38,Intermediate,Slow,High
78.7,79.2,6,3.5,0.52,25.3,85.1,1,4,3.6,Advanced,Moderate,Medium
72.7,84.9,9,10.6,0.66,65.4,50.0,5,8,2.33,Intermediate,Moderate,Medium
75.4,92.3,9,11.0,0.8,58.4,54.2,1,4,3.11,Beginner,Fast,Low
89.0,97.8,11,10.4,0.85,59.4,57.1,3,7,2.56,Advanced,Fast,Low
51.5,54.9,6,11.2,0.67,61.9,33.1,3,5,1.65,Intermediate,Moderate,High
22.5,24.6,3,7.7,0.67,64.6,50.7,3,6,1.18,Beginner,Moderate,High
47.8,54.5,2,8.7,0.41,67.4,28.5,3,4,1.0,Beginner,Slow,High
91.0,78.5,29,13.8,0.79,41.3,86.0,0,1,3.99,Advanced,Fast,Medium
63.0,65.4,2,10.1,0.46,24.5,43.3,3,2,3.03,Intermediate,Moderate,Medium
68.6,68.7,21,6.2,0.6,44.1,73.1,2,1,3.33,Advanced,Moderate,Medium
73.1,73.7,1,5.6,0.18,49.0,44.7,0,1,2.21,Intermediate,Slow,Medium
60.4,54.7,12,7.1,0.57,42.2,54.6,5,7,2.33,Intermediate,Moderate,High
51.6,56.0,7,11.3,0.52,63.6,37.7,1,1,1.41,Intermediate,Moderate,High
72.8,73.5,8,7.1,0.26,28.5,78.2,2,7,3.37,Advanced,Slow,Medium
48.9,52.6,7,5.6,0.38,60.7,43.1,2,1,2.26,Intermediate,Slow,High
52.3,55.5,12,12.8,0.9,54.7,63.4,2,3,2.97,Intermediate,Fast,Medium
96.6,100.0,14,12.1,0.78,37.2,76.8,4,3,3.98,Advanced,Fast,Low
80.1,63.1,13,13.3,0.64,31.3,79.6,5,5,3.53,Advanced,Moderate,Medium
59.7,57.9,6,7.4,0.47,59.6,59.2,3,4,2.87,Intermediate,Slow,High
43.1,37.7,5,5.2,0.41,32.4,48.1,4,6,2.12,Intermediate,Moderate,High
44.2,47.6,4,12.0,0.56,58.6,36.6,5,1,1.88,Intermediate,Moderate,High
98.4,87.8,14,8.9,0.77,9.8,84.0,4,2,3.42,Advanced,Fast,Low
56.3,53.0,6,11.3,0.69,56.0,36.7,2,2,2.55,Intermediate,Moderate,High
75.1,71.3,12,10.2,0.58,45.5,75.9,5,6,2.48,Advanced,Moderate,Medium
87.6,88.0,8,3.3,0.51,26.7,68.9,2,5,3.61,Advanced,Moderate,Medium
76.7,70.1,10,3.3,0.51,50.6,69.3,1,4,3.91,Beginner,Slow,Medium
72.1,71.8,11,10.8,0.39,53.9,66.4,5,0,3.27,Advanced,Slow,Medium
36.3,27.3,7,2.4,0.64,61.0,58.8,2,5,1.8,Intermediate,Slow,High
50.1,45.1,7,5.0,0.23,63.6,37.9,1,3,2.08,Intermediate,Slow,High
66.3,60.6,16,9.7,0.8,24.0,49.1,1,1,3.24,Intermediate,Fast,Medium
93.4,96.3,8,6.1,0.8,16.3,100.0,0,5,3.88,Advanced,Fast,Low
31.6,50.5,6,9.1,0.82,53.8,31.8,1,3,1.55,Beginner,Fast,Medium
82.2,74.3,16,6.5,0.76,51.3,90.1,4,4,2.63,Advanced,Moderate,Low
37.2,34.0,4,11.9,0.78,74.7,27.7,0,4,1.42,Advanced,Moderate,High
74.2,73.4,1,3.8,0.5,45.3,50.5,0,7,2.24,Intermediate,Slow,Medium
81.2,80.8,18,11.2,0.63,32.8,77.0,5,1,2.73,Advanced,Moderate,Medium
56.6,49.8,9,9.9,0.58,24.9,45.5,3,2,2.45,Intermediate,Moderate,Medium
77.2,94.5,18,13.0,0.86,28.2,64.7,2,6,2.95,Advanced,Fast,Low
86.8,87.2,9,9.2,0.42,57.3,56.1,5,8,4.0,Advanced,Slow,Medium
58.6,79.0,15,13.3,0.82,49.0,58.5,1,0,2.55,Intermediate,Fast,Low
85.8,93.3,19,7.3,0.43,24.6,91.0,2,6,2.93,Advanced,Moderate,Low
48.9,53.6,3,7.5,0.45,78.1,27.3,0,0,1.45,Intermediate,Slow,High
70.7,46.2,12,6.8,0.58,41.9,56.9,0,7,2.96,Intermediate,Moderate,High
86.3,85.1,6,6.7,0.43,27.9,74.6,4,2,3.64,Advanced,Moderate,Medium
79.7,83.6,10,9.9,0.63,45.0,63.5,1,7,2.69,Beginner,Moderate,Medium
35.9,46.6,7,7.6,0.5,59.5,21.6,4,8,1.74,Beginner,Moderate,High
34.6,57.0,10,10.6,0.81,55.0,29.5,2,6,1.61,Beginner,Fast,High
77.7,82.7,7,12.1,0.35,48.1,71.6,2,3,3.55,Advanced,Moderate,Medium
48.7,53.2,5,8.4,0.35,61.1,33.6,5,7,2.02,Intermediate,Slow,High
67.7,74.5,16,13.8,0.65,44.9,49.7,2,1,2.0,Intermediate,Fast,Medium
45.8,50.0,5,10.2,0.83,78.8,24.2,2,7,2.47,Intermediate,Moderate,High
57.0,60.5,6,9.8,0.68,78.6,23.5,5,2,1.34,Beginner,Moderate,Medium
87.2,87.5,17,10.7,0.84,46.8,65.7,3,8,2.91,Advanced,Fast,Low
41.4,53.0,10,13.0,0.38,47.1,39.9,3,6,1.71,Intermediate,Moderate,High
58.6,66.2,16,7.4,0.77,29.8,54.3,2,7,2.53,Intermediate,Fast,Medium
67.2,76.5,13,9.2,0.68,43.6,44.3,2,1,2.48,Intermediate,Moderate,Medium
60.4,65.1,15,15.1,0.83,53.2,62.1,1,4,2.66,Intermediate,Fast,Medium
29.0,24.3,6,11.9,0.51,59.6,18.7,1,6,1.0,Beginner,Fast,High
73.2,62.6,14,12.8,0.7,46.9,44.4,1,4,2.74,Intermediate,Moderate,Medium
64.0,81.6,1,7.3,0.63,51.5,25.7,5,1,2.03,Intermediate,Moderate,Medium
27.1,28.0,2,8.1,0.34,68.2,1.9,0,4,1.33,Beginner,Slow,High
53.2,68.6,9,5.8,0.63,55.9,50.4,0,0,2.71,Intermediate,Moderate,Medium
65.9,74.0,9,5.9,0.33,27.7,83.9,4,7,3.83,Advanced,Moderate,Medium
38.1,43.1,8,11.0,0.54,71.7,22.6,4,2,1.84,Beginner,Moderate,High
54.1,73.7,5,8.3,0.8,51.4,11.3,2,0,1.27,Beginner,Fast,Medium
75.6,82.2,25,10.9,0.73,41.3,72.5,5,0,3.23,Advanced,Fast,Medium
69.5,68.7,7,4.1,0.45,54.6,38.8,0,4,2.69,Beginner,Slow,Medium
46.6,62.3,2,10.0,0.95,84.7,11.7,0,1,1.6,Beginner,Moderate,Medium
68.9,69.9,12,12.8,0.72,32.1,58.6,0,1,3.73,Advanced,Fast,Medium
87.7,87.9,16,14.9,0.64,28.3,61.3,3,0,3.56,Advanced,Fast,Low
34.9,38.6,7,5.5,0.53,52.1,26.3,5,5,1.41,Beginner,Moderate,High
100.0,98.4,23,15.9,0.74,17.4,100.0,1,6,4.0,Advanced,Fast,Low
44.2,37.0,9,8.7,0.48,32.8,55.6,1,4,2.11,Intermediate,Moderate,High
58.3,55.1,16,9.8,0.84,52.4,42.9,3,7,2.54,Intermediate,Moderate,Medium
61.5,54.9,13,11.5,0.89,52.7,72.5,4,8,2.91,Advanced,Slow,Medium
51.5,56.3,8,11.3,0.62,48.6,64.9,1,1,2.37,Intermediate,Moderate,Medium
69.4,82.6,8,11.9,0.78,49.5,51.9,4,1,2.58,Intermediate,Fast,Medium
50.5,62.4,7,6.8,0.55,32.8,51.4,3,6,2.22,Intermediate,Moderate,Medium
41.4,37.7,3,3.5,0.54,65.9,8.4,3,0,2.06,Beginner,Slow,High
82.3,93.9,14,12.7,0.86,39.8,52.4,0,1,3.24,Advanced,Fast,Low
45.6,54.9,13,16.5,0.62,51.0,52.7,0,3,2.1,Beginner,Fast,Medium
69.7,61.2,13,13.6,0.58,46.4,67.8,2,0,3.08,Advanced,Moderate,Medium
63.1,55.8,5,8.5,0.45,42.4,46.2,1,0,2.21,Intermediate,Moderate,High
51.8,56.3,8,2.9,0.31,31.9,67.1,1,8,2.01,Intermediate,Slow,High
67.0,55.6,16,7.8,0.65,39.0,60.3,1,3,1.98,Intermediate,Moderate,Medium
88.1,80.8,10,4.4,0.17,15.6,63.8,5,8,3.69,Advanced,Slow,Medium
49.7,53.4,29,15.6,0.9,17.1,67.3,0,4,3.04,Advanced,Fast,Medium
39.1,32.2,4,13.9,0.87,66.3,8.6,0,1,1.84,Beginner,Moderate,High
46.1,38.8,8,10.8,0.67,75.2,33.7,1,0,1.73,Beginner,Moderate,High
74.6,76.3,13,7.9,0.58,38.5,69.8,2,0,3.44,Advanced,Fast,Medium
38.9,68.4,8,10.7,0.92,38.5,7.5,3,4,1.0,Beginner,Fast,Low
32.0,26.4,6,12.4,0.56,77.0,29.9,5,4,1.77,Beginner,Slow,High
54.5,63.8,7,11.2,0.4,39.3,47.2,5,7,1.71,Intermediate,Moderate,Medium
79.0,93.7,15,6.4,0.56,12.6,72.3,1,8,2.96,Advanced,Fast,Low
49.1,64.9,8,5.8,0.39,59.9,52.1,2,0,2.16,Intermediate,Slow,Medium
44.3,60.7,4,1.6,0.42,35.3,39.1,5,8,1.89,Intermediate,Moderate,Medium
61.1,64.8,7,12.3,0.63,40.8,64.0,1,0,2.34,Intermediate,Moderate,Medium
72.4,57.6,4,3.4,0.12,50.7,61.6,0,0,2.96,Intermediate,Slow,High
55.2,55.3,8,3.6,0.51,59.4,48.9,4,3,1.62,Intermediate,Slow,High
31.2,20.1,7,8.9,0.59,37.7,41.3,5,7,2.25,Beginner,Moderate,High
65.7,85.7,17,9.8,0.94,42.0,66.1,1,7,2.81,Advanced,Fast,Low
73.6,64.2,12,13.9,0.65,53.9,53.1,0,8,2.98,Intermediate,Moderate,Medium
61.3,55.5,7,0.5,0.48,72.5,39.0,5,4,1.0,Intermediate,Slow,High
58.9,60.5,7,9.9,0.49,65.8,51.6,5,5,2.28,Intermediate,Slow,High
53.7,56.4,7,16.3,0.58,84.3,0.0,3,6,1.85,Beginner,Moderate,High
50.0,25.2,5,9.5,0.53,67.5,63.8,1,5,2.51,Intermediate,Slow,High
17.7,19.7,3,14.7,0.82,48.2,28.1,4,3,1.16,Beginner,Fast,High
53.6,53.2,3,10.4,0.3,60.3,50.8,5,0,2.54,Intermediate,Slow,High
70.1,70.9,7,11.2,0.42,24.2,57.7,0,6,2.96,Intermediate,Moderate,Medium
68.9,51.5,7,9.8,0.39,57.0,60.2,3,4,2.59,Intermediate,Slow,Low
37.0,51.8,7,12.4,1.0,54.6,45.3,2,6,1.81,Intermediate,Fast,Medium
72.0,76.8,9,7.6,0.47,33.5,71.7,3,1,3.09,Beginner,Fast,High
89.1,86.8,16,12.2,0.81,46.5,68.5,4,3,2.59,Advanced,Fast,Low
82.6,80.2,8,8.8,0.41,43.8,69.5,0,0,3.68,Advanced,Moderate,Medium
68.8,53.5,9,7.3,0.52,31.7,61.1,3,0,3.12,Intermediate,Moderate,High
21.8,32.5,3,7.9,0.27,55.8,31.8,4,6,1.08,Beginner,Slow,High
65.1,67.6,19,8.0,0.72,68.0,61.6,1,5,2.47,Beginner,Slow,Medium
40.3,43.5,8,5.4,0.78,67.8,44.7,0,1,1.88,Intermediate,Moderate,High
72.1,68.5,3,4.6,0.28,66.2,44.0,3,8,2.6,Intermediate,Moderate,High
94.5,100.0,7,7.6,0.44,20.3,68.4,0,0,2.83,Advanced,Moderate,Low
86.9,85.4,16,11.5,0.76,28.5,78.5,3,1,4.0,Advanced,Fast,Low
72.6,60.7,16,11.1,0.62,43.4,70.5,4,1,3.59,Advanced,Moderate,Medium
62.8,66.2,10,8.8,0.52,17.7,53.7,4,5,2.2,Intermediate,Moderate,Medium
84.2,81.3,15,10.8,0.67,51.3,75.9,1,4,3.28,Advanced,Moderate,Medium
64.6,70.8,19,13.2,0.81,41.1,69.3,1,4,2.64,Advanced,Fast,Medium
53.4,56.3,9,9.3,0.49,41.6,32.3,1,7,1.92,Advanced,Moderate,Medium
69.4,74.6,12,12.9,0.78,43.0,59.8,2,2,2.26,Intermediate,Fast,Medium
46.0,48.3,6,11.9,0.93,64.2,37.1,1,6,1.14,Advanced,Fast,Medium
78.3,67.4,15,3.1,0.55,35.8,66.4,4,5,3.31,Advanced,Moderate,Medium
76.9,66.7,9,3.4,0.5,37.6,91.2,5,5,3.58,Advanced,Slow,Medium
70.6,71.2,7,5.4,0.18,37.9,57.7,3,0,2.87,Intermediate,Slow,Medium
79.1,86.1,6,11.1,0.45,50.1,63.2,1,3,3.09,Advanced,Moderate,Medium
74.8,81.4,11,6.6,0.62,51.1,58.9,0,8,2.61,Advanced,Moderate,Medium
58.3,65.1,17,11.2,0.8,40.3,68.1,3,4,2.52,Intermediate,Fast,Medium
57.6,63.7,13,11.2,0.66,33.5,35.8,3,0,2.17,Intermediate,Fast,Medium
35.7,42.4,7,12.4,0.69,78.7,19.3,2,4,1.03,Beginner,Moderate,High
40.2,44.4,11,15.6,0.95,59.5,30.9,0,1,1.48,Beginner,Fast,Medium
42.1,41.2,2,10.0,0.73,68.5,28.8,2,4,1.49,Beginner,Moderate,High
27.7,31.4,4,6.8,0.75,68.6,20.3,2,2,2.34,Beginner,Moderate,High
100.0,94.3,8,8.6,0.56,26.9,75.9,1,8,3.06,Advanced,Moderate,Low
60.2,71.1,7,8.2,0.56,58.8,26.4,1,0,1.33,Intermediate,Moderate,Medium
74.0,76.8,9,16.9,0.79,39.5,58.0,4,0,2.49,Intermediate,Fast,Medium
48.0,42.0,3,12.4,0.29,63.9,24.1,4,8,2.26,Beginner,Slow,High
43.7,40.3,6,12.4,0.73,65.2,28.8,2,4,1.78,Intermediate,Moderate,Low
53.7,46.0,9,4.2,0.32,53.1,33.9,3,1,1.94,Intermediate,Slow,High
42.8,34.2,3,11.1,0.53,57.5,20.2,1,4,1.71,Beginner,Moderate,High
60.1,60.5,14,16.8,0.81,39.5,67.9,4,7,2.53,Intermediate,Fast,Medium
43.7,39.4,17,12.2,0.61,42.6,65.2,4,1,2.66,Intermediate,Moderate,High
34.0,28.2,10,10.4,0.94,59.8,20.3,4,6,1.73,Beginner,Fast,High
62.5,66.1,11,17.6,0.87,71.4,21.6,5,0,1.92,Intermediate,Fast,Medium
65.4,68.1,16,14.6,0.89,45.2,35.3,4,5,1.38,Intermediate,Fast,Medium
47.4,42.5,4,12.1,0.63,55.3,30.9,2,0,1.48,Beginner,Moderate,Medium
85.7,91.5,4,2.0,0.44,29.8,98.2,2,2,4.0,Advanced,Moderate,Medium
47.3,47.0,11,9.4,0.7,74.0,24.5,4,5,1.78,Beginner,Moderate,High
29.1,35.5,5,8.6,0.66,55.5,25.7,4,6,1.42,Beginner,Moderate,Medium
83.7,95.6,19,10.0,0.76,13.7,69.7,4,7,2.96,Advanced,Fast,Low
34.2,39.0,4,6.6,0.3,73.2,32.7,3,1,1.99,Beginner,Slow,High
78.9,80.7,11,12.5,0.73,52.1,66.9,5,8,2.96,Advanced,Moderate,Medium
60.4,61.0,15,11.8,0.7,41.4,43.3,5,8,1.94,Intermediate,Moderate,Medium
86.0,62.3,2,4.0,0.31,30.7,77.8,4,2,4.0,Advanced,Slow,High
76.0,82.1,16,5.4,0.8,40.4,92.1,3,0,3.58,Advanced,Moderate,Low
54.1,60.0,12,11.6,0.69,41.6,45.4,3,0,1.91,Intermediate,Fast,Medium
40.9,36.2,10,14.6,0.69,84.4,26.6,0,1,2.3,Beginner,Moderate,High
66.7,76.4,12,11.3,0.29,55.4,53.1,3,7,3.54,Advanced,Slow,Medium
39.6,36.6,2,12.1,0.54,85.9,13.9,1,8,1.49,Beginner,Slow,High
33.5,19.0,6,16.9,0.74,74.3,28.2,4,3,1.75,Beginner,Moderate,High
47.0,44.8,7,7.8,0.3,60.2,56.3,3,3,2.71,Intermediate,Slow,High
23.3,30.2,10,16.2,0.67,61.4,37.4,3,1,1.71,Beginner,Moderate,High
53.6,62.7,4,7.4,0.45,75.0,35.3,3,3,2.2,Intermediate,Slow,High
80.8,95.4,13,9.0,0.58,34.3,80.3,4,6,3.43,Intermediate,Moderate,Low
21.0,21.6,5,10.6,0.68,62.2,28.1,3,1,1.21,Beginner,Moderate,High
66.1,61.1,14,16.2,0.79,48.3,53.6,2,1,2.59,Intermediate,Fast,Medium
74.6,84.6,8,7.9,0.53,44.3,55.7,0,6,2.2,Intermediate,Moderate,Medium
70.4,71.8,5,2.8,0.6,41.9,42.7,4,7,3.64,Intermediate,Moderate,Medium
58.0,66.0,8,15.8,0.58,59.2,43.0,1,1,1.56,Intermediate,Moderate,Medium
67.5,64.6,7,7.8,0.27,39.2,55.6,1,3,2.81,Intermediate,Slow,High
49.7,57.4,10,8.8,0.48,46.3,57.8,2,8,2.35,Intermediate,Moderate,Medium
57.1,45.7,15,11.7,0.75,58.8,56.7,5,8,3.08,Intermediate,Moderate,High
56.5,61.1,9,4.4,0.5,47.8,65.1,2,4,2.73,Intermediate,Moderate,Medium
42.8,33.3,9,13.1,0.56,43.1,56.0,1,4,2.74,Intermediate,Moderate,High
58.0,50.2,10,5.2,0.26,43.0,65.1,4,2,3.31,Intermediate,Slow,High
60.6,71.1,12,11.7,0.68,65.1,71.6,4,5,3.25,Advanced,Moderate,Medium
63.7,69.7,6,7.1,0.36,38.4,67.0,4,7,3.54,Advanced,Fast,Medium
54.8,56.0,12,9.4,0.76,30.1,57.6,0,3,3.14,Intermediate,Fast,Medium
85.4,97.7,12,5.2,0.68,39.8,63.8,0,1,3.56,Advanced,Moderate,Low
74.0,75.6,11,15.8,0.65,61.4,42.7,2,0,2.44,Intermediate,Moderate,Medium
68.7,60.9,14,11.3,1.0,27.4,57.2,5,6,2.68,Intermediate,Fast,Medium
68.1,56.1,7,9.5,0.44,43.9,40.5,5,6,3.21,Intermediate,Moderate,High
40.6,35.2,3,6.8,0.56,82.2,16.4,5,7,1.54,Beginner,Slow,High
43.9,42.2,6,10.3,0.55,64.0,22.6,3,2,1.3,Beginner,Moderate,High
43.4,44.7,9,15.1,0.66,54.1,35.3,5,3,1.61,Advanced,Moderate,High
59.3,51.4,6,10.8,0.7,64.0,34.5,2,2,2.05,Intermediate,Moderate,High
85.6,85.4,11,12.4,0.72,24.4,80.7,4,2,3.5,Advanced,Fast,Low
76.8,68.1,9,9.8,0.47,26.0,57.7,5,5,2.68,Intermediate,Moderate,Medium
49.6,60.8,10,16.5,0.9,38.0,42.6,4,3,1.79,Intermediate,Fast,Medium
66.7,69.4,10,8.7,0.61,34.4,73.1,0,5,3.23,Advanced,Moderate,Medium
56.6,44.7,3,4.8,0.41,54.3,72.0,5,3,3.71,Intermediate,Slow,High
66.7,80.6,19,10.8,0.76,9.3,65.2,3,6,3.58,Advanced,Fast,Low
69.0,80.1,20,12.6,0.95,39.3,69.8,3,3,3.05,Advanced,Fast,Low
43.5,55.0,4,7.6,0.74,61.7,49.6,3,1,2.25,Intermediate,Fast,Medium
40.8,43.3,4,8.8,0.47,86.4,12.8,3,2,1.0,Beginner,Slow,High
61.9,68.8,4,3.3,0.4,60.2,56.7,4,3,2.66,Intermediate,Slow,Medium
38.9,54.8,7,7.9,0.57,63.8,31.3,4,2,1.0,Beginner,Moderate,High
55.1,50.2,4,3.5,0.38,33.7,31.8,1,4,2.2,Intermediate,Slow,High
61.9,40.4,3,4.5,0.41,36.9,49.9,4,8,3.66,Intermediate,Slow,High
41.4,44.3,9,5.6,0.64,59.7,38.3,1,0,1.76,Intermediate,Moderate,High
68.7,71.7,6,6.8,0.63,38.1,30.3,5,6,2.42,Intermediate,Moderate,Medium
68.3,72.1,12,6.4,0.56,40.4,67.3,4,5,3.54,Intermediate,Moderate,Medium
65.9,63.4,8,8.8,0.39,57.7,64.8,3,1,3.18,Advanced,Slow,High
93.5,100.0,16,6.9,0.65,23.1,93.1,2,2,4.0,Advanced,Moderate,Low
67.5,80.4,9,7.0,0.49,49.4,60.1,0,6,2.64,Advanced,Moderate,Medium
60.0,77.7,6,8.8,0.7,58.1,39.8,2,2,2.34,Intermediate,Moderate,Medium
49.4,32.2,7,12.3,0.71,66.3,29.3,2,0,2.18,Beginner,Moderate,Low
72.6,81.8,17,10.0,0.63,49.7,58.0,1,7,3.3,Advanced,Moderate,Medium
82.1,78.9,7,5.3,0.45,26.2,91.6,0,4,3.69,Advanced,Moderate,Medium
70.8,83.6,16,12.1,0.67,53.2,59.8,3,4,3.19,Advanced,Moderate,Medium
46.3,43.2,5,10.4,0.57,72.6,10.4,3,4,1.0,Beginner,Slow,High
61.7,70.7,11,10.0,0.69,53.0,66.7,5,4,2.63,Advanced,Moderate,Medium
64.6,63.6,18,9.8,0.85,42.0,64.7,4,7,2.74,Advanced,Fast,Medium
77.7,69.8,5,7.3,0.62,23.8,62.9,5,5,3.31,Intermediate,Moderate,Medium
52.6,39.5,7,9.0,0.44,49.5,55.7,3,3,2.77,Intermediate,Slow,High
60.5,68.8,7,6.5,0.54,50.0,37.7,2,6,2.65,Intermediate,Moderate,Medium
67.1,76.8,14,18.8,0.63,34.7,64.8,0,6,3.07,Advanced,Fast,Medium
59.0,62.8,11,9.0,0.74,46.6,53.2,0,4,2.67,Intermediate,Moderate,Medium
70.3,91.7,11,11.0,0.67,34.4,55.5,2,6,3.18,Advanced,Moderate,Low
42.7,39.6,1,10.9,0.6,72.0,22.1,1,0,1.71,Beginner,Moderate,High
58.8,50.4,10,11.9,0.47,49.7,47.3,1,2,2.98,Intermediate,Moderate,High
45.1,44.6,2,12.1,0.75,60.9,25.2,4,6,1.65,Beginner,Moderate,High
86.4,90.3,5,6.9,0.57,9.4,75.4,1,7,3.63,Advanced,Moderate,Low
46.4,47.3,6,4.8,0.82,63.3,32.8,4,8,2.06,Intermediate,Moderate,High
71.2,79.6,8,4.9,0.43,42.5,71.1,1,2,3.17,Advanced,Fast,Medium
69.7,67.2,15,9.3,0.63,46.0,66.7,4,6,2.89,Advanced,Moderate,Medium
28.0,28.2,2,5.4,0.52,72.4,25.9,4,7,1.87,Beginner,Slow,Low
60.5,45.2,1,8.6,0.28,41.2,54.2,4,2,2.67,Intermediate,Slow,High
71.0,70.2,5,11.4,0.6,62.0,28.8,5,6,2.79,Intermediate,Moderate,Medium
94.6,100.0,12,8.8,0.73,48.3,74.7,1,6,3.53,Beginner,Moderate,Medium
51.1,56.5,5,7.1,0.37,74.0,25.5,3,1,1.72,Beginner,Slow,High
50.3,48.2,6,11.4,0.82,58.2,29.4,3,7,1.51,Beginner,Moderate,Medium
55.2,57.4,5,12.3,0.48,69.2,33.4,5,0,1.48,Intermediate,Moderate,High
63.2,68.6,10,8.1,0.44,32.4,69.5,2,0,2.45,Intermediate,Moderate,Medium
38.2,49.5,5,15.7,0.73,55.9,37.6,1,2,1.36,Beginner,Fast,Medium
67.1,74.3,7,9.7,0.48,22.5,44.3,1,1,2.21,Intermediate,Moderate,Medium
87.7,87.1,15,14.5,0.7,33.1,71.8,4,4,3.59,Advanced,Fast,Low
100.0,89.6,5,10.3,0.58,45.7,85.4,4,1,3.68,Advanced,Moderate,Medium
42.5,53.6,10,10.0,0.85,59.6,36.8,5,5,1.93,Intermediate,Fast,Medium
52.3,61.1,2,2.8,0.2,40.5,67.6,5,7,2.76,Intermediate,Slow,High
65.9,75.2,9,9.2,0.69,55.2,64.5,2,1,2.47,Intermediate,Moderate,Medium
47.5,54.7,4,8.3,0.4,51.9,30.5,3,6,1.79,Intermediate,Slow,High
56.1,54.1,9,11.8,0.58,58.3,13.4,1,1,1.42,Beginner,Moderate,High
45.4,55.9,5,9.3,0.53,51.0,14.1,0,4,1.71,Beginner,Moderate,Medium
52.1,46.2,7,5.3,0.29,27.7,72.3,1,5,3.52,Intermediate,Slow,High
54.4,57.6,10,8.1,0.47,37.9,73.5,3,0,3.82,Intermediate,Moderate,Medium
28.0,36.5,7,11.4,0.84,50.7,5.1,0,1,1.77,Beginner,Fast,High
50.0,43.9,12,6.7,0.6,59.0,39.4,1,3,2.05,Intermediate,Moderate,High
62.7,61.8,9,16.2,0.79,52.3,51.4,2,4,2.15,Advanced,Slow,Medium
62.7,58.6,8,8.2,0.5,36.2,50.7,0,1,2.5,Intermediate,Moderate,Medium
77.3,89.3,4,8.8,0.12,72.2,53.1,4,1,2.61,Intermediate,Slow,Medium
46.7,39.1,10,8.7,0.82,38.5,12.4,0,6,1.72,Beginner,Moderate,High
67.2,72.3,19,10.3,0.56,43.9,74.8,1,3,3.05,Advanced,Moderate,Medium
68.8,65.0,5,5.9,0.46,42.8,49.6,0,1,3.19,Intermediate,Slow,Medium
40.2,43.0,6,14.7,0.62,63.3,26.6,2,7,1.6,Beginner,Moderate,High
80.5,80.1,12,6.8,0.37,17.9,58.5,1,8,2.44,Advanced,Moderate,Medium
66.9,74.2,13,15.9,0.82,34.3,88.4,3,5,3.86,Advanced,Fast,Medium
74.8,63.3,6,4.4,0.39,8.0,74.6,0,7,3.92,Advanced,Moderate,Medium
64.6,72.9,9,8.6,0.58,40.5,57.6,2,7,2.87,Intermediate,Slow,Medium
55.6,59.6,10,14.6,0.56,62.9,39.7,0,7,1.79,Intermediate,Moderate,High
52.3,48.3,13,6.9,0.59,54.3,68.2,5,0,2.64,Intermediate,Moderate,High
51.3,57.8,6,12.7,0.57,60.9,44.6,0,6,2.34,Intermediate,Moderate,Low
69.5,72.8,4,5.5,0.13,48.2,34.3,0,8,1.94,Intermediate,Slow,High
38.2,53.6,4,7.3,0.44,47.7,25.8,2,3,1.04,Beginner,Moderate,High
39.6,31.6,12,10.4,0.58,77.6,47.9,3,8,2.53,Intermediate,Slow,High
61.1,68.3,12,12.7,0.68,45.2,38.1,2,5,2.7,Intermediate,Fast,Medium
51.3,44.2,7,6.7,0.5,33.5,44.4,1,2,3.02,Intermediate,Moderate,High
43.6,58.2,10,16.3,0.63,62.3,45.4,5,0,1.69,Intermediate,Moderate,Medium
51.0,61.0,5,6.4,0.2,82.3,39.4,4,4,1.9,Intermediate,Slow,High
71.3,66.5,10,10.8,0.52,57.4,48.8,1,7,2.87,Intermediate,Moderate,Medium
51.5,55.5,6,5.8,0.21,62.4,56.0,1,0,2.97,Intermediate,Slow,High
65.2,77.0,10,8.4,0.57,58.4,46.1,2,2,2.17,Intermediate,Moderate,Low
70.6,68.5,6,11.4,0.6,44.7,66.6,2,2,2.86,Advanced,Moderate,Medium
68.9,83.5,13,5.1,0.22,35.9,71.1,4,7,3.33,Advanced,Slow,Medium
61.8,56.6,13,11.3,0.38,40.0,62.8,2,5,2.56,Intermediate,Moderate,High
42.2,42.1,8,2.2,0.84,46.9,42.4,1,8,2.28,Intermediate,Moderate,High
55.9,53.6,12,15.7,0.76,49.4,51.0,4,0,2.53,Advanced,Fast,Medium
67.6,67.7,10,12.2,0.83,10.9,72.0,0,2,3.1,Advanced,Fast,Medium
49.6,42.8,5,5.1,0.56,63.1,8.6,3,3,1.41,Beginner,Slow,High
51.9,40.2,6,12.9,0.52,47.1,40.2,4,7,1.65,Intermediate,Moderate,High
66.2,83.5,11,10.7,0.63,42.5,71.0,5,3,2.73,Advanced,Moderate,Medium
53.5,45.7,3,11.0,0.44,61.8,46.8,5,0,1.54,Intermediate,Moderate,High
32.3,50.6,5,5.0,0.43,69.4,19.3,3,3,1.98,Beginner,Slow,High
80.0,73.1,15,9.6,0.61,47.9,81.2,4,1,3.85,Advanced,Moderate,Medium
27.4,38.6,2,9.6,0.45,67.5,25.1,2,4,1.0,Beginner,Slow,High
93.7,89.0,15,8.3,0.73,24.8,77.5,1,0,4.0,Advanced,Fast,Low
66.8,60.9,1,1.2,0.39,35.9,59.3,4,0,2.61,Intermediate,Slow,High
68.6,61.5,11,10.8,0.43,42.8,63.6,2,8,2.71,Intermediate,Moderate,High
65.5,72.9,8,7.9,0.78,67.4,44.1,5,1,2.71,Intermediate,Moderate,Medium
66.4,67.2,14,14.1,0.61,60.9,43.8,2,3,2.24,Intermediate,Moderate,Medium
67.6,64.1,13,2.6,0.43,26.8,77.4,3,0,3.8,Advanced,Moderate,Medium
57.4,64.7,10,12.7,0.84,42.2,41.7,4,6,2.82,Intermediate,Fast,Medium
55.2,57.1,9,12.3,0.68,36.3,52.0,3,6,3.07,Intermediate,Fast,Medium
28.8,42.7,8,13.7,0.68,64.5,21.9,2,8,1.43,Beginner,Slow,High
57.1,50.2,9,15.1,0.58,57.3,50.1,2,5,2.19,Intermediate,Moderate,High
53.8,48.8,17,15.7,0.79,29.8,61.2,0,4,3.19,Beginner,Fast,Medium
32.5,37.2,4,5.1,0.37,44.8,24.8,2,2,1.37,Beginner,Slow,High
69.4,72.2,3,5.3,0.26,55.0,36.0,5,1,2.86,Intermediate,Slow,Medium
66.9,77.0,2,6.7,0.46,76.3,26.5,1,5,2.54,Intermediate,Moderate,Medium
56.6,66.8,10,10.9,0.77,60.0,31.6,5,0,1.84,Intermediate,Moderate,Medium
72.0,85.0,8,9.8,0.27,37.2,83.1,5,3,3.36,Advanced,Moderate,Medium
63.9,65.8,20,11.4,0.7,34.2,61.1,5,0,3.3,Advanced,Fast,Medium
34.8,36.9,5,3.9,0.26,64.7,20.9,5,1,2.58,Intermediate,Fast,High
59.2,54.0,9,7.5,0.19,78.0,54.9,5,6,2.09,Intermediate,Slow,High
52.5,48.9,8,8.5,0.64,54.1,38.2,4,8,2.33,Intermediate,Moderate,High
64.6,65.2,5,6.9,0.61,39.7,58.4,1,4,3.05,Intermediate,Moderate,Medium
83.0,79.7,13,7.7,0.53,46.1,74.5,1,8,3.42,Advanced,Moderate,Medium
87.7,100.0,16,13.1,0.78,30.9,100.0,0,5,3.74,Advanced,Fast,Low
62.5,68.9,6,13.7,0.54,70.3,19.0,5,4,1.93,Intermediate,Moderate,Medium
61.8,66.2,12,3.4,0.75,45.1,62.9,0,5,3.05,Advanced,Moderate,Medium
55.4,63.3,7,3.9,0.66,28.7,64.2,1,5,3.31,Intermediate,Moderate,Medium
70.0,64.0,7,8.6,0.57,33.7,53.2,3,8,3.06,Intermediate,Moderate,Medium
31.1,45.0,5,12.7,0.88,59.0,11.7,4,1,1.04,Beginner,Fast,Medium
26.6,34.8,6,6.4,0.6,46.5,45.0,2,8,1.99,Intermediate,Moderate,High
59.2,64.4,10,9.0,0.69,42.5,55.7,2,1,2.59,Intermediate,Moderate,Medium
43.4,57.6,5,12.1,0.65,78.8,2.4,5,4,1.0,Beginner,Moderate,High
36.0,41.2,4,10.2,0.07,53.3,16.9,0,1,1.0,Beginner,Slow,High
66.3,63.5,7,9.8,0.42,41.3,43.2,4,2,2.22,Intermediate,Moderate,Medium
63.5,76.6,3,2.7,0.31,52.6,50.3,5,6,3.19,Intermediate,Slow,Medium
75.3,92.5,18,15.4,0.43,33.2,77.4,2,5,3.36,Advanced,Moderate,Low
45.9,33.4,18,13.8,0.69,42.7,29.0,2,3,1.8,Beginner,Moderate,High
49.6,64.9,5,14.7,0.9,82.5,9.3,1,3,1.34,Beginner,Fast,Medium
58.4,53.5,8,7.1,0.5,48.6,28.1,3,5,2.44,Intermediate,Moderate,High
70.8,68.8,14,12.6,0.77,28.7,68.2,3,4,3.54,Beginner,Fast,Medium
35.8,47.4,3,7.8,0.65,65.5,0.0,3,1,1.17,Beginner,Moderate,High
58.6,61.9,3,2.7,0.25,46.5,19.8,4,4,1.0,Beginner,Slow,High
60.4,70.4,8,7.9,0.45,35.2,64.9,3,7,3.02,Advanced,Moderate,Medium
64.8,70.0,13,9.4,0.86,50.6,74.4,2,8,3.31,Advanced,Fast,Medium
18.0,11.3,7,8.8,0.6,78.6,26.6,2,7,1.66,Beginner,Slow,High
37.6,42.9,2,5.7,0.41,29.9,12.1,5,3,1.83,Beginner,Moderate,High
62.3,63.1,8,12.5,0.48,45.3,46.9,1,5,2.1,Intermediate,Moderate,Medium
42.1,39.0,7,16.1,0.56,46.6,37.2,4,6,1.79,Beginner,Moderate,High
93.9,86.1,21,11.1,0.81,56.7,80.0,2,2,4.0,Advanced,Moderate,Medium
34.7,32.7,3,9.8,0.58,48.3,34.0,0,3,1.8,Beginner,Moderate,High
86.6,76.1,6,8.1,0.42,15.9,87.1,3,1,3.69,Advanced,Moderate,Medium
79.5,87.0,19,14.3,0.67,35.1,65.7,2,5,3.79,Advanced,Fast,Low
37.7,51.4,5,12.1,0.63,47.8,13.8,0,7,1.68,Intermediate,Moderate,Medium
78.0,78.1,13,13.5,0.75,54.6,69.7,1,2,3.1,Advanced,Moderate,Medium
46.8,61.6,9,11.3,0.74,68.4,46.9,4,5,2.04,Intermediate,Moderate,Medium
59.3,66.8,11,9.8,0.78,57.6,83.2,5,7,2.41,Advanced,Moderate,Medium
81.8,70.8,6,5.1,0.56,49.8,56.5,3,6,2.49,Intermediate,Slow,Medium
56.0,58.6,7,2.9,0.27,70.7,31.2,3,5,1.65,Intermediate,Slow,High
67.6,58.3,11,8.4,0.61,14.8,54.7,1,1,2.98,Intermediate,Moderate,Medium
47.9,37.9,4,3.8,0.45,55.1,37.0,4,5,2.02,Intermediate,Slow,High
30.6,33.8,3,3.9,0.4,50.2,41.6,4,4,2.21,Beginner,Fast,High
26.6,43.7,7,15.0,0.69,50.7,36.0,2,2,1.34,Beginner,Fast,High
74.9,65.4,15,8.8,0.73,32.7,81.3,2,4,3.12,Advanced,Slow,Medium
81.3,60.0,15,7.9,0.73,41.1,60.1,3,1,2.51,Intermediate,Moderate,Medium
56.1,58.6,4,0.5,0.09,45.0,69.3,3,2,2.67,Intermediate,Slow,High
52.6,61.3,3,11.2,0.76,74.4,24.3,2,5,1.42,Beginner,Moderate,Medium
61.3,86.9,12,7.7,0.47,34.5,65.2,2,0,3.34,Advanced,Moderate,Low
40.0,47.0,4,2.0,0.44,77.3,41.3,4,2,2.02,Intermediate,Slow,High
45.4,48.0,6,8.6,0.55,38.5,64.6,2,8,2.46,Intermediate,Moderate,High
88.4,72.6,3,0.9,0.44,49.9,73.7,5,0,3.14,Advanced,Slow,Medium
69.7,64.8,14,10.0,0.81,27.0,62.9,5,1,3.53,Advanced,Fast,Medium
73.0,76.7,6,6.0,0.38,36.7,75.6,5,6,3.6,Advanced,Moderate,Medium
78.0,78.4,8,5.2,0.63,47.7,53.4,1,5,3.14,Advanced,Moderate,Medium
68.5,84.0,30,17.4,1.0,22.8,82.7,2,5,3.36,Advanced,Fast,Low
76.9,70.4,12,9.2,0.7,41.2,71.6,3,7,3.13,Advanced,Moderate,Medium
44.8,43.9,6,7.1,0.45,30.6,51.9,0,2,2.23,Intermediate,Moderate,Low
58.0,70.2,9,10.8,0.54,40.3,29.9,3,6,2.59,Intermediate,Moderate,Medium
72.3,82.8,6,7.9,0.5,50.9,43.0,5,1,1.86,Intermediate,Moderate,Medium
84.2,88.0,12,10.9,0.62,34.7,72.5,2,8,3.0,Advanced,Moderate,Low
63.4,56.8,11,16.3,1.0,38.4,71.7,5,2,2.79,Intermediate,Fast,Medium
39.3,35.2,3,10.4,0.63,74.6,22.1,4,7,1.66,Beginner,Moderate,High
52.9,69.1,4,6.1,0.68,52.3,16.3,1,0,1.45,Beginner,Moderate,Medium
73.3,66.2,6,2.9,0.42,36.9,57.5,4,1,2.87,Intermediate,Slow,Medium
56.1,57.1,11,8.7,0.82,52.0,48.2,3,6,2.13,Intermediate,Moderate,Medium
80.5,75.7,7,5.5,0.5,23.6,90.6,1,0,3.75,Advanced,Moderate,Medium
76.6,80.3,3,10.6,0.42,61.1,51.4,3,4,2.54,Intermediate,Slow,Medium
86.8,80.0,19,11.2,0.76,31.9,51.2,4,7,3.03,Advanced,Fast,Medium
46.9,39.0,14,13.0,0.69,45.3,54.2,2,0,2.25,Intermediate,Moderate,High
67.3,74.6,7,4.9,0.56,32.4,64.6,5,1,2.64,Advanced,Moderate,Medium
45.5,64.1,4,10.0,0.39,72.3,39.8,5,4,2.92,Intermediate,Slow,High
47.0,54.5,7,8.3,0.59,53.3,28.8,2,1,1.86,Intermediate,Moderate,Medium
48.4,41.2,2,0.5,0.28,50.1,30.0,0,6,3.2,Intermediate,Slow,High
84.9,86.8,17,8.6,0.61,37.8,79.7,0,1,3.03,Advanced,Fast,Medium
49.2,54.7,5,5.9,0.57,80.2,53.8,3,6,2.02,Intermediate,Slow,High
64.0,73.8,4,6.7,0.42,36.4,55.8,0,1,2.95,Intermediate,Moderate,Medium
59.4,54.1,13,11.2,0.58,38.0,37.2,5,7,2.71,Intermediate,Moderate,Medium
56.0,52.3,7,6.4,0.59,31.3,43.5,5,5,1.96,Intermediate,Moderate,Medium
74.5,81.6,13,14.5,0.88,51.6,62.2,4,2,2.92,Advanced,Fast,Low
55.6,62.0,5,7.5,0.56,69.4,25.1,3,2,2.13,Intermediate,Slow,Medium
55.3,65.3,10,11.6,0.54,54.6,29.3,4,1,2.22,Intermediate,Moderate,Medium
61.9,59.7,20,11.0,0.45,30.1,52.9,2,3,3.49,Intermediate,Slow,Medium
59.9,66.7,14,16.0,0.91,58.9,51.2,5,0,2.26,Advanced,Slow,Medium
80.3,69.0,10,5.6,0.35,41.4,61.2,5,8,2.91,Advanced,Slow,Medium
91.9,93.8,9,3.1,0.34,40.9,88.8,2,4,3.72,Advanced,Slow,Medium
72.1,68.2,16,5.6,0.3,32.0,61.3,0,3,3.23,Advanced,Slow,Medium
65.2,75.0,9,1.6,0.35,56.8,47.4,0,4,2.29,Intermediate,Slow,Medium
52.0,55.3,8,7.1,0.46,44.9,69.8,3,2,2.38,Intermediate,Moderate,High
63.1,56.8,13,4.7,0.53,30.7,63.0,4,0,2.47,Advanced,Moderate,Medium
63.4,69.4,7,14.4,0.85,60.4,28.7,0,6,2.1,Intermediate,Fast,Medium
34.2,25.4,12,3.9,0.54,65.6,41.9,1,0,1.97,Beginner,Slow,High
74.7,93.4,13,6.6,0.73,35.5,62.3,1,3,2.74,Advanced,Fast,Low
82.6,81.0,10,8.3,0.7,50.3,89.3,4,4,3.37,Advanced,Moderate,Medium
56.9,68.4,3,13.5,0.7,28.6,39.9,3,0,1.61,Intermediate,Fast,Medium
74.4,76.9,6,3.2,0.29,42.0,69.7,0,5,3.46,Advanced,Slow,Medium
83.2,91.6,10,11.1,0.84,41.6,69.5,4,5,3.03,Advanced,Fast,Low
76.4,78.7,15,8.1,0.65,54.5,53.4,2,2,3.0,Advanced,Moderate,Medium
60.4,69.4,12,13.7,0.67,66.2,35.1,1,5,1.58,Intermediate,Moderate,Medium
45.2,47.2,9,8.0,0.86,55.3,28.6,4,6,1.92,Beginner,Moderate,Medium
54.2,56.8,15,13.7,0.65,42.5,68.9,3,7,3.14,Advanced,Moderate,Medium
45.1,60.1,2,12.2,0.69,55.8,34.4,1,6,1.68,Intermediate,Moderate,Medium
62.5,73.4,13,10.4,0.69,50.5,66.4,1,7,2.74,Advanced,Moderate,Medium
48.1,43.5,12,13.6,0.69,57.8,37.1,5,4,1.76,Intermediate,Moderate,High
31.6,38.3,11,7.1,0.7,76.9,29.4,0,2,1.5,Beginner,Moderate,Low
40.1,38.6,12,10.4,0.46,58.9,67.3,3,5,3.2,Intermediate,Moderate,High
37.2,33.7,9,9.1,0.74,61.3,37.1,4,3,2.34,Intermediate,Moderate,High
49.0,48.5,14,11.1,0.9,38.1,60.3,3,1,1.68,Intermediate,Fast,Medium
75.2,75.6,3,3.4,0.18,38.5,79.0,1,6,3.67,Advanced,Slow,Medium
67.2,64.5,6,5.5,0.45,56.3,39.3,0,8,2.75,Intermediate,Slow,Medium
43.0,43.8,2,5.8,0.43,52.8,36.2,2,6,1.58,Beginner,Slow,High
60.9,62.6,2,1.3,0.41,53.2,43.2,1,6,2.66,Intermediate,Slow,High
60.8,68.5,6,14.5,0.72,62.9,27.9,2,7,1.66,Intermediate,Moderate,Medium
33.2,28.7,6,10.5,0.52,59.7,44.2,4,3,2.55,Intermediate,Moderate,High
45.6,50.2,10,3.7,0.57,55.9,55.9,3,0,2.38,Intermediate,Slow,High
37.2,42.4,3,12.7,0.61,76.3,8.8,3,7,1.6,Beginner,Moderate,High
69.4,78.1,20,14.2,0.66,57.5,58.5,0,8,3.06,Advanced,Moderate,Medium
77.4,91.4,8,10.2,0.7,43.4,71.6,2,1,2.68,Advanced,Fast,Low
67.4,64.9,20,16.4,1.0,23.3,55.4,0,5,3.38,Advanced,Fast,Medium
69.0,67.3,13,16.5,0.72,54.7,48.0,1,6,2.41,Intermediate,Fast,Medium
63.2,62.2,4,8.8,0.24,40.5,67.5,0,1,3.51,Advanced,Slow,High
80.3,82.4,12,13.3,0.7,39.7,69.5,4,8,3.54,Advanced,Fast,Medium
74.0,69.3,10,8.8,0.4,23.1,85.9,0,4,3.95,Advanced,Moderate,Medium
80.4,99.3,20,18.0,0.76,17.9,54.6,2,1,3.56,Advanced,Fast,Low
73.5,66.5,8,10.2,0.57,52.8,44.0,4,1,2.69,Intermediate,Moderate,Medium
76.3,83.8,15,16.7,0.83,28.6,80.1,0,4,3.87,Advanced,Fast,Low
40.0,48.4,8,5.6,0.45,61.7,45.1,0,1,2.33,Intermediate,Slow,High
60.9,59.8,8,9.2,0.61,66.2,23.8,4,2,1.62,Intermediate,Moderate,High
52.7,67.9,16,10.0,0.9,14.3,66.3,4,7,2.58,Intermediate,Fast,Medium
80.0,95.6,14,7.2,0.5,46.0,63.2,0,3,3.24,Advanced,Moderate,Low
37.9,30.2,3,4.4,0.69,78.2,12.8,4,4,1.11,Beginner,Slow,High
36.3,33.3,9,3.2,0.53,75.8,25.2,2,1,1.73,Beginner,Slow,High
47.8,46.0,8,12.8,0.53,59.3,47.0,2,1,2.45,Intermediate,Moderate,High
48.9,59.4,2,8.7,0.37,40.0,80.1,4,8,2.9,Advanced,Moderate,Medium
45.4,39.0,4,7.2,0.2,41.7,25.3,5,7,1.92,Beginner,Moderate,High
60.0,50.1,2,9.9,0.4,23.8,62.4,4,3,2.9,Beginner,Moderate,High
45.3,44.0,12,10.6,0.65,49.5,61.6,5,1,2.56,Intermediate,Moderate,High
42.5,42.0,1,11.2,0.88,54.8,9.6,5,7,2.0,Beginner,Fast,High
57.2,66.5,11,12.0,0.74,72.2,66.1,4,0,2.34,Intermediate,Moderate,Medium
89.0,85.2,8,11.4,0.49,45.6,68.3,0,6,3.61,Advanced,Moderate,Medium
71.8,73.0,2,12.8,0.33,41.8,73.1,3,3,3.21,Advanced,Moderate,High
61.0,78.0,6,11.2,0.46,59.0,39.2,3,1,1.7,Beginner,Moderate,Medium
80.7,66.6,4,3.5,0.4,25.1,80.9,2,5,3.89,Advanced,Slow,Medium
63.5,57.8,6,7.7,0.15,44.4,51.8,4,2,2.96,Intermediate,Slow,High
40.9,39.8,4,5.7,0.22,59.8,38.0,2,4,1.64,Beginner,Slow,High
83.3,86.6,18,10.1,0.32,46.9,70.6,3,0,3.66,Advanced,Fast,Medium
63.9,75.0,5,6.3,0.31,34.7,70.6,5,2,3.21,Advanced,Moderate,Medium
72.0,72.1,12,8.2,0.46,41.9,72.8,0,4,2.98,Advanced,Moderate,Medium
93.4,87.1,7,5.4,0.72,36.7,81.4,4,0,3.09,Advanced,Moderate,Medium
41.4,45.6,4,10.6,0.32,49.1,50.1,1,8,1.8,Intermediate,Slow,High
26.8,9.6,5,9.8,0.69,49.7,13.8,0,2,1.52,Beginner,Moderate,High
74.1,67.0,19,11.6,0.89,26.4,68.4,0,8,3.02,Advanced,Fast,Medium
66.9,58.7,6,6.7,0.27,62.4,78.1,5,4,2.91,Advanced,Slow,High
45.3,56.6,5,8.3,0.63,50.2,37.3,4,6,1.34,Intermediate,Moderate,Medium
43.3,37.0,4,2.4,0.2,49.8,31.2,0,4,2.0,Beginner,Slow,High
75.0,82.5,12,14.6,0.57,39.6,49.8,5,1,3.28,Advanced,Moderate,Medium
54.9,62.2,8,7.0,0.51,46.3,35.0,1,1,1.97,Beginner,Moderate,Medium
38.0,28.8,6,9.1,0.66,56.0,55.2,4,7,2.55,Intermediate,Moderate,High
46.0,41.0,11,10.4,0.72,75.3,44.6,0,0,1.84,Intermediate,Moderate,High
59.1,63.8,17,10.1,0.81,46.4,59.4,5,8,3.59,Advanced,Moderate,Medium
58.5,64.1,2,7.0,0.41,54.1,19.3,2,6,1.34,Beginner,Slow,Medium
61.1,76.7,15,10.1,0.4,55.3,33.1,5,5,2.43,Intermediate,Moderate,Medium
58.4,69.5,13,12.9,1.0,74.4,44.9,1,2,2.51,Intermediate,Fast,Medium
88.1,83.7,9,5.5,0.42,30.5,77.8,4,8,3.84,Advanced,Moderate,Medium
58.4,52.9,8,6.0,0.68,56.2,38.4,3,5,2.58,Beginner,Moderate,High
84.7,85.2,4,3.9,0.22,32.6,82.6,4,3,3.62,Advanced,Slow,Medium
40.7,40.3,2,6.3,0.19,56.4,42.4,2,1,1.86,Intermediate,Slow,High
42.4,43.9,2,8.6,0.38,31.8,24.9,3,6,2.02,Beginner,Moderate,High
70.6,64.7,16,12.4,0.52,46.5,56.4,5,6,3.44,Advanced,Moderate,Medium
63.6,68.7,5,4.9,0.63,66.0,44.1,1,8,1.86,Intermediate,Moderate,Medium
85.6,83.6,9,11.2,0.64,37.4,75.7,2,2,3.4,Advanced,Moderate,High
48.3,54.0,15,11.1,0.84,57.0,40.0,3,7,1.75,Intermediate,Fast,Medium
50.8,47.1,8,16.5,0.88,47.4,30.1,0,3,2.63,Intermediate,Fast,Medium
62.9,62.3,13,12.0,0.76,45.4,62.2,2,6,2.52,Intermediate,Fast,Medium
100.0,100.0,11,10.3,0.43,42.6,64.2,1,7,3.01,Advanced,Moderate,Low
54.3,53.1,4,9.6,0.94,48.3,37.7,3,8,1.91,Intermediate,Fast,Medium
78.8,80.5,7,8.7,0.66,45.5,65.9,1,5,2.8,Advanced,Moderate,Medium
75.0,82.0,12,5.4,0.35,32.3,73.8,5,6,3.29,Advanced,Moderate,Medium
69.0,67.1,6,4.0,0.27,38.2,80.7,1,3,3.65,Advanced,Slow,Medium
68.8,75.2,13,7.5,0.4,47.3,42.9,0,7,2.57,Intermediate,Moderate,Medium
73.7,74.3,16,8.7,0.74,43.0,61.5,4,8,2.96,Advanced,Fast,Medium
47.6,52.6,8,11.9,0.2,51.1,69.1,5,7,2.4,Intermediate,Slow,High
47.8,51.1,12,9.2,0.83,58.5,25.1,1,0,2.01,Intermediate,Moderate,Medium
55.7,52.1,3,5.3,0.3,49.2,46.3,0,7,2.63,Intermediate,Slow,High
90.8,100.0,25,10.1,0.73,20.8,82.9,4,2,3.53,Advanced,Fast,Low
62.0,61.1,12,10.5,0.64,49.4,58.8,1,0,3.14,Intermediate,Moderate,Medium
43.0,44.3,1,5.9,0.45,54.7,22.7,2,1,1.16,Beginner,Slow,Medium
44.2,46.3,4,9.8,0.65,52.6,14.5,2,0,2.21,Beginner,Moderate,High
71.6,70.4,11,7.2,0.48,31.3,70.8,5,4,3.64,Advanced,Moderate,Medium
73.9,75.6,19,9.9,0.59,48.4,65.8,2,4,3.37,Advanced,Moderate,Medium
89.3,100.0,10,5.6,0.59,56.3,64.9,1,3,3.26,Advanced,Slow,Low
45.7,52.1,10,10.6,0.64,50.4,43.3,2,4,2.24,Intermediate,Moderate,Medium
96.0,100.0,9,7.8,0.56,63.0,56.6,3,7,3.01,Advanced,Moderate,Low
44.5,49.0,6,11.8,0.89,53.0,12.4,0,4,1.45,Beginner,Fast,High
69.0,72.1,11,9.6,0.59,57.8,68.5,0,5,2.73,Advanced,Moderate,Medium
74.1,74.8,6,4.2,0.34,42.2,59.4,5,5,2.79,Intermediate,Slow,Medium
79.0,100.0,15,14.3,0.61,51.5,29.2,4,3,2.38,Intermediate,Fast,Low
72.0,79.1,4,9.6,0.3,37.1,38.7,0,0,2.34,Intermediate,Moderate,Medium
89.5,100.0,7,5.4,0.56,74.0,66.5,0,4,3.38,Advanced,Slow,Medium
57.2,61.1,16,10.9,0.83,76.2,57.1,0,5,2.17,Intermediate,Moderate,Medium
75.5,68.4,5,3.2,0.29,46.4,62.1,4,1,3.04,Advanced,Slow,High
50.2,53.0,9,9.6,0.76,53.3,42.7,4,2,2.18,Intermediate,Moderate,Medium
71.7,74.7,16,4.5,0.65,40.5,87.4,2,5,3.4,Advanced,Moderate,Medium
63.9,68.1,19,15.8,0.93,23.7,68.9,0,7,2.81,Advanced,Fast,Medium
59.9,60.7,12,8.5,0.91,34.7,75.6,0,2,3.1,Advanced,Fast,Medium
62.9,72.5,16,10.4,0.88,30.2,66.9,2,1,3.31,Advanced,Fast,Medium
52.1,43.4,6,12.6,0.82,70.1,39.4,4,0,1.35,Intermediate,Moderate,High
32.7,27.1,2,1.9,0.39,59.8,42.0,4,0,2.09,Beginner,Slow,High
65.1,72.9,12,10.1,0.52,23.4,75.7,3,5,3.54,Advanced,Moderate,Medium
63.8,66.0,8,7.5,0.59,51.1,58.1,2,1,3.48,Advanced,Moderate,Medium
59.7,73.9,18,13.3,0.86,50.5,71.7,2,6,2.74,Advanced,Fast,Medium
32.0,33.7,10,9.3,0.59,68.2,20.6,3,4,1.65,Beginner,Moderate,High
68.7,73.5,12,13.6,0.6,53.9,39.7,4,7,3.15,Intermediate,Moderate,High
54.0,60.0,2,3.7,0.54,78.9,12.9,4,5,1.41,Beginner,Slow,High
89.6,91.6,12,3.4,0.28,23.8,79.5,5,2,3.74,Advanced,Slow,Medium
26.8,28.2,2,14.2,0.9,58.3,20.6,0,1,1.06,Beginner,Fast,High
71.8,78.1,13,11.0,0.55,45.5,67.2,4,1,3.12,Advanced,Slow,Medium
56.9,58.3,4,8.1,0.54,62.4,30.2,5,5,1.79,Intermediate,Moderate,High
58.2,63.4,9,9.3,0.84,51.4,60.5,0,4,2.71,Intermediate,Fast,Medium
87.3,87.0,5,11.7,0.63,44.5,92.5,4,6,3.31,Advanced,Moderate,Medium
69.3,85.9,12,16.4,0.63,38.9,79.1,1,4,2.58,Advanced,Fast,Low
68.2,76.8,11,5.7,0.48,55.5,59.8,4,1,2.79,Advanced,Slow,Medium
90.0,88.3,19,5.2,0.47,28.4,83.3,4,6,3.73,Beginner,Moderate,Low
38.2,25.9,6,11.3,0.48,55.4,28.2,3,5,1.75,Beginner,Moderate,High
53.9,65.7,4,2.6,0.57,66.7,21.0,0,0,2.14,Intermediate,Slow,Medium
43.7,41.8,9,10.9,0.77,45.9,42.6,5,7,3.04,Intermediate,Moderate,High
45.6,42.6,10,6.4,0.49,48.0,22.6,3,0,1.24,Beginner,Moderate,High
54.5,47.5,9,10.7,0.45,46.7,37.0,3,1,1.75,Intermediate,Moderate,High
61.1,45.4,7,10.4,0.37,33.1,53.2,0,3,3.19,Intermediate,Moderate,High
50.6,50.3,10,12.4,0.73,37.7,44.2,3,3,2.53,Intermediate,Fast,Medium
62.8,75.1,8,7.6,0.67,64.0,42.2,2,7,2.57,Intermediate,Moderate,Medium
71.1,67.4,10,10.0,0.65,50.1,74.4,4,1,2.88,Advanced,Moderate,Medium
63.2,82.9,9,12.7,0.56,53.6,64.1,5,2,2.55,Advanced,Fast,Medium
50.5,50.9,8,8.2,0.54,60.9,32.7,2,3,2.19,Intermediate,Moderate,High
55.7,52.3,14,10.6,0.79,47.1,32.9,4,5,2.76,Intermediate,Moderate,Medium
62.5,80.5,11,0.5,0.64,45.2,71.4,5,5,3.21,Advanced,Moderate,Medium
50.2,53.8,9,7.1,0.85,68.6,32.5,4,5,1.94,Intermediate,Moderate,Medium
71.7,82.9,10,7.3,0.27,50.0,40.9,1,6,2.04,Intermediate,Slow,Medium
79.9,86.1,20,9.5,0.6,46.1,82.1,1,4,3.18,Advanced,Moderate,Medium
57.9,67.8,13,7.2,0.48,70.4,65.1,5,7,2.87,Advanced,Slow,Medium
47.4,54.1,7,4.9,0.62,61.9,25.2,3,8,1.83,Beginner,Moderate,High
80.9,85.6,7,6.6,0.55,34.7,76.9,0,6,3.01,Advanced,Moderate,Medium
67.9,83.4,14,8.0,0.52,45.8,76.7,0,7,3.41,Advanced,Moderate,Medium
87.7,90.1,9,11.6,0.6,33.2,50.1,4,8,3.13,Intermediate,Moderate,Low
68.3,70.2,7,13.3,0.74,32.0,54.8,4,2,3.58,Advanced,Fast,Medium
28.1,42.6,6,9.1,0.52,60.1,9.7,3,2,1.0,Beginner,Moderate,High
61.0,62.4,6,7.0,0.55,54.2,78.6,5,0,2.6,Advanced,Moderate,Medium
88.7,82.4,7,1.6,0.16,16.3,69.9,2,3,2.96,Advanced,Slow,Medium
30.7,45.3,9,8.3,0.62,61.3,27.4,2,3,1.46,Beginner,Moderate,High
46.7,69.0,4,4.6,0.64,70.3,21.8,3,6,1.2,Beginner,Moderate,Medium
72.1,57.5,10,8.0,0.5,44.7,72.5,0,1,3.0,Advanced,Moderate,High
73.5,84.6,12,6.7,0.54,18.0,78.1,3,6,2.66,Beginner,Moderate,Low
69.4,63.3,18,15.1,0.7,50.0,57.7,0,2,2.31,Intermediate,Moderate,High
85.7,89.7,17,16.9,0.59,53.5,65.7,4,4,2.97,Advanced,Moderate,Medium
62.7,68.2,11,9.0,0.71,46.6,57.7,1,6,2.91,Advanced,Moderate,Medium
93.4,97.2,32,11.7,0.9,42.2,65.3,2,3,3.25,Advanced,Fast,Low
38.6,46.8,4,13.0,0.74,39.1,6.4,0,7,2.01,Beginner,Fast,Medium
80.0,92.4,4,5.9,0.49,28.5,79.0,4,7,2.98,Advanced,Moderate,Low
31.1,18.7,6,11.8,0.73,48.0,29.7,5,0,1.98,Beginner,Moderate,High
57.6,62.5,6,15.3,0.55,73.4,25.5,0,1,1.94,Intermediate,Moderate,High
52.6,42.9,8,8.3,0.82,55.6,39.4,0,4,2.0,Intermediate,Moderate,High
34.5,41.8,6,4.2,0.52,51.5,13.3,5,7,1.0,Beginner,Moderate,High
59.6,66.2,7,8.4,0.48,53.0,26.6,5,6,2.48,Intermediate,Moderate,Medium
53.2,57.2,2,7.2,0.11,47.4,60.9,0,7,1.97,Intermediate,Slow,High
93.9,100.0,8,9.0,0.39,37.8,76.5,0,3,2.89,Advanced,Moderate,Low
68.2,80.1,16,7.9,0.57,35.1,82.8,3,1,2.9,Advanced,Moderate,Medium
50.6,68.4,8,13.1,0.57,54.6,44.8,0,2,2.1,Intermediate,Moderate,Medium
71.6,69.5,16,6.0,0.84,42.6,42.2,2,7,2.91,Advanced,Moderate,Medium
38.6,44.4,4,11.9,0.95,52.0,43.4,3,6,2.14,Intermediate,Fast,Medium
19.9,18.5,3,5.9,0.46,89.5,19.1,4,1,1.13,Beginner,Slow,High
60.1,58.9,11,13.0,0.91,51.3,56.9,1,7,2.57,Intermediate,Fast,Medium
83.8,80.0,21,13.0,0.89,45.2,69.8,0,4,3.42,Advanced,Fast,Medium
65.2,64.2,2,4.9,0.26,48.2,75.0,3,4,2.86,Advanced,Slow,High
36.5,42.7,15,14.6,0.95,56.5,31.0,3,8,1.96,Intermediate,Fast,Medium
72.9,77.5,21,13.7,0.62,41.9,77.4,5,8,3.5,Advanced,Moderate,Medium
62.1,55.4,6,5.1,0.34,42.5,48.7,0,5,3.47,Intermediate,Slow,High
28.9,26.8,22,8.8,0.71,58.0,48.7,3,3,2.06,Beginner,Moderate,High
61.4,66.3,9,6.1,0.54,38.0,51.5,4,7,2.67,Intermediate,Moderate,Medium
51.2,49.6,2,7.2,0.46,52.6,43.1,5,4,2.26,Intermediate,Slow,High
35.7,43.6,8,12.8,0.9,77.8,13.6,5,5,1.17,Beginner,Moderate,High
49.7,64.0,8,9.5,0.77,47.2,47.7,4,0,2.05,Intermediate,Fast,Medium
84.9,87.1,13,10.7,0.83,58.0,61.3,1,1,3.37,Advanced,Slow,Medium
35.4,27.0,7,15.9,0.68,78.3,22.1,2,0,1.46,Beginner,Moderate,High
83.1,74.6,6,8.3,0.32,42.4,63.4,3,6,3.17,Advanced,Slow,Medium
22.4,24.1,4,8.4,0.66,76.2,13.8,1,8,1.0,Beginner,Moderate,High
68.3,63.2,8,2.7,0.28,20.0,50.8,0,5,2.86,Advanced,Slow,Medium
68.2,86.8,16,14.8,0.59,42.4,54.6,3,1,3.28,Advanced,Fast,Low
67.7,82.3,4,5.0,0.23,38.1,62.8,1,6,2.9,Advanced,Slow,Medium
65.9,67.8,14,9.4,0.64,32.5,74.8,4,6,3.05,Advanced,Moderate,Medium
75.1,66.5,4,0.6,0.34,37.8,89.4,4,0,3.14,Advanced,Slow,Medium
87.9,79.0,17,11.5,0.56,40.6,60.6,4,5,3.54,Advanced,Moderate,Medium
68.2,78.7,14,10.1,0.66,52.9,36.8,4,4,2.73,Intermediate,Moderate,Medium
68.5,60.9,14,9.3,0.56,30.8,55.0,3,6,2.31,Intermediate,Moderate,Medium
86.2,100.0,13,8.9,0.77,39.2,65.3,2,0,3.15,Advanced,Fast,Low
27.7,35.4,2,5.1,0.25,53.8,7.5,3,2,1.64,Beginner,Slow,High
68.7,80.4,5,5.8,0.43,50.6,44.4,5,6,2.74,Intermediate,Moderate,Medium
77.4,81.3,14,4.2,0.54,50.9,59.2,1,0,2.45,Advanced,Moderate,Medium
70.1,75.1,9,12.0,0.66,64.9,71.4,3,1,2.76,Advanced,Moderate,Medium
90.9,71.6,14,5.6,0.65,34.2,79.0,5,6,3.47,Advanced,Moderate,Medium
22.3,24.0,3,7.8,0.48,69.9,30.4,5,6,2.06,Beginner,Slow,High
76.3,90.6,9,11.4,0.59,30.6,44.0,2,6,2.53,Intermediate,Fast,Low
73.4,83.0,11,9.5,0.39,28.0,71.6,0,0,3.38,Advanced,Moderate,Medium
56.3,51.7,8,5.6,0.74,35.6,44.4,2,7,2.51,Intermediate,Moderate,Medium
92.1,95.7,11,2.6,0.41,42.8,92.1,0,3,3.86,Advanced,Slow,Medium
86.5,99.7,20,12.9,0.86,54.0,87.0,0,3,3.03,Advanced,Fast,Low
48.3,53.2,3,8.4,0.68,48.1,31.9,5,5,1.5,Beginner,Moderate,Medium
62.7,74.1,7,13.6,0.48,58.2,46.4,1,3,1.53,Intermediate,Moderate,Medium
28.9,30.5,6,6.7,0.16,51.4,51.6,0,8,1.96,Intermediate,Slow,High
55.5,53.1,13,8.5,0.49,48.9,75.5,2,5,3.36,Advanced,Moderate,High
78.5,92.5,11,8.2,0.41,43.2,58.8,3,4,3.53,Advanced,Moderate,Medium
45.9,44.2,7,2.8,0.56,29.7,57.7,2,7,3.47,Intermediate,Moderate,High
67.0,54.4,16,10.0,0.66,42.5,66.5,0,2,3.6,Advanced,Moderate,Medium
72.6,84.0,14,15.3,0.96,38.6,59.6,3,5,2.52,Advanced,Fast,Medium
96.0,99.6,9,11.1,0.64,10.5,77.1,0,4,2.87,Advanced,Fast,Low
32.8,42.1,1,11.2,0.55,63.7,15.3,5,8,1.13,Beginner,Moderate,High
66.1,53.7,11,9.9,0.49,57.6,62.1,3,8,2.89,Intermediate,Slow,High
100.0,78.3,10,9.2,0.44,15.7,84.5,4,0,3.25,Advanced,Moderate,Medium
53.9,52.6,20,15.5,0.82,44.8,44.9,1,7,2.45,Intermediate,Fast,Medium
50.8,40.5,4,7.0,0.46,42.5,39.7,3,4,1.84,Intermediate,Slow,High
48.7,41.1,10,7.4,0.64,57.7,52.0,1,5,1.36,Intermediate,Moderate,High
50.8,56.2,8,14.2,0.92,69.5,55.0,4,0,2.04,Intermediate,Fast,Medium
64.4,49.1,11,5.4,0.64,45.4,49.2,5,2,2.85,Intermediate,Moderate,High
52.3,48.7,11,5.2,0.41,64.4,61.0,4,8,2.98,Intermediate,Slow,High
67.5,62.0,5,4.7,0.22,25.7,57.1,5,0,3.01,Intermediate,Slow,High
68.3,69.0,8,10.9,0.76,72.0,29.1,4,1,1.81,Intermediate,Moderate,Medium
79.9,78.5,5,3.9,0.24,44.4,79.2,3,3,4.0,Advanced,Slow,Medium
54.0,60.7,9,9.6,0.55,41.6,58.2,4,7,2.31,Intermediate,Moderate,Medium
69.3,66.0,16,10.8,0.62,46.1,98.8,0,8,3.72,Advanced,Moderate,Medium
35.9,35.2,6,12.4,0.42,80.5,15.4,0,6,1.46,Beginner,Slow,High
46.9,51.1,3,3.2,0.36,70.0,49.3,2,2,3.1,Intermediate,Slow,High
54.7,63.4,16,17.9,0.96,65.7,55.4,1,3,2.2,Intermediate,Fast,Medium
76.8,66.7,14,7.3,0.39,50.7,87.4,1,0,3.37,Advanced,Slow,High
53.5,55.2,6,10.6,0.51,36.2,49.2,3,0,2.59,Intermediate,Moderate,Medium
35.5,27.6,9,10.3,0.76,57.4,27.9,4,3,2.22,Beginner,Moderate,High
89.1,96.6,7,5.3,0.3,33.5,76.0,0,5,3.07,Advanced,Slow,Medium
52.1,56.2,9,9.8,0.43,59.1,39.3,5,3,1.86,Intermediate,Slow,High
44.6,50.6,10,11.9,0.66,42.6,31.7,1,3,2.34,Intermediate,Moderate,Medium
32.5,44.7,6,16.2,0.67,67.5,45.6,2,3,2.17,Advanced,Moderate,High
81.5,67.2,19,12.1,0.57,35.5,70.8,5,3,3.81,Advanced,Moderate,Medium
36.7,60.7,4,11.4,0.61,66.0,35.2,3,8,1.86,Intermediate,Moderate,Medium
60.7,63.9,8,9.2,0.93,50.0,63.7,2,1,2.16,Intermediate,Fast,Medium
33.6,47.1,11,13.2,0.81,63.2,40.0,3,7,1.88,Intermediate,Fast,Medium
75.1,65.9,8,10.0,0.71,61.2,56.8,3,5,2.58,Intermediate,Moderate,Low
67.3,54.8,4,11.4,0.21,52.7,33.8,0,4,2.6,Intermediate,Slow,High
41.8,36.8,7,11.8,0.61,43.6,40.3,0,5,2.0,Intermediate,Moderate,High
30.8,20.8,3,5.2,0.71,69.1,35.8,2,3,1.0,Beginner,Slow,High
44.7,52.8,6,6.1,0.75,65.9,44.3,1,6,2.58,Intermediate,Moderate,Medium
49.4,42.7,3,9.9,0.28,68.6,24.8,3,4,1.1,Beginner,Slow,High
54.5,75.6,11,12.0,0.6,49.2,26.0,4,0,1.8,Intermediate,Moderate,Medium
59.8,57.2,1,7.8,0.27,48.7,51.8,2,2,2.63,Intermediate,Slow,High
54.1,62.9,12,10.6,0.7,68.9,63.3,2,0,2.02,Intermediate,Moderate,Medium
29.4,16.8,6,5.3,0.29,69.0,28.2,1,2,1.05,Beginner,Slow,High
34.5,48.9,7,13.8,0.64,53.5,32.7,4,3,1.91,Beginner,Moderate,High
47.1,40.8,6,10.4,0.76,54.5,34.2,2,4,2.19,Intermediate,Moderate,High
61.8,55.9,4,5.8,0.36,45.8,66.9,4,2,2.72,Beginner,Slow,High
88.5,88.9,16,6.8,0.63,36.3,72.2,5,0,3.44,Advanced,Moderate,Medium
82.0,85.6,8,9.9,0.63,26.4,84.5,1,3,3.34,Advanced,Fast,Low
58.7,59.3,8,6.4,0.71,66.8,23.3,1,0,1.71,Intermediate,Moderate,Medium
85.7,93.8,21,14.7,0.62,16.3,68.6,2,1,3.3,Advanced,Fast,Low
30.0,42.5,9,6.7,0.36,64.6,23.1,1,8,1.06,Beginner,Slow,High
44.4,42.8,11,13.7,0.73,65.0,62.0,5,2,1.97,Intermediate,Moderate,High
77.7,80.8,9,10.0,0.39,40.8,68.8,1,0,3.94,Advanced,Moderate,Medium
26.7,25.1,7,4.6,0.3,57.1,47.0,1,5,2.64,Intermediate,Slow,High
85.7,77.1,14,7.9,0.75,50.4,95.6,4,1,4.0,Advanced,Moderate,Medium
70.3,66.1,6,7.3,0.43,40.3,52.0,2,0,2.36,Intermediate,Moderate,Medium
59.3,56.8,7,7.2,0.56,20.3,48.6,0,7,1.97,Intermediate,Moderate,Medium
34.9,42.7,4,7.9,0.79,71.1,19.8,1,7,1.0,Beginner,Moderate,High
52.4,56.5,9,13.0,0.86,56.8,56.7,4,5,2.27,Intermediate,Fast,Medium
58.3,70.2,5,9.4,0.49,61.6,62.5,1,1,2.16,Intermediate,Moderate,Medium
38.7,48.6,10,7.9,0.61,54.8,23.7,3,4,1.91,Beginner,Moderate,High
73.8,81.2,18,10.9,0.61,47.7,52.9,5,6,2.64,Advanced,Moderate,Medium
60.6,67.4,7,11.7,0.48,45.3,57.0,0,2,2.55,Intermediate,Moderate,Medium
58.4,55.6,6,4.5,0.42,34.8,51.3,1,6,3.05,Intermediate,Slow,High
80.7,85.6,20,9.3,0.65,49.5,76.3,2,2,4.0,Advanced,Moderate,Medium
67.0,76.5,13,12.1,0.58,49.6,46.1,1,2,2.08,Beginner,Moderate,Medium
32.4,28.8,12,5.2,0.68,53.7,19.9,3,3,1.59,Beginner,Moderate,High
32.2,29.0,2,10.8,0.51,59.1,11.1,2,5,1.48,Beginner,Moderate,High
55.9,60.8,15,11.2,0.82,40.2,36.6,3,0,2.85,Intermediate,Fast,Medium
88.6,95.4,19,7.1,0.63,32.8,88.0,4,1,3.88,Advanced,Moderate,Low
71.5,71.2,6,6.8,0.3,45.4,32.1,5,6,2.09,Intermediate,Slow,Medium
37.2,43.0,6,9.4,0.69,70.5,52.1,3,8,1.88,Intermediate,Moderate,High
62.5,75.9,9,10.3,0.6,55.6,61.9,2,1,2.46,Intermediate,Moderate,Medium
40.0,34.6,5,12.6,0.65,60.1,23.2,0,1,1.69,Beginner,Moderate,High
73.2,68.8,19,11.9,0.63,43.3,59.7,4,0,2.9,Advanced,Moderate,Medium
61.2,41.3,5,1.4,0.32,57.3,74.9,3,5,2.49,Intermediate,Slow,High
28.7,30.3,6,11.1,0.51,72.7,18.3,5,0,1.38,Beginner,Slow,High
78.6,65.7,7,7.2,0.6,44.0,68.6,0,1,3.58,Advanced,Slow,High
77.5,64.8,4,0.5,0.67,50.0,40.2,4,4,3.1,Intermediate,Slow,Medium
49.5,58.5,5,10.5,0.79,63.2,26.3,5,4,2.1,Intermediate,Moderate,Medium
85.4,86.1,8,11.7,0.63,61.2,59.4,3,5,2.82,Advanced,Moderate,Medium
69.0,79.6,10,11.9,0.72,36.1,68.2,2,8,2.83,Advanced,Fast,Medium
31.5,28.8,12,12.5,0.72,45.9,25.5,4,1,1.76,Beginner,Moderate,High
65.7,44.4,10,11.4,0.55,38.6,58.9,1,1,2.55,Intermediate,Moderate,High
78.9,86.5,14,10.5,0.73,33.1,70.6,4,2,3.44,Advanced,Fast,Low
62.0,53.5,8,10.3,0.42,69.1,37.0,5,4,2.18,Intermediate,Slow,High
88.0,100.0,7,14.3,0.55,34.0,67.7,5,0,2.8,Advanced,Fast,Low
49.3,43.0,2,6.3,0.43,57.6,5.0,1,0,1.49,Beginner,Slow,High
74.5,91.4,15,7.5,0.39,26.7,83.7,3,0,3.73,Advanced,Moderate,Low
84.4,86.3,13,8.2,0.53,60.1,62.2,4,3,3.28,Advanced,Moderate,Medium
49.0,41.3,8,6.2,0.26,41.3,61.6,2,2,2.54,Intermediate,Slow,High
50.7,41.0,11,9.6,0.54,68.1,39.9,5,7,2.82,Intermediate,Slow,High
80.8,77.0,8,5.2,0.46,39.6,64.2,3,3,2.73,Advanced,Fast,Medium
48.0,45.5,5,8.4,0.48,51.3,24.7,3,4,2.05,Beginner,Moderate,High
77.8,69.9,4,5.5,0.36,25.9,53.3,4,5,2.76,Intermediate,Slow,Medium
56.7,65.3,9,7.2,0.55,49.3,63.1,4,4,2.25,Intermediate,Moderate,Medium
56.5,69.2,7,10.3,0.62,42.3,45.5,4,3,3.1,Intermediate,Moderate,Medium
58.7,57.3,10,10.7,0.39,42.1,46.0,3,4,2.78,Intermediate,Moderate,High
58.1,50.5,9,12.3,0.67,41.2,29.8,1,5,1.83,Intermediate,Moderate,High
22.0,13.9,4,6.3,0.57,72.6,12.1,1,4,1.04,Beginner,Slow,High
76.6,75.0,17,15.1,0.66,40.7,55.0,3,1,2.6,Advanced,Fast,Medium
64.9,53.4,16,17.0,0.77,58.4,54.6,2,1,2.39,Intermediate,Moderate,High
79.2,67.7,11,9.4,0.48,42.0,67.6,5,5,3.63,Advanced,Moderate,Medium
78.8,90.3,14,9.1,0.55,48.8,76.6,4,6,3.46,Advanced,Moderate,Medium
54.0,44.0,13,10.4,0.78,64.6,43.1,5,7,2.16,Intermediate,Moderate,High
29.8,38.9,4,12.7,0.51,60.2,27.7,5,5,1.19,Beginner,Moderate,High
83.1,76.7,10,5.7,0.66,10.0,77.1,4,6,3.6,Advanced,Moderate,Low
69.0,71.4,9,11.0,0.74,43.3,35.4,3,6,2.26,Intermediate,Fast,Medium
91.2,93.9,11,7.8,0.6,31.0,78.8,2,6,3.33,Advanced,Moderate,Low
63.8,65.8,7,2.2,0.33,57.9,54.7,5,8,3.59,Intermediate,Slow,High
67.0,68.6,8,15.7,0.7,61.8,32.8,5,5,2.36,Intermediate,Moderate,Medium
36.8,35.5,3,5.6,0.39,52.0,36.7,5,0,2.17,Beginner,Slow,High
31.4,36.2,2,6.5,0.59,79.2,17.2,1,8,1.2,Beginner,Slow,High
24.3,44.2,7,2.9,0.48,54.8,38.0,2,2,1.77,Beginner,Slow,High
54.0,38.0,6,6.3,0.54,63.4,31.9,0,4,1.63,Beginner,Fast,High
87.6,84.7,9,12.8,0.39,25.4,90.2,3,0,4.0,Advanced,Moderate,Medium
51.5,60.2,11,7.0,0.55,76.1,60.9,3,0,2.72,Intermediate,Slow,Medium
48.6,55.5,8,9.7,0.84,41.0,44.2,2,0,1.84,Intermediate,Fast,Medium
29.7,37.3,7,6.9,0.55,46.4,37.2,0,1,2.01,Beginner,Moderate,High
46.6,52.6,10,7.9,0.54,68.2,33.1,0,6,2.33,Intermediate,Slow,High
81.8,81.8,20,13.3,0.7,27.0,71.9,3,2,3.02,Advanced,Fast,Medium
34.8,40.2,1,10.2,0.51,46.9,26.4,2,3,1.63,Beginner,Moderate,High
50.7,61.5,1,0.5,0.22,67.0,57.3,4,0,3.53,Intermediate,Slow,High
83.5,86.6,6,2.0,0.19,44.1,75.4,0,3,3.23,Advanced,Fast,Medium
77.2,85.0,15,8.2,0.84,46.0,56.8,3,6,2.56,Advanced,Fast,Low
48.4,71.2,7,12.7,0.56,67.7,44.3,3,6,2.24,Intermediate,Moderate,Medium
58.5,59.2,6,9.4,0.71,59.9,43.6,1,5,2.64,Intermediate,Moderate,Medium
60.3,47.6,14,10.0,0.55,40.4,78.7,1,1,3.13,Advanced,Moderate,High
66.1,61.4,9,7.2,0.63,37.9,37.5,1,8,2.75,Intermediate,Moderate,Medium
84.0,87.1,19,12.2,0.87,18.0,83.2,5,7,3.19,Advanced,Fast,High
40.9,34.2,10,7.9,0.69,67.2,27.9,2,6,2.09,Beginner,Moderate,Low
83.0,75.7,8,10.8,0.46,50.1,64.6,0,3,3.46,Advanced,Fast,Medium
82.5,73.7,6,4.3,0.38,41.7,87.4,5,0,3.45,Advanced,Slow,Medium
58.0,55.0,12,12.8,0.87,54.2,61.4,3,1,3.03,Intermediate,Fast,Medium
73.9,76.8,3,4.8,0.33,26.4,79.0,5,5,2.84,Advanced,Moderate,Medium
37.9,33.4,12,11.3,0.74,67.8,33.4,3,6,1.04,Beginner,Moderate,Medium
76.5,69.3,14,9.5,0.69,56.2,72.9,1,7,2.86,Advanced,Fast,Medium
85.3,89.9,5,7.1,0.61,35.0,73.7,4,4,3.23,Advanced,Moderate,Low
69.4,69.8,15,7.3,0.66,43.1,56.0,1,6,2.75,Intermediate,Moderate,Medium
56.8,53.5,5,9.2,0.59,56.3,31.9,3,2,1.47,Intermediate,Moderate,High
45.7,37.8,8,8.3,0.49,52.1,54.1,2,6,2.42,Intermediate,Slow,High
87.7,94.3,8,6.4,0.47,40.4,71.4,3,2,3.56,Advanced,Moderate,Medium
58.1,56.6,13,7.5,0.73,64.2,43.0,1,8,2.41,Intermediate,Moderate,Medium
34.7,39.6,4,6.7,0.36,63.7,37.3,1,3,1.72,Beginner,Slow,High
45.5,48.6,2,4.9,0.35,87.6,24.6,1,8,1.6,Beginner,Slow,High
27.3,16.3,12,16.6,0.87,67.8,16.2,1,5,1.37,Beginner,Fast,High
71.9,76.1,11,8.2,0.45,45.2,65.8,4,1,3.05,Advanced,Moderate,Medium
67.5,59.6,18,10.4,0.49,51.8,69.5,4,1,3.37,Advanced,Moderate,High
40.3,36.7,5,11.9,0.87,48.3,18.9,2,2,1.21,Beginner,Fast,High
36.6,45.9,6,8.7,0.46,60.4,29.1,1,3,1.72,Beginner,Moderate,High
70.8,69.3,10,15.0,0.67,44.6,50.1,5,5,2.75,Intermediate,Fast,Medium
83.1,86.3,13,10.4,0.46,39.8,76.6,0,3,3.77,Advanced,Moderate,Medium
76.5,70.5,9,1.4,0.35,43.2,68.0,5,8,3.24,Advanced,Slow,Medium
94.8,98.0,23,11.1,0.61,43.4,73.8,5,6,3.31,Advanced,Moderate,Low
65.8,69.7,13,8.5,0.57,56.3,42.6,2,7,2.05,Intermediate,Slow,Medium
96.1,92.7,21,12.7,0.74,20.9,82.0,5,2,4.0,Advanced,Fast,Low
49.1,42.7,9,7.1,0.62,51.5,28.1,5,1,1.68,Beginner,Moderate,High
90.1,79.6,8,5.6,0.56,23.4,68.7,5,7,3.95,Intermediate,Moderate,Medium
64.2,72.4,13,9.2,0.42,45.4,47.3,2,5,3.01,Intermediate,Moderate,Medium
39.2,28.3,8,12.2,1.0,70.9,49.4,4,1,1.68,Intermediate,Moderate,High
88.5,67.7,10,0.5,0.31,10.0,88.6,4,7,4.0,Advanced,Slow,Medium
49.4,52.3,20,10.2,0.68,35.2,51.7,1,3,3.38,Intermediate,Moderate,Medium
40.8,28.4,2,0.5,0.32,72.8,55.4,3,2,2.08,Intermediate,Slow,High
57.0,59.4,7,10.3,0.64,39.2,48.6,4,3,2.22,Intermediate,Moderate,Medium
71.1,70.7,17,6.8,0.55,54.7,86.6,5,6,3.82,Advanced,Moderate,Medium
85.7,93.6,9,4.7,0.45,45.6,60.9,5,5,3.23,Advanced,Slow,Medium
35.3,41.6,5,8.2,0.45,59.6,39.2,5,1,2.7,Intermediate,Slow,High
54.1,48.5,16,13.5,0.84,66.8,35.4,2,2,2.03,Intermediate,Moderate,High
77.7,88.0,23,13.2,0.83,35.3,89.8,5,5,3.27,Advanced,Fast,Low
93.9,89.0,5,4.1,0.3,26.1,88.3,3,0,4.0,Advanced,Slow,Medium
44.3,64.8,8,15.3,0.74,75.7,25.0,5,0,1.52,Beginner,Moderate,Medium
71.0,71.7,9,10.8,0.52,61.1,78.8,1,8,3.07,Advanced,Moderate,Medium
52.8,54.9,5,8.6,0.46,52.1,34.8,4,7,1.8,Intermediate,Moderate,High
49.3,47.6,5,8.6,0.54,85.2,30.7,0,0,2.28,Intermediate,Slow,High
33.5,30.4,6,9.5,0.5,49.2,36.3,2,6,2.19,Beginner,Moderate,High
74.4,63.7,15,19.1,0.88,39.5,68.4,1,8,3.22,Advanced,Fast,Medium
53.8,48.5,9,11.8,0.4,61.6,49.7,5,8,2.04,Intermediate,Slow,High
98.9,100.0,16,9.1,0.59,19.1,81.4,1,7,4.0,Advanced,Moderate,Low
46.6,38.2,10,5.8,0.29,25.8,63.9,4,6,2.65,Intermediate,Slow,High
63.9,62.6,3,9.4,0.53,41.8,61.7,3,1,3.22,Intermediate,Moderate,Medium
71.2,78.4,11,6.7,0.68,78.5,75.1,1,7,2.72,Advanced,Moderate,Medium
93.5,100.0,5,4.9,0.34,54.2,58.0,5,6,3.09,Advanced,Slow,Medium
49.0,48.9,3,5.2,0.3,37.5,27.3,0,5,1.99,Beginner,Slow,High
73.4,82.0,11,12.4,0.81,28.6,72.5,0,2,3.11,Advanced,Fast,Low
45.4,42.1,10,11.3,0.8,33.9,42.3,5,0,2.37,Intermediate,Fast,High
69.9,77.5,5,7.6,0.42,63.6,42.7,5,0,2.18,Intermediate,Slow,Medium
63.1,62.7,6,6.8,0.71,52.9,40.0,0,1,2.69,Intermediate,Moderate,Medium
94.1,96.2,15,10.5,0.69,45.3,72.3,0,4,3.92,Advanced,Moderate,Low
70.6,65.3,9,6.5,0.58,36.0,66.4,0,4,2.44,Intermediate,Moderate,Medium
56.5,47.9,2,7.7,0.22,77.7,31.9,0,2,1.35,Beginner,Slow,High
65.3,60.7,7,10.8,0.79,44.6,48.1,5,2,2.16,Intermediate,Moderate,Medium
50.2,41.5,9,4.2,0.56,44.5,61.8,4,7,3.45,Intermediate,Moderate,High
50.6,50.0,9,6.8,0.43,35.2,55.4,3,3,3.47,Intermediate,Moderate,High
54.2,51.0,12,11.7,0.89,59.1,31.8,1,8,2.01,Intermediate,Fast,Medium
45.0,44.8,7,9.7,0.62,59.0,58.5,2,5,1.98,Beginner,Moderate,High
45.0,36.5,4,2.8,0.48,36.1,12.8,2,2,2.08,Beginner,Slow,High
47.2,43.7,4,2.4,0.16,52.4,39.6,0,8,2.7,Intermediate,Slow,High
74.7,68.5,7,6.3,0.38,50.6,77.8,5,4,3.3,Advanced,Slow,Medium
44.7,46.5,8,15.8,0.89,53.9,39.7,3,4,1.68,Intermediate,Fast,Medium
66.0,81.6,2,3.2,0.38,57.7,39.5,3,5,2.49,Intermediate,Slow,Medium
70.1,55.6,10,10.6,0.8,53.5,59.8,4,8,2.46,Intermediate,Moderate,Medium
58.1,59.6,11,11.0,0.83,66.7,36.9,4,2,1.82,Intermediate,Slow,Medium
44.9,46.1,11,10.5,0.53,58.8,28.6,4,0,1.0,Beginner,Moderate,High
43.8,57.0,6,8.5,0.68,58.2,17.7,5,0,1.58,Beginner,Moderate,Medium
53.1,66.0,7,5.2,0.14,69.5,50.7,4,6,2.48,Intermediate,Slow,High
46.1,54.3,5,12.9,0.72,52.5,40.1,1,1,2.13,Intermediate,Moderate,Medium
44.0,44.3,8,15.3,0.76,62.3,53.1,2,2,2.27,Intermediate,Fast,High
56.6,59.5,16,12.4,0.66,48.5,64.3,0,3,2.9,Intermediate,Moderate,Medium
49.0,42.2,4,5.0,0.39,74.6,30.3,3,0,1.62,Beginner,Slow,High
62.1,69.9,9,12.1,0.38,39.2,51.8,0,1,3.26,Intermediate,Moderate,Medium
66.4,69.7,13,13.7,0.69,29.1,59.2,5,8,3.12,Advanced,Slow,Medium
38.4,46.6,8,10.3,0.83,60.4,28.5,2,5,1.08,Beginner,Moderate,Medium
27.3,30.7,5,14.0,0.69,91.2,25.3,2,8,1.07,Beginner,Moderate,High
50.2,45.7,8,10.5,0.82,90.4,19.2,3,0,1.46,Beginner,Moderate,High
85.1,94.0,18,0.7,0.28,22.4,97.2,4,0,3.76,Advanced,Slow,Medium
57.6,55.4,2,4.6,0.38,46.1,51.3,4,6,1.91,Intermediate,Slow,High
67.2,59.3,5,1.6,0.49,32.5,75.9,2,5,2.94,Advanced,Slow,Medium
68.3,71.7,6,2.6,0.62,44.7,59.1,4,3,2.78,Intermediate,Moderate,Medium
83.3,83.4,10,6.9,0.63,35.4,66.1,0,4,3.26,Advanced,Moderate,Medium
57.6,65.0,7,2.6,0.5,51.8,27.8,5,0,1.36,Intermediate,Slow,Medium
71.9,88.2,13,10.3,0.62,19.7,85.2,2,5,2.86,Advanced,Fast,Low
54.9,57.7,4,10.4,0.53,60.4,58.5,5,2,2.62,Intermediate,Moderate,High
31.0,26.7,11,10.2,0.7,54.6,39.0,4,0,2.25,Beginner,Moderate,Medium
73.9,76.7,14,12.6,0.77,36.8,78.5,4,4,3.01,Advanced,Moderate,Medium
95.0,89.5,15,12.3,0.36,15.5,92.7,5,4,3.46,Advanced,Moderate,Medium
50.4,59.0,10,9.4,0.65,51.1,16.2,0,5,1.86,Beginner,Moderate,Medium
68.1,71.6,7,5.7,0.55,30.7,74.9,5,1,3.2,Advanced,Moderate,Medium
98.7,100.0,13,7.2,0.7,52.5,80.8,5,4,3.12,Advanced,Moderate,Low
44.7,57.3,6,7.8,0.62,40.6,69.3,4,2,3.05,Intermediate,Moderate,Medium
59.4,63.9,11,9.4,0.66,50.7,56.4,1,5,2.89,Intermediate,Moderate,Medium
44.1,46.6,11,14.4,0.83,45.5,24.2,5,7,2.01,Beginner,Fast,Medium
60.3,66.2,9,10.4,0.78,66.1,55.9,2,1,2.49,Intermediate,Moderate,Medium
47.7,66.5,17,13.4,0.86,38.1,41.8,1,1,2.27,Intermediate,Fast,Medium
84.2,79.5,10,5.6,0.63,37.5,71.8,3,4,3.34,Advanced,Moderate,Medium
68.4,76.2,14,11.9,0.79,49.8,51.9,0,0,2.34,Intermediate,Fast,Medium
62.3,61.3,10,6.0,0.47,50.4,37.4,0,5,2.52,Intermediate,Slow,Medium
53.9,48.4,9,3.7,0.76,42.4,59.9,3,0,2.98,Intermediate,Moderate,Medium
48.5,43.0,7,9.7,0.57,68.1,30.3,0,7,2.02,Intermediate,Slow,High
63.3,62.0,0,3.4,0.5,27.2,58.5,0,6,2.55,Intermediate,Moderate,Medium
69.9,66.8,6,11.0,0.53,32.4,71.6,3,7,3.19,Advanced,Moderate,Medium
90.7,81.3,8,9.4,0.62,29.7,67.4,5,5,3.19,Advanced,Moderate,Medium
56.7,52.9,6,7.6,0.36,65.5,32.2,4,3,1.64,Intermediate,Slow,High
51.6,74.9,5,11.7,0.62,75.7,33.4,0,0,1.0,Intermediate,Moderate,Medium
68.3,90.0,21,13.5,0.82,45.4,55.0,4,6,2.1,Advanced,Fast,Low
63.3,58.6,1,5.8,0.13,59.0,28.8,0,7,1.99,Intermediate,Slow,High
50.4,49.0,12,11.0,0.45,47.8,55.9,3,3,2.19,Intermediate,Moderate,High
82.5,82.9,24,14.4,0.83,25.5,89.5,4,7,3.76,Advanced,Fast,Low
70.9,63.6,4,5.1,0.59,55.6,57.7,3,5,3.12,Intermediate,Slow,Medium
77.4,77.8,19,10.8,0.88,46.6,78.8,3,6,2.81,Advanced,Fast,Medium
83.9,97.3,21,17.1,0.84,35.0,93.2,2,6,4.0,Advanced,Fast,Low
52.7,42.7,6,8.2,0.73,45.7,33.1,0,3,2.52,Intermediate,Moderate,High
69.7,72.4,11,7.3,0.64,46.0,61.1,3,5,2.19,Intermediate,Moderate,Medium
53.5,56.6,12,12.5,0.98,53.3,46.2,4,6,2.2,Intermediate,Fast,Medium
100.0,100.0,25,9.6,0.87,30.2,73.6,4,6,3.62,Advanced,Moderate,Low
48.4,50.8,13,9.2,0.65,55.3,46.6,4,7,2.81,Intermediate,Moderate,High
35.8,27.4,2,3.1,0.0,68.7,23.8,5,7,1.87,Beginner,Slow,High
61.3,55.1,10,6.6,0.47,71.7,52.1,5,4,2.1,Intermediate,Slow,High
73.3,74.7,7,6.6,0.64,27.6,43.1,2,0,2.76,Intermediate,Moderate,Medium
75.6,81.0,17,8.6,0.52,51.2,68.2,3,5,3.04,Advanced,Moderate,Medium
64.1,72.7,8,7.7,0.54,56.7,56.1,2,7,2.65,Intermediate,Moderate,Medium
64.4,58.1,12,13.9,0.75,48.2,55.8,2,5,2.61,Intermediate,Moderate,Medium
47.0,54.8,7,12.9,0.5,66.7,28.7,1,5,2.08,Intermediate,Moderate,High
46.8,49.4,10,4.5,0.79,68.2,20.4,2,6,1.47,Beginner,Moderate,High
41.7,34.5,3,4.5,0.53,76.3,45.1,3,4,1.37,Beginner,Slow,High
64.1,51.2,10,6.8,0.78,38.9,73.0,4,7,3.26,Advanced,Moderate,Medium
73.1,59.7,24,15.5,0.83,59.8,78.4,2,6,3.66,Advanced,Slow,Medium
48.9,45.4,6,5.8,0.4,56.3,42.7,0,0,2.16,Intermediate,Slow,High
75.5,80.2,18,4.1,0.64,22.2,94.8,5,7,4.0,Advanced,Moderate,Medium
54.2,46.3,2,7.4,0.1,31.7,38.8,1,2,2.22,Intermediate,Slow,High
79.0,92.2,6,4.5,0.52,16.6,62.9,5,7,3.87,Advanced,Moderate,Low
46.6,36.5,1,5.9,0.37,62.7,44.6,4,5,1.95,Intermediate,Slow,High
40.1,43.2,4,3.2,0.39,67.3,28.7,2,8,1.96,Beginner,Slow,High
76.5,86.5,6,3.7,0.45,39.6,66.2,2,0,2.87,Advanced,Moderate,Medium
80.1,80.7,18,13.3,0.68,57.5,51.5,3,8,2.46,Advanced,Moderate,Medium
75.5,68.2,15,7.9,0.57,36.4,69.9,1,2,3.43,Advanced,Moderate,Medium
45.4,60.4,6,10.4,0.71,70.8,49.2,0,4,2.07,Intermediate,Moderate,Medium
80.6,79.0,12,9.0,0.46,43.7,55.3,5,3,3.65,Advanced,Fast,Medium
44.8,47.8,10,6.3,0.29,68.3,25.5,0,6,1.96,Beginner,Slow,High
68.7,81.4,13,10.6,0.62,44.3,54.3,1,2,2.71,Intermediate,Moderate,Medium
77.3,84.0,10,8.1,0.79,15.0,43.1,0,4,3.09,Intermediate,Fast,Low
51.7,51.6,4,4.4,0.39,47.8,34.2,0,2,1.37,Beginner,Slow,High
40.7,24.1,5,9.9,0.65,61.2,49.1,5,1,2.13,Intermediate,Moderate,High
73.8,70.3,13,3.7,0.75,32.1,46.9,2,7,2.95,Intermediate,Moderate,Medium
51.0,47.1,6,3.9,0.5,71.1,31.7,1,6,1.61,Beginner,Slow,High
58.8,67.0,16,8.0,0.74,61.8,75.8,2,6,2.96,Advanced,Moderate,Medium
58.4,58.8,7,10.1,0.49,24.3,61.9,5,0,2.99,Intermediate,Moderate,Medium
60.6,56.8,10,14.4,0.67,38.5,70.6,0,1,3.47,Advanced,Fast,Medium
59.0,70.4,8,8.0,0.6,39.6,51.9,4,2,2.75,Intermediate,Moderate,Medium
55.7,57.9,4,8.5,0.51,66.8,21.9,3,1,2.55,Intermediate,Slow,High
49.1,50.5,6,7.0,0.6,45.8,65.6,1,2,2.2,Intermediate,Moderate,High
55.3,52.6,11,6.9,0.83,28.8,60.0,5,4,2.74,Intermediate,Fast,Medium
48.0,43.2,3,8.4,0.63,49.8,39.9,3,3,2.13,Intermediate,Moderate,Low
60.2,64.6,5,15.0,0.96,57.3,51.3,0,2,1.84,Intermediate,Fast,Medium
36.2,30.1,4,4.2,0.46,65.8,15.5,5,5,1.71,Beginner,Slow,High
40.3,42.4,5,11.4,0.93,68.9,26.3,2,6,1.8,Beginner,Fast,High
71.1,72.4,9,6.5,0.51,39.2,60.6,0,1,3.12,Advanced,Moderate,Medium
44.4,55.6,13,8.4,0.74,33.7,42.3,4,4,2.74,Intermediate,Fast,Medium
60.8,79.4,10,11.0,0.65,41.7,38.3,2,3,2.42,Intermediate,Fast,Medium
79.1,74.0,8,2.7,0.37,49.5,95.6,0,0,4.0,Advanced,Slow,Medium
56.1,51.5,9,7.2,0.54,63.0,36.3,3,5,2.46,Intermediate,Slow,High
74.4,83.1,16,9.9,0.45,51.1,69.8,4,7,3.54,Advanced,Moderate,Medium
30.9,24.0,8,6.1,0.46,39.2,45.8,0,2,1.83,Beginner,Moderate,High
30.1,42.0,6,7.6,0.56,84.8,25.2,0,0,1.83,Beginner,Slow,High
29.7,25.8,6,12.2,0.37,49.5,36.0,1,4,1.85,Beginner,Moderate,High
41.3,39.4,2,7.6,0.3,50.1,48.3,3,1,2.92,Intermediate,Slow,High
53.2,53.3,10,4.2,0.26,51.7,24.3,5,5,2.19,Intermediate,Slow,High
85.3,71.3,11,7.6,0.6,47.7,58.0,5,4,2.31,Intermediate,Moderate,Medium
52.5,55.3,20,8.2,0.58,35.1,64.7,1,4,3.12,Intermediate,Moderate,Medium
77.2,84.1,8,2.1,0.29,41.0,59.7,1,1,3.15,Advanced,Slow,Medium
41.2,57.3,9,7.6,0.66,38.2,53.8,2,1,2.07,Intermediate,Moderate,Medium
84.4,93.8,5,7.6,0.75,33.2,62.8,2,0,3.57,Advanced,Fast,Low
79.9,83.8,15,1.0,0.34,37.3,92.6,4,4,2.73,Advanced,Slow,Medium
42.6,51.1,7,16.1,0.86,71.8,33.8,4,7,1.77,Intermediate,Fast,Medium
71.6,70.5,3,4.7,0.42,39.3,90.7,2,3,4.0,Advanced,Slow,Medium
60.2,59.2,14,10.0,0.63,54.5,47.9,2,3,2.32,Intermediate,Moderate,Medium
64.9,66.2,14,4.4,0.47,38.2,61.0,0,2,3.91,Advanced,Moderate,High
92.8,87.9,10,9.6,0.37,41.2,68.8,3,2,3.9,Advanced,Moderate,Medium
64.6,59.7,0,1.1,0.02,44.2,28.4,2,0,2.94,Intermediate,Slow,High
50.4,45.2,7,8.9,0.51,37.3,66.1,0,7,2.43,Intermediate,Moderate,High
61.2,83.7,9,7.3,0.58,37.8,65.1,1,6,3.15,Advanced,Moderate,Medium
61.9,61.0,12,7.3,0.66,33.5,37.4,0,2,2.44,Intermediate,Moderate,Medium
75.4,93.3,21,14.3,0.81,33.6,81.8,4,4,3.38,Advanced,Fast,Low
51.2,56.7,2,5.2,0.56,48.0,36.6,3,8,2.15,Intermediate,Moderate,Medium
77.5,90.1,23,13.9,0.73,34.5,76.9,5,3,3.41,Advanced,Fast,Low
69.7,74.2,20,10.2,0.58,44.8,62.6,3,1,2.6,Advanced,Moderate,Medium
70.2,70.2,5,8.6,0.33,54.3,80.2,5,1,2.79,Advanced,Slow,Medium
56.1,41.9,5,4.9,0.51,53.4,46.8,2,6,2.63,Beginner,Fast,High
60.5,65.1,10,2.6,0.59,47.2,52.8,2,0,2.59,Intermediate,Moderate,Medium
38.7,54.7,2,6.8,0.71,69.2,30.0,2,3,1.48,Beginner,Moderate,Medium
83.1,78.4,8,6.4,0.45,29.6,61.8,2,2,3.65,Advanced,Moderate,Medium
70.6,68.2,18,15.2,0.97,34.7,52.0,3,3,2.68,Intermediate,Fast,Medium
72.3,85.9,16,5.4,0.62,44.3,75.7,3,3,3.82,Advanced,Moderate,Medium
40.3,38.7,2,8.1,0.34,68.1,36.8,5,6,1.33,Beginner,Slow,High
68.3,83.4,6,13.3,0.62,63.7,54.1,3,2,2.61,Intermediate,Moderate,Medium
57.5,74.7,5,9.6,0.44,48.3,22.3,1,7,2.38,Intermediate,Fast,Medium
67.4,67.8,5,7.5,0.54,57.2,24.0,2,0,1.83,Intermediate,Moderate,Medium
70.5,80.6,15,7.3,0.58,33.7,47.7,5,7,2.29,Intermediate,Moderate,Medium
57.1,65.8,3,6.6,0.5,59.4,58.8,4,3,3.19,Intermediate,Moderate,Medium
71.3,80.5,9,9.9,0.15,54.8,67.4,2,5,2.41,Advanced,Slow,Medium
69.4,82.4,16,9.8,0.95,44.0,36.0,4,6,2.15,Intermediate,Fast,Medium
61.0,67.6,6,4.8,0.32,65.8,66.6,5,8,2.67,Intermediate,Slow,High
91.3,98.3,9,7.6,0.3,33.6,45.0,0,4,2.37,Advanced,Moderate,Medium
45.7,38.2,7,9.0,0.45,31.2,33.8,0,8,2.15,Intermediate,Moderate,High
63.2,57.4,17,7.9,0.47,49.0,60.3,2,4,2.92,Intermediate,Slow,High
41.0,46.7,7,6.9,0.19,74.4,37.7,1,8,1.8,Intermediate,Slow,High
55.0,46.3,16,7.3,0.7,28.4,42.4,2,7,2.65,Intermediate,Moderate,High
27.2,30.0,2,8.2,0.28,42.5,39.3,3,5,2.46,Beginner,Slow,High
91.0,87.0,12,13.7,0.5,34.7,72.2,4,7,4.0,Advanced,Moderate,Medium
43.2,41.5,11,9.3,0.37,47.7,8.8,3,4,1.48,Beginner,Slow,High
88.6,98.7,10,8.3,0.32,11.1,60.3,1,8,3.64,Advanced,Moderate,Low
58.2,59.2,10,11.2,0.77,48.2,30.0,2,8,2.03,Intermediate,Moderate,Medium
71.4,75.3,17,11.0,0.6,15.7,76.6,3,8,3.59,Advanced,Fast,Medium
56.5,48.9,8,10.6,0.76,75.1,44.7,2,4,2.29,Intermediate,Moderate,High
55.7,61.5,6,10.9,0.8,64.7,33.6,0,2,2.06,Intermediate,Moderate,Medium
44.2,55.6,4,9.3,0.29,75.2,24.0,0,5,1.5,Beginner,Slow,High
69.3,75.1,17,11.1,0.72,52.3,54.0,2,6,2.79,Intermediate,Moderate,Medium
47.5,41.5,9,9.5,0.65,51.1,37.3,1,6,2.0,Intermediate,Moderate,High
45.1,54.2,4,11.4,0.96,66.7,33.8,0,5,1.64,Intermediate,Fast,Medium
66.2,55.1,21,10.2,0.49,41.2,47.8,3,8,2.98,Intermediate,Moderate,High
63.4,63.7,10,9.5,0.76,58.3,79.9,0,2,3.82,Advanced,Moderate,Medium
42.1,44.9,7,6.1,0.48,58.1,49.2,2,6,2.43,Intermediate,Fast,High
57.8,45.5,6,6.2,0.27,71.0,41.1,5,5,2.39,Intermediate,Moderate,High
100.0,90.2,17,14.1,0.66,49.2,90.8,4,5,3.29,Advanced,Moderate,Medium
72.8,84.3,12,12.5,0.7,32.0,75.6,3,1,3.24,Advanced,Fast,Low
75.1,61.2,12,8.7,0.36,28.4,85.2,4,0,3.41,Advanced,Moderate,High
68.3,77.1,11,10.6,0.24,41.9,67.8,0,6,3.39,Advanced,Slow,Medium
64.6,50.5,13,12.7,0.66,51.7,45.7,4,6,2.17,Advanced,Moderate,High
58.5,61.9,14,7.1,0.33,46.1,94.8,2,5,3.88,Advanced,Slow,High
55.1,73.1,4,9.0,0.48,49.7,33.2,5,1,1.59,Intermediate,Moderate,Medium
50.3,41.0,4,13.5,0.55,43.2,7.2,3,3,1.76,Beginner,Moderate,High
60.0,64.5,14,13.2,0.54,37.8,42.5,1,0,2.53,Intermediate,Moderate,Medium
63.6,62.9,3,9.5,0.73,53.3,37.5,0,1,1.87,Intermediate,Moderate,Medium
61.2,49.7,5,2.1,0.46,46.3,50.5,5,3,2.34,Intermediate,Slow,High
69.6,64.5,11,9.8,0.68,31.1,53.0,3,1,2.73,Intermediate,Moderate,Medium
48.8,42.5,6,4.1,0.62,52.8,46.0,3,0,3.11,Intermediate,Slow,High
62.3,61.6,17,10.6,0.89,53.9,46.5,1,6,2.6,Intermediate,Fast,Medium
39.7,48.5,5,9.7,0.74,57.9,35.4,1,0,1.86,Intermediate,Moderate,High
66.9,68.7,15,9.1,0.48,51.6,51.0,0,6,2.65,Advanced,Moderate,Low
42.8,39.9,3,8.6,0.34,59.4,42.3,4,0,2.04,Intermediate,Moderate,High
80.5,83.6,18,12.1,0.75,48.0,76.4,5,2,3.06,Advanced,Fast,Medium
48.2,40.6,11,7.4,0.6,74.3,30.4,4,5,2.16,Intermediate,Slow,High
87.4,86.1,12,8.8,0.6,34.0,56.1,0,7,2.97,Advanced,Moderate,Medium
64.4,65.8,10,9.3,0.63,46.6,53.2,3,3,3.74,Advanced,Moderate,Medium
65.5,80.4,8,12.4,0.73,56.8,63.4,3,3,2.53,Intermediate,Fast,Medium
45.1,39.1,7,13.5,0.83,51.8,37.8,1,1,2.03,Intermediate,Fast,High
44.2,25.6,9,9.6,0.54,47.6,17.2,3,0,1.67,Beginner,Moderate,High
65.6,54.9,17,11.7,0.66,32.6,83.3,1,2,3.65,Advanced,Moderate,Medium
73.7,73.0,21,8.8,0.67,35.7,82.7,0,5,3.64,Advanced,Moderate,Medium
79.9,67.5,6,11.3,0.32,37.7,69.0,3,8,2.54,Advanced,Slow,Medium
41.8,43.0,11,6.0,0.62,65.5,36.2,4,3,2.31,Intermediate,Moderate,High
66.5,61.6,8,9.0,0.86,41.2,56.1,3,7,2.37,Intermediate,Moderate,Medium
70.0,69.8,4,3.6,0.25,75.2,37.4,5,1,2.19,Intermediate,Slow,High
55.2,55.0,3,12.2,0.31,55.7,44.4,0,1,1.41,Intermediate,Slow,High
70.5,77.7,16,9.0,0.33,45.7,68.1,5,7,2.7,Advanced,Slow,Medium
66.2,65.8,10,5.5,0.77,42.5,50.8,2,7,2.82,Intermediate,Moderate,Medium
59.3,58.0,13,8.1,0.69,48.5,60.5,5,0,2.17,Intermediate,Moderate,Medium
77.1,55.6,13,6.7,0.46,50.7,40.8,0,5,2.51,Intermediate,Slow,High
74.2,76.8,12,12.1,0.66,50.2,58.8,2,5,2.66,Advanced,Moderate,Medium
24.5,30.6,4,7.0,0.46,78.7,14.6,1,4,1.0,Beginner,Slow,High
66.4,57.3,5,7.0,0.31,67.1,9.6,1,4,2.09,Beginner,Slow,High
54.9,55.3,0,6.5,0.34,66.2,36.0,5,5,1.43,Intermediate,Slow,High
75.3,87.4,11,11.0,0.75,63.3,48.9,1,2,2.79,Advanced,Moderate,Medium
67.4,64.2,9,9.6,0.53,62.6,51.1,4,6,2.22,Intermediate,Moderate,Medium
42.0,54.8,8,6.7,0.38,49.1,26.1,0,3,1.94,Intermediate,Slow,High
69.0,55.7,9,10.4,0.53,23.7,54.2,1,4,2.16,Intermediate,Moderate,Medium
70.5,61.3,5,7.0,0.5,35.1,51.9,5,1,2.35,Intermediate,Moderate,Medium
37.0,31.8,3,0.5,0.36,58.4,30.0,5,3,1.89,Beginner,Slow,High
23.4,9.8,8,12.4,0.81,69.0,11.0,1,2,1.44,Beginner,Moderate,High
100.0,100.0,15,14.4,0.73,23.6,58.7,5,8,2.64,Advanced,Fast,Low
53.4,45.9,4,1.0,0.51,49.5,22.1,5,4,2.3,Beginner,Slow,High
44.7,51.2,9,5.8,0.56,84.2,38.6,1,0,2.26,Intermediate,Slow,High
41.1,42.6,6,7.7,0.56,54.7,15.7,1,1,1.0,Beginner,Moderate,High
74.3,78.1,4,6.8,0.4,41.3,50.0,4,3,2.4,Intermediate,Moderate,Medium
42.8,40.3,5,3.2,0.23,45.5,47.2,3,0,2.34,Intermediate,Slow,High
38.6,48.8,5,6.2,0.43,54.9,36.8,3,7,2.15,Intermediate,Slow,High
45.2,41.4,5,15.3,0.59,77.3,47.0,3,3,1.87,Intermediate,Moderate,High
83.3,83.7,4,0.5,0.24,71.8,41.1,5,2,3.29,Intermediate,Slow,Medium
59.3,72.0,2,13.3,0.77,59.0,20.5,5,7,1.56,Intermediate,Fast,Medium
64.9,61.6,7,9.8,0.46,56.5,44.3,2,0,2.69,Intermediate,Slow,High
58.2,62.0,13,12.5,0.97,50.0,43.0,2,6,2.43,Intermediate,Fast,Medium
53.6,55.1,13,8.6,0.76,46.0,41.0,1,2,3.11,Intermediate,Moderate,Medium
39.9,24.9,9,10.1,0.49,45.5,58.4,5,5,2.42,Intermediate,Moderate,High
100.0,93.3,19,5.0,0.59,36.2,86.5,2,8,3.6,Advanced,Moderate,Low
93.1,98.7,20,6.1,0.48,52.8,85.3,0,7,4.0,Advanced,Moderate,Medium
62.7,44.0,5,2.6,0.3,47.0,77.8,2,6,2.94,Intermediate,Slow,High
39.2,46.1,10,10.1,0.55,49.7,22.4,5,5,1.93,Beginner,Moderate,High
65.4,59.1,12,10.2,0.41,60.2,41.6,1,1,1.88,Intermediate,Slow,High
71.9,76.5,8,8.4,0.63,29.3,45.5,2,5,2.58,Intermediate,Moderate,Medium
70.7,51.3,12,16.7,0.79,62.7,68.5,3,5,2.61,Beginner,Moderate,High
85.6,77.4,17,13.0,0.81,41.9,77.1,2,6,3.04,Advanced,Fast,Medium
95.3,100.0,18,10.8,0.89,8.9,83.6,5,8,2.92,Advanced,Fast,Low
78.2,81.1,10,10.7,0.62,33.8,40.0,2,2,3.39,Intermediate,Moderate,Medium
40.1,49.9,12,9.1,0.71,59.7,32.5,0,2,2.54,Intermediate,Moderate,High
22.4,30.1,7,10.6,0.7,61.4,15.1,1,1,1.33,Beginner,Moderate,High
58.5,53.3,13,9.8,0.6,56.0,63.4,2,3,2.76,Intermediate,Moderate,High
35.6,23.5,2,2.4,0.2,63.8,35.7,3,0,1.74,Beginner,Slow,High
42.5,32.3,3,15.8,0.81,82.4,25.1,5,6,1.32,Beginner,Moderate,High
63.6,68.5,13,11.6,0.83,75.7,51.3,3,6,2.97,Intermediate,Moderate,Medium
44.6,44.0,7,5.8,0.33,44.4,52.7,1,4,2.15,Intermediate,Slow,High
84.6,92.8,7,8.0,0.25,31.0,68.4,0,5,3.13,Advanced,Moderate,Medium
53.3,47.5,0,4.3,0.45,31.9,28.9,4,7,1.94,Beginner,Moderate,High
59.3,62.8,5,4.6,0.4,55.0,58.8,3,6,2.58,Intermediate,Slow,High
82.1,91.5,14,11.0,0.64,41.0,75.0,0,0,3.8,Advanced,Moderate,Low
84.0,98.5,11,8.9,0.55,24.9,62.9,3,3,2.82,Advanced,Moderate,Low
38.1,27.8,16,7.1,0.78,48.6,44.5,1,7,2.54,Intermediate,Moderate,High
47.2,36.4,7,4.3,0.6,59.3,40.0,2,4,2.13,Intermediate,Slow,High
74.6,58.9,9,8.3,0.45,64.8,41.5,3,3,2.31,Beginner,Slow,Medium
77.4,88.9,4,6.1,0.55,15.8,62.2,4,1,3.18,Advanced,Moderate,Low
66.3,81.2,13,12.7,0.6,60.3,57.7,2,0,2.14,Intermediate,Moderate,Low
46.6,51.3,6,9.8,0.87,74.1,18.8,1,6,2.05,Beginner,Moderate,Medium
81.6,78.7,8,5.3,0.59,68.5,70.1,5,8,3.39,Advanced,Slow,High
77.5,75.2,12,9.6,0.61,50.6,67.3,0,8,2.96,Advanced,Moderate,Medium
73.8,72.5,9,10.9,0.33,42.1,81.0,1,0,3.4,Intermediate,Moderate,Medium
50.1,46.8,8,8.1,0.45,73.3,25.5,4,1,1.53,Beginner,Slow,High
78.3,88.4,3,1.4,0.17,30.5,82.9,5,2,3.58,Advanced,Slow,Medium
71.7,78.4,9,8.9,0.41,41.4,68.6,1,1,3.73,Advanced,Moderate,Medium
68.0,67.2,6,5.8,0.49,65.1,30.6,4,8,2.34,Intermediate,Slow,Medium
43.8,36.0,7,8.4,0.26,75.2,1.3,3,7,1.5,Beginner,Slow,High
60.5,62.2,12,7.0,0.68,46.3,66.2,5,6,2.49,Intermediate,Moderate,Medium
67.3,66.9,12,7.7,0.69,36.3,42.4,5,8,2.47,Intermediate,Moderate,Medium
25.3,19.4,4,5.0,0.56,57.0,29.2,5,2,1.0,Beginner,Slow,High
43.3,46.5,12,12.2,0.58,48.3,34.6,1,6,1.65,Intermediate,Moderate,High
36.4,33.3,4,6.9,0.43,58.3,14.5,5,7,1.64,Beginner,Slow,High
57.5,58.2,5,5.4,0.33,38.0,24.5,3,0,1.85,Intermediate,Slow,High
74.8,87.9,8,7.3,0.54,67.8,65.7,2,2,2.72,Advanced,Moderate,Medium
86.8,77.5,14,11.4,0.47,58.4,65.1,3,4,3.42,Advanced,Slow,Medium
66.8,60.8,12,15.9,0.53,38.7,36.0,5,8,1.99,Intermediate,Slow,Medium
56.1,59.0,7,10.2,0.6,50.4,36.8,3,8,1.91,Intermediate,Moderate,Medium
35.0,16.8,11,9.3,0.63,52.0,24.4,3,0,1.4,Beginner,Moderate,High
42.4,38.7,4,5.1,0.52,48.3,45.7,5,6,1.56,Intermediate,Slow,High
51.7,53.9,10,7.2,0.61,44.4,36.5,5,0,1.87,Intermediate,Moderate,Medium
42.9,41.0,11,9.1,0.72,65.8,53.7,1,6,2.12,Intermediate,Moderate,High
55.5,50.1,8,9.7,0.56,58.7,40.3,4,5,1.02,Intermediate,Moderate,High
72.8,89.3,24,14.6,1.0,42.8,70.1,5,7,3.16,Advanced,Fast,Low
79.0,71.0,7,14.6,0.7,50.4,47.9,3,8,1.46,Intermediate,Moderate,Medium
44.9,57.8,10,6.5,0.63,94.2,20.2,1,8,1.76,Beginner,Slow,High
78.6,82.4,12,7.1,0.55,38.6,61.1,4,6,3.44,Advanced,Moderate,Medium
61.5,35.7,15,6.2,0.62,58.2,54.5,2,3,2.54,Intermediate,Slow,High
66.2,62.9,20,9.4,0.67,22.2,67.1,4,4,3.98,Advanced,Fast,Medium
73.9,67.1,10,3.0,0.51,26.9,56.5,4,1,2.67,Intermediate,Moderate,Medium
53.2,62.3,12,9.7,0.91,41.3,40.0,1,2,2.33,Intermediate,Fast,Medium
62.6,72.7,11,8.4,0.58,17.0,55.1,4,6,3.18,Intermediate,Fast,Medium
51.3,42.0,14,9.2,0.64,46.3,62.3,5,3,2.3,Intermediate,Moderate,High
62.6,74.0,14,11.2,0.83,38.5,57.1,3,2,3.27,Advanced,Fast,Medium
100.0,96.9,9,4.2,0.32,27.8,65.8,5,1,3.64,Advanced,Slow,Medium
50.4,53.1,4,12.7,0.66,44.8,19.8,4,6,2.04,Beginner,Moderate,Medium
46.1,43.6,4,6.0,0.31,64.6,35.2,1,6,2.06,Intermediate,Slow,High
22.8,28.7,7,10.6,0.91,60.6,23.5,1,0,1.66,Beginner,Fast,High
97.0,96.6,15,7.9,0.8,44.2,86.6,0,8,3.81,Advanced,Moderate,Low
65.7,80.4,16,14.6,0.74,50.0,73.7,4,4,2.94,Advanced,Fast,Medium
60.0,77.8,10,5.3,0.58,35.8,44.7,1,1,2.28,Intermediate,Fast,Medium
28.4,28.7,12,12.0,0.51,68.2,15.9,0,4,1.41,Beginner,Moderate,High
77.6,84.5,16,18.2,0.56,47.2,55.3,1,7,2.62,Advanced,Fast,Medium
54.3,55.2,7,15.2,0.62,33.4,43.2,4,4,2.87,Intermediate,Fast,Medium
33.8,14.4,8,2.8,0.51,64.7,22.1,5,3,1.78,Beginner,Slow,High
62.8,74.1,8,3.4,0.6,23.1,78.0,0,8,3.6,Advanced,Moderate,Medium
57.4,55.9,4,7.3,0.52,48.6,54.4,4,8,2.95,Intermediate,Moderate,High
70.9,68.3,15,15.0,0.66,44.2,79.6,5,8,4.0,Advanced,Moderate,Medium
59.2,58.9,6,4.4,0.39,25.3,62.3,5,4,2.75,Intermediate,Moderate,Medium
91.3,100.0,10,13.9,0.78,46.3,70.7,4,6,3.59,Advanced,Slow,Low
46.3,54.3,8,9.0,0.55,49.7,47.2,5,1,2.96,Intermediate,Moderate,High
57.3,60.2,4,3.1,0.24,48.6,38.0,5,1,2.26,Intermediate,Slow,High
82.9,69.4,19,8.1,0.78,40.4,91.8,2,3,3.07,Advanced,Moderate,Medium
57.6,62.7,5,4.5,0.15,42.9,76.4,1,8,3.25,Advanced,Slow,High
75.1,77.0,13,9.6,0.41,27.0,61.2,0,1,2.42,Advanced,Moderate,Medium
57.6,40.6,5,9.8,0.53,42.7,45.5,4,3,2.25,Advanced,Moderate,High
88.2,76.0,14,9.2,0.48,46.0,100.0,0,3,4.0,Advanced,Moderate,Medium
40.8,34.3,2,11.4,0.68,65.9,18.5,3,1,1.3,Beginner,Moderate,High
71.3,70.8,7,12.2,0.67,28.1,59.2,1,3,2.69,Intermediate,Fast,Medium
69.6,85.2,19,11.4,0.45,52.6,71.9,0,4,2.94,Intermediate,Moderate,Medium
50.9,40.9,8,10.1,0.56,62.9,60.7,2,5,1.67,Intermediate,Fast,Low
78.3,76.2,18,11.4,0.55,42.1,72.7,1,6,2.79,Advanced,Moderate,Medium
67.0,88.0,15,13.0,0.78,45.4,69.0,3,6,3.79,Advanced,Fast,Low
44.9,40.1,2,6.4,0.31,80.9,23.8,3,0,1.33,Beginner,Slow,High
35.4,41.6,11,5.4,0.52,48.3,22.9,0,3,2.26,Beginner,Moderate,High
67.4,56.1,16,9.1,0.64,61.4,62.5,4,3,3.45,Advanced,Moderate,High
85.7,92.7,13,12.8,0.83,56.8,70.0,1,7,3.27,Advanced,Fast,Low
49.7,63.5,7,9.3,0.41,50.6,43.4,5,0,2.42,Intermediate,Moderate,Medium
63.1,66.8,8,8.1,0.35,44.0,33.0,1,8,2.49,Intermediate,Slow,Medium
79.4,89.2,29,19.0,0.76,37.0,58.2,3,3,3.84,Advanced,Fast,Low
76.8,77.2,23,7.8,0.74,32.8,96.2,0,6,3.3,Advanced,Moderate,Medium
63.0,71.0,12,8.1,0.67,59.6,76.5,0,3,2.83,Advanced,Moderate,Medium
55.8,62.6,11,13.4,0.65,59.0,36.5,5,4,2.11,Intermediate,Moderate,Medium
70.1,64.5,6,10.9,0.57,55.4,71.1,4,4,3.45,Advanced,Moderate,Medium
36.6,55.6,4,4.0,0.49,51.3,23.2,3,8,2.17,Beginner,Moderate,Medium
21.2,17.7,9,6.8,0.67,82.3,14.3,2,6,1.0,Beginner,Slow,High
66.8,56.2,10,11.1,0.69,55.1,50.6,4,0,2.17,Intermediate,Moderate,High
45.1,31.3,6,8.8,0.37,54.5,43.7,0,6,2.25,Intermediate,Slow,Medium
60.7,60.2,12,10.6,0.79,42.5,85.6,0,3,2.94,Advanced,Fast,Medium
42.9,39.7,7,8.7,0.53,52.4,20.1,3,8,1.88,Beginner,Moderate,High
73.7,85.3,18,16.1,0.83,36.9,46.3,3,3,3.14,Advanced,Fast,Low
42.5,44.1,6,10.2,0.63,62.5,31.0,2,5,1.54,Beginner,Moderate,High
63.7,76.7,10,7.0,0.51,53.7,28.0,3,1,2.62,Intermediate,Moderate,High
70.8,74.2,11,6.3,0.54,65.0,49.4,5,2,2.53,Advanced,Slow,Medium
55.2,64.6,9,16.6,0.8,57.6,29.1,2,8,1.66,Intermediate,Fast,Medium
68.9,67.3,18,11.3,0.8,38.1,52.3,2,6,2.8,Intermediate,Fast,Medium
54.0,51.2,5,3.3,0.35,64.9,45.3,5,5,2.2,Intermediate,Slow,High
30.6,25.6,4,8.9,0.08,88.4,44.0,4,8,1.73,Beginner,Slow,High
48.5,42.8,9,3.8,0.45,53.3,47.5,4,8,2.49,Intermediate,Slow,High
37.0,46.9,16,14.6,1.0,57.3,51.8,3,6,2.52,Advanced,Fast,Medium
93.0,100.0,4,7.1,0.32,39.9,60.3,2,7,3.7,Advanced,Slow,Medium
50.0,63.3,3,5.0,0.23,59.9,24.5,5,3,2.11,Intermediate,Slow,High
45.6,44.2,3,9.8,0.87,72.8,17.1,5,2,1.77,Beginner,Moderate,High
38.5,33.4,4,9.7,0.56,72.9,22.8,1,4,1.52,Beginner,Slow,High
52.5,53.4,3,7.3,0.54,66.2,32.0,3,6,1.97,Intermediate,Slow,High
42.0,40.6,5,2.4,0.41,65.8,13.3,0,5,1.0,Beginner,Slow,High
66.3,60.0,4,5.4,0.55,33.4,62.1,2,7,2.51,Intermediate,Moderate,Medium
66.8,66.0,10,9.9,0.52,51.1,23.5,1,2,1.73,Intermediate,Moderate,Medium
53.9,47.0,4,5.5,0.42,84.3,36.3,5,3,2.2,Intermediate,Slow,High
47.1,46.5,6,9.6,0.35,42.5,42.5,0,3,1.76,Intermediate,Moderate,High
40.0,45.5,6,5.9,0.15,36.5,33.8,1,0,1.99,Intermediate,Slow,High
68.1,55.8,15,10.5,0.71,81.0,38.7,0,1,2.3,Intermediate,Moderate,High
68.7,65.0,14,12.8,0.76,57.8,81.0,2,4,2.56,Advanced,Moderate,Medium
71.9,80.5,22,10.0,0.47,39.8,67.3,0,7,3.33,Advanced,Moderate,Medium
69.7,67.7,8,2.5,0.37,45.8,66.0,1,5,2.78,Advanced,Slow,Medium
48.1,61.8,10,9.7,0.68,64.9,31.8,2,3,1.73,Intermediate,Moderate,Medium
55.0,51.4,10,8.7,0.79,29.9,54.8,0,8,2.83,Intermediate,Fast,Medium
56.6,57.5,8,12.3,0.71,48.4,44.7,5,0,2.59,Intermediate,Moderate,Medium
77.1,81.6,14,10.4,0.79,25.6,70.4,5,6,3.82,Intermediate,Fast,Low
77.9,82.9,15,11.5,0.58,32.0,72.5,1,4,3.57,Advanced,Moderate,Medium
64.7,80.1,5,9.8,0.63,51.0,54.8,3,2,2.55,Intermediate,Moderate,Medium
71.5,65.9,1,4.3,0.39,42.5,54.1,4,3,2.07,Intermediate,Slow,Medium
65.5,61.0,23,5.9,0.56,44.8,74.7,2,8,3.69,Intermediate,Moderate,Medium
40.0,42.9,3,10.4,0.73,58.3,26.5,2,2,1.69,Intermediate,Moderate,High
77.9,75.1,16,13.5,0.9,52.7,65.5,0,8,3.53,Advanced,Fast,Low
67.1,72.2,14,9.5,0.38,50.2,55.0,0,1,3.75,Advanced,Moderate,Medium
37.1,43.3,5,8.0,0.62,62.7,34.1,0,1,1.13,Beginner,Moderate,High
25.3,25.8,4,9.2,0.39,53.5,34.6,0,8,1.64,Beginner,Slow,High
76.8,84.9,15,13.1,0.57,55.7,83.0,2,4,3.23,Advanced,Moderate,Medium
61.5,78.9,15,13.1,0.77,56.7,55.4,0,1,2.79,Intermediate,Fast,Medium
44.4,40.6,5,1.1,0.29,64.9,36.8,3,2,1.07,Beginner,Slow,High
78.6,67.1,4,0.5,0.31,37.4,90.3,1,3,3.14,Advanced,Slow,Medium
74.7,69.4,22,14.9,0.91,39.4,69.5,3,0,3.17,Advanced,Fast,Medium
56.8,65.2,10,11.9,0.48,75.4,23.0,5,7,2.59,Intermediate,Moderate,Low
62.2,67.8,5,6.7,0.59,42.3,58.1,4,1,2.83,Intermediate,Moderate,High
89.1,85.3,10,9.0,0.71,46.5,86.0,5,8,3.52,Advanced,Moderate,Medium
82.8,81.1,6,8.3,0.75,33.5,75.2,0,3,3.43,Advanced,Moderate,Medium
36.3,43.8,8,8.1,0.45,54.0,32.1,1,1,1.49,Beginner,Moderate,High
61.1,67.9,18,11.5,0.74,45.2,46.0,5,4,2.56,Intermediate,Fast,Medium
39.3,27.9,3,6.7,0.65,62.4,15.3,3,1,1.66,Beginner,Moderate,High
67.0,67.5,12,12.5,0.67,47.1,57.2,1,5,2.06,Intermediate,Moderate,Medium
68.6,62.6,18,14.0,0.78,46.4,72.8,0,6,2.9,Advanced,Fast,Medium
60.1,57.2,7,7.3,0.45,45.8,44.5,1,7,2.52,Intermediate,Moderate,Medium
57.5,67.2,3,2.9,0.28,60.0,46.1,1,8,3.19,Intermediate,Slow,High
35.6,32.9,4,5.2,0.63,77.0,27.3,4,3,1.0,Beginner,Slow,High
47.6,49.0,7,13.8,0.76,57.2,33.4,4,8,2.53,Intermediate,Moderate,High
55.3,50.4,11,8.1,0.5,73.8,29.6,2,8,1.84,Intermediate,Slow,High
43.5,41.0,2,5.9,0.49,69.0,4.3,2,4,1.0,Beginner,Slow,High
75.2,77.0,10,10.0,0.7,43.6,40.5,5,4,2.88,Intermediate,Moderate,Medium
53.7,49.8,6,13.2,0.75,59.2,52.6,2,0,2.8,Intermediate,Moderate,High
41.2,26.0,10,9.7,0.52,62.1,45.1,5,7,1.78,Beginner,Slow,High
54.6,53.3,12,12.4,0.78,41.4,71.5,5,4,2.76,Intermediate,Fast,Medium
50.6,52.9,6,5.1,0.35,51.4,46.5,1,2,2.18,Intermediate,Slow,High
65.9,70.0,13,10.1,0.71,25.2,54.5,4,0,3.49,Advanced,Fast,Medium
65.1,62.4,15,14.6,1.0,45.1,53.9,5,5,2.41,Intermediate,Fast,Medium
54.3,77.8,15,8.7,0.7,48.2,31.1,0,8,2.07,Intermediate,Fast,Medium
58.9,48.9,12,14.2,0.82,57.6,60.5,4,2,2.83,Intermediate,Moderate,High
68.0,62.8,8,6.0,0.33,51.9,41.2,2,1,2.57,Intermediate,Slow,High
76.4,85.7,15,8.6,0.87,25.7,52.1,2,8,2.57,Advanced,Fast,Low
42.1,47.2,5,3.7,0.27,56.0,22.4,0,3,2.25,Beginner,Slow,High
66.4,71.7,19,12.0,0.59,48.5,58.9,4,6,3.26,Advanced,Moderate,Medium
88.4,78.8,13,7.4,0.61,35.6,73.6,5,3,3.62,Advanced,Moderate,Medium
62.9,66.2,12,3.1,0.55,51.2,58.3,2,1,2.6,Intermediate,Slow,Medium
38.3,55.0,5,6.5,0.55,68.7,35.5,4,4,1.48,Beginner,Moderate,High
79.1,84.0,9,12.4,0.63,36.2,66.4,1,2,3.28,Advanced,Fast,Medium
70.3,61.8,5,8.1,0.2,54.3,51.2,2,5,2.02,Intermediate,Slow,High
56.6,48.0,5,11.7,0.59,54.4,35.0,2,8,1.48,Intermediate,Moderate,High
67.1,60.1,4,0.5,0.33,37.7,61.6,3,7,2.36,Intermediate,Slow,High
44.0,36.3,6,7.4,0.78,56.6,28.4,5,7,2.31,Beginner,Moderate,High
78.0,77.4,9,2.0,0.51,40.6,82.2,5,2,4.0,Advanced,Slow,Medium
70.8,65.6,19,17.9,0.89,35.3,57.1,4,1,2.68,Intermediate,Fast,Medium
67.7,71.2,22,13.3,0.79,47.2,73.9,2,6,3.29,Advanced,Fast,Medium
36.4,45.3,5,10.0,0.43,73.2,36.8,3,5,1.9,Intermediate,Slow,High
56.8,59.8,8,6.7,0.55,37.0,42.5,2,3,2.75,Intermediate,Moderate,Medium
94.6,100.0,11,13.9,0.6,27.5,54.3,2,4,2.21,Advanced,Fast,Low
67.9,69.0,7,8.0,0.67,28.4,44.3,1,6,2.48,Intermediate,Moderate,Medium
60.2,52.6,13,5.5,0.46,42.3,41.3,0,5,2.58,Intermediate,Slow,High
73.6,65.3,7,7.4,0.61,16.7,90.9,2,6,3.25,Advanced,Moderate,Medium
57.9,63.0,9,3.9,0.43,41.5,41.2,1,3,1.66,Intermediate,Slow,Medium
81.9,94.1,17,10.0,0.52,29.6,62.4,0,0,3.62,Advanced,Moderate,Low
33.2,21.6,7,11.9,0.57,50.1,30.2,3,8,1.55,Beginner,Slow,High
61.7,63.4,6,6.6,0.58,72.2,41.0,2,8,1.87,Intermediate,Slow,Medium
74.5,81.8,4,6.9,0.54,34.2,95.7,5,5,3.74,Advanced,Moderate,Medium
30.4,33.3,3,12.9,1.0,63.7,18.2,1,0,1.0,Beginner,Fast,High
45.8,45.6,9,7.8,0.54,63.8,48.1,4,3,1.85,Intermediate,Slow,High
34.8,46.7,3,9.4,0.72,78.8,18.7,2,7,1.18,Beginner,Moderate,High
50.6,53.9,14,11.8,0.63,63.0,30.8,2,7,2.05,Intermediate,Moderate,High
82.4,68.4,19,9.8,0.86,8.0,72.9,1,3,3.83,Advanced,Fast,High
69.3,74.6,10,5.1,0.33,23.4,69.9,0,3,2.73,Advanced,Moderate,Low
49.8,40.7,7,7.9,0.55,59.5,35.5,1,0,1.89,Intermediate,Slow,High
56.0,55.6,4,11.2,0.62,82.9,31.3,4,6,1.38,Intermediate,Moderate,High
45.2,45.7,6,6.8,0.42,64.5,25.6,2,2,1.79,Beginner,Slow,High
95.8,98.4,16,14.9,0.55,33.7,82.5,4,6,2.76,Advanced,Moderate,Low
50.7,50.2,5,6.0,0.55,57.2,25.5,2,8,1.68,Beginner,Slow,High
79.2,84.0,11,10.7,0.62,56.6,62.6,5,7,2.5,Advanced,Moderate,Medium
35.8,37.4,7,10.2,0.62,75.2,17.5,1,7,1.29,Beginner,Moderate,High
53.1,60.7,16,13.9,0.64,55.4,32.5,2,8,2.45,Intermediate,Moderate,Medium
63.3,66.7,6,4.9,0.47,49.4,56.8,3,6,2.25,Advanced,Slow,Medium
46.9,42.0,7,11.1,0.66,55.1,34.2,1,5,2.05,Intermediate,Moderate,High
77.9,73.1,12,7.6,0.76,37.5,77.7,4,3,3.79,Advanced,Moderate,Medium
35.4,31.2,5,11.0,0.61,61.4,25.0,3,7,2.84,Beginner,Moderate,High
42.5,47.4,5,4.3,0.43,70.0,49.6,1,2,1.92,Intermediate,Slow,Low
66.2,55.3,5,8.8,0.44,77.9,33.5,0,0,2.71,Intermediate,Slow,High
66.5,71.7,16,12.9,0.73,28.6,65.5,1,6,2.8,Advanced,Fast,Medium
63.3,52.9,10,13.5,0.88,58.1,55.0,1,3,1.99,Intermediate,Fast,Medium
52.0,49.6,3,13.7,0.52,49.7,47.2,5,5,2.64,Beginner,Moderate,High
46.5,48.5,9,7.7,0.55,37.6,57.1,4,8,2.5,Intermediate,Moderate,High
72.0,68.5,9,7.0,0.34,36.0,77.1,4,5,3.46,Advanced,Moderate,Medium
46.2,56.0,9,7.2,0.48,43.1,44.1,1,5,1.97,Intermediate,Moderate,Medium
62.6,51.2,10,10.9,0.39,51.2,71.7,0,6,3.06,Intermediate,Slow,High
25.5,26.5,3,9.4,0.48,68.3,18.4,5,7,1.45,Beginner,Slow,High
39.9,47.6,10,6.9,0.7,56.3,53.5,2,4,1.75,Intermediate,Moderate,High
40.9,47.1,5,3.7,0.51,68.3,37.8,0,4,1.0,Beginner,Slow,High
82.2,78.5,10,8.7,0.45,38.7,65.5,1,2,3.58,Advanced,Moderate,Medium
35.1,39.1,7,7.2,0.39,64.4,18.0,0,5,1.98,Beginner,Slow,High
32.2,24.1,6,13.4,0.73,41.9,9.4,3,4,1.49,Beginner,Moderate,High
76.5,80.0,9,4.0,0.71,47.9,38.7,2,2,2.33,Intermediate,Moderate,Medium
54.7,64.0,10,11.1,0.74,42.4,31.8,5,1,2.34,Intermediate,Fast,Medium
43.9,38.4,8,5.0,0.57,52.9,51.8,1,1,2.51,Intermediate,Slow,High
36.8,28.9,13,16.3,0.73,46.0,40.8,3,0,2.5,Intermediate,Fast,High
75.7,77.0,15,9.8,0.49,44.1,60.6,4,7,2.99,Advanced,Fast,Medium
49.3,55.9,9,7.9,0.82,52.4,36.3,2,0,2.08,Intermediate,Moderate,Medium
47.3,55.7,7,9.9,0.55,63.6,26.4,1,8,1.8,Intermediate,Moderate,High
53.5,51.1,5,4.7,0.51,53.7,37.3,1,6,2.17,Intermediate,Slow,High
52.6,73.0,6,12.7,0.44,46.0,54.8,4,7,2.86,Intermediate,Moderate,Medium
60.7,56.0,8,6.5,0.31,61.2,42.8,4,6,2.89,Intermediate,Slow,High
59.7,63.2,5,8.2,0.33,39.6,30.7,0,8,2.04,Intermediate,Slow,Medium
42.6,44.3,10,7.8,0.66,48.9,46.0,5,3,1.75,Intermediate,Moderate,High
36.5,45.9,8,12.8,0.79,58.8,26.8,3,3,2.16,Beginner,Fast,High
51.4,57.9,4,6.4,0.41,58.5,37.2,3,8,2.15,Intermediate,Slow,High
54.7,37.9,3,9.0,0.4,48.4,30.2,1,0,2.61,Intermediate,Slow,High
50.3,50.3,8,5.6,0.49,51.0,43.0,0,6,1.93,Intermediate,Slow,High
40.5,31.7,11,8.7,0.55,76.3,41.5,2,6,2.38,Intermediate,Slow,High
44.1,39.2,7,3.7,0.35,83.0,52.8,1,2,2.26,Intermediate,Slow,High
76.2,65.6,7,4.9,0.26,48.8,55.8,3,7,3.34,Intermediate,Slow,High
74.6,81.9,18,8.7,0.75,28.5,100.0,0,7,3.32,Advanced,Fast,Low
22.5,20.7,5,3.6,0.38,61.5,34.4,5,1,1.53,Intermediate,Slow,High
92.6,100.0,20,8.8,0.59,32.1,80.3,0,7,3.75,Advanced,Moderate,Low
42.8,43.3,5,7.8,0.44,51.0,5.4,3,3,1.62,Beginner,Slow,High
72.3,70.4,10,9.5,0.3,37.9,69.0,5,6,2.99,Advanced,Slow,Medium
48.8,40.2,9,9.7,0.57,29.4,33.2,4,7,2.6,Intermediate,Moderate,High
58.7,56.1,8,8.6,0.72,54.4,35.7,1,2,2.49,Intermediate,Moderate,Medium
65.0,53.6,5,4.0,0.65,52.9,50.6,0,4,2.3,Advanced,Moderate,High
39.6,47.8,7,8.2,0.34,57.8,33.1,1,6,2.04,Intermediate,Slow,High
66.5,69.2,9,8.0,0.66,52.2,59.9,2,0,2.53,Intermediate,Moderate,Medium
58.6,46.8,15,10.1,0.52,24.2,37.8,1,1,2.72,Intermediate,Moderate,High
26.7,9.8,9,6.8,0.36,48.8,13.8,3,6,2.13,Beginner,Slow,High
48.2,42.5,7,8.2,0.54,50.4,30.7,2,5,1.93,Beginner,Moderate,High
56.5,73.3,5,9.1,0.61,78.4,44.6,0,7,1.98,Advanced,Slow,Medium
94.2,100.0,13,4.9,0.55,45.1,85.8,4,5,3.96,Beginner,Moderate,Low
66.3,72.8,5,2.3,0.21,48.4,75.5,5,2,3.08,Advanced,Slow,Medium
51.3,58.1,13,7.6,0.65,38.7,41.3,2,5,2.57,Intermediate,Moderate,Medium
72.6,73.2,12,14.4,0.62,38.8,60.8,0,6,3.49,Advanced,Moderate,Medium
66.0,80.8,9,15.4,0.57,72.5,28.8,4,5,1.97,Intermediate,Fast,Medium
44.2,50.8,3,7.7,0.62,67.9,4.5,2,2,1.31,Beginner,Moderate,High
60.1,68.7,16,14.0,0.63,41.8,59.5,5,4,2.94,Intermediate,Fast,Medium
57.6,52.6,4,15.6,0.78,75.2,22.6,2,3,1.3,Beginner,Moderate,High
82.2,86.1,14,11.5,0.66,15.8,66.7,3,0,3.53,Advanced,Fast,Low
80.1,88.9,3,3.1,0.32,13.9,95.3,0,0,4.0,Advanced,Moderate,Medium
68.1,77.7,5,6.0,0.57,81.6,28.2,1,5,2.27,Intermediate,Slow,Medium
45.5,56.5,9,13.8,0.54,52.6,37.4,0,1,1.83,Intermediate,Moderate,Medium
15.6,5.1,4,3.0,0.18,47.5,28.6,4,0,1.92,Beginner,Slow,High
49.8,61.2,4,18.2,0.79,80.0,17.7,2,6,1.2,Beginner,Fast,Medium
51.1,41.5,7,12.3,0.55,68.0,29.1,1,0,2.29,Intermediate,Moderate,Medium
57.0,52.1,14,9.5,0.83,55.8,48.7,1,3,1.82,Intermediate,Moderate,Medium
72.2,70.7,12,10.0,0.6,50.3,40.7,2,3,1.91,Intermediate,Moderate,Medium
64.3,80.5,10,14.6,0.68,58.7,52.6,2,1,2.6,Intermediate,Fast,Medium
65.9,69.5,9,12.9,0.69,33.0,44.7,1,2,2.33,Intermediate,Fast,Medium
61.0,72.7,12,7.7,0.47,35.1,43.1,3,5,2.16,Intermediate,Moderate,Medium
62.0,53.5,10,10.6,0.66,55.9,30.1,2,4,1.99,Intermediate,Fast,High
51.5,36.2,3,11.8,0.47,77.9,40.9,3,1,1.0,Beginner,Slow,High
56.5,55.0,7,11.2,0.86,41.8,49.2,2,8,2.18,Intermediate,Fast,Medium
86.1,73.3,11,12.7,0.54,13.5,68.4,4,6,3.37,Advanced,Moderate,Medium
59.3,61.7,6,4.2,0.62,55.5,39.7,5,5,1.6,Intermediate,Moderate,Medium
65.8,51.5,6,4.8,0.42,39.7,76.5,5,4,2.88,Advanced,Slow,High
57.4,58.9,16,14.6,0.64,36.8,75.3,2,5,3.07,Advanced,Fast,Low
46.0,44.2,3,4.9,0.45,68.9,37.3,2,7,1.51,Beginner,Slow,High
44.4,42.3,10,9.1,0.46,58.1,40.2,2,5,2.13,Intermediate,Slow,High
89.3,80.7,8,3.8,0.32,45.4,77.3,5,8,3.38,Advanced,Slow,Medium
74.3,56.0,13,6.4,0.34,47.3,58.3,4,6,2.88,Intermediate,Slow,High
74.1,54.1,4,5.9,0.51,31.8,64.3,1,7,3.14,Intermediate,Moderate,High
76.6,79.1,7,0.5,0.53,30.4,51.4,5,1,2.81,Intermediate,Moderate,Medium
76.7,64.0,7,13.2,0.67,56.4,51.8,0,6,2.27,Intermediate,Moderate,Medium
69.8,72.0,9,8.9,0.71,69.2,69.4,2,2,2.63,Advanced,Moderate,Medium
52.4,40.0,7,9.8,0.61,47.1,8.2,1,7,1.0,Beginner,Moderate,High
51.2,52.3,7,7.0,0.46,42.3,28.7,5,0,2.29,Intermediate,Moderate,High
45.4,37.8,9,5.1,0.37,63.5,34.4,0,5,1.43,Beginner,Slow,High
88.4,83.3,13,11.1,0.46,27.8,78.8,3,4,2.62,Advanced,Moderate,Medium
70.3,66.2,19,12.3,0.91,27.0,71.8,5,6,3.2,Advanced,Fast,Medium
95.7,100.0,17,8.2,0.72,46.7,63.8,4,1,3.34,Advanced,Moderate,Low
56.1,56.1,9,8.1,0.69,78.8,51.2,3,6,2.98,Intermediate,Moderate,High
62.4,64.2,14,5.7,0.71,47.6,60.7,2,2,2.65,Intermediate,Moderate,Medium
41.7,29.7,4,9.3,0.63,48.4,24.7,4,8,1.09,Beginner,Moderate,High
43.2,39.7,19,8.5,0.36,48.0,58.6,1,5,2.37,Intermediate,Slow,High
68.7,57.2,12,7.2,0.42,30.4,51.4,3,4,2.06,Intermediate,Moderate,High
57.7,50.0,4,4.1,0.39,70.4,32.2,5,5,1.71,Intermediate,Slow,High
65.3,76.6,19,13.3,0.72,72.7,48.7,5,7,2.99,Intermediate,Moderate,Medium
64.5,69.8,4,6.0,0.14,54.3,45.7,1,5,2.29,Intermediate,Slow,High
52.9,50.0,8,14.0,0.85,53.8,46.8,5,2,2.45,Intermediate,Fast,Medium
65.7,75.4,8,11.9,0.7,67.4,40.0,3,5,2.4,Intermediate,Moderate,Medium
74.7,75.3,9,8.9,0.41,51.3,73.6,4,4,3.01,Advanced,Slow,Medium
62.6,68.2,25,18.9,0.98,25.3,54.3,3,5,2.71,Intermediate,Fast,Medium
65.8,64.3,5,12.2,0.67,61.4,46.6,0,2,2.1,Intermediate,Moderate,Medium
67.9,71.7,7,5.1,0.43,35.1,66.6,2,1,2.31,Intermediate,Moderate,Medium
78.8,100.0,13,8.0,0.76,33.4,77.8,4,1,3.56,Advanced,Fast,Low
50.5,53.6,8,8.7,0.48,64.1,40.9,5,2,1.93,Intermediate,Fast,High
80.6,87.2,22,9.1,0.92,25.4,79.0,2,6,3.85,Advanced,Fast,Low
58.0,61.0,9,11.4,0.64,26.1,54.2,1,5,3.03,Intermediate,Fast,Medium
90.7,92.9,5,7.9,0.27,16.6,80.9,5,3,3.7,Advanced,Moderate,Medium
62.6,66.4,6,4.3,0.42,58.2,49.7,3,1,2.91,Intermediate,Slow,Medium
51.9,56.9,9,13.8,0.83,50.2,37.0,0,6,1.56,Intermediate,Fast,Medium
67.0,53.6,11,3.8,0.44,46.2,66.4,1,8,3.39,Advanced,Slow,High
33.8,33.3,11,13.2,0.77,60.6,43.6,0,2,1.4,Beginner,Moderate,High
75.1,70.2,11,10.9,0.56,30.8,67.5,2,3,2.91,Advanced,Moderate,Medium
79.5,73.2,13,2.8,0.52,33.1,73.4,3,4,4.0,Advanced,Moderate,Medium
50.6,58.4,9,8.7,0.69,30.6,46.6,0,1,2.11,Intermediate,Fast,Low
60.8,56.7,11,12.9,0.51,37.5,75.2,2,3,3.39,Advanced,Moderate,Medium
84.9,83.3,9,4.0,0.74,33.4,50.5,2,4,4.0,Advanced,Moderate,Medium
72.1,76.7,15,11.9,0.6,27.5,71.8,4,6,2.91,Advanced,Fast,Medium
77.7,74.1,8,8.9,0.5,56.8,44.2,2,5,2.94,Intermediate,Moderate,High
66.9,80.8,4,8.8,0.55,44.4,67.1,1,6,3.11,Advanced,Moderate,Medium
36.8,45.7,3,12.0,0.41,59.5,18.0,1,0,1.18,Beginner,Moderate,High
52.1,63.4,5,3.5,0.36,57.1,16.3,3,5,1.93,Beginner,Fast,High
67.8,58.6,3,6.7,0.24,83.6,41.5,2,8,2.18,Intermediate,Slow,High
63.8,80.8,9,4.6,0.45,55.4,66.1,5,6,2.7,Advanced,Slow,Medium
70.5,63.7,12,15.2,0.64,62.0,43.9,5,6,2.29,Intermediate,Moderate,Medium
83.6,92.9,10,4.9,0.69,53.9,73.3,4,7,3.5,Advanced,Moderate,Low
64.8,65.7,16,10.9,0.4,14.1,82.6,4,2,3.45,Advanced,Moderate,Medium
45.0,58.2,7,12.3,0.78,53.3,32.4,3,5,2.17,Intermediate,Fast,Medium
58.0,66.5,10,3.0,0.49,46.7,63.5,3,3,3.0,Intermediate,Slow,Medium
46.9,62.6,5,0.6,0.4,79.8,23.6,5,6,1.84,Intermediate,Slow,High
61.0,57.4,10,5.5,0.71,55.9,42.5,5,5,2.5,Advanced,Moderate,High
94.9,100.0,8,8.6,0.71,38.0,100.0,3,0,3.81,Advanced,Moderate,Low
32.6,41.9,4,8.5,0.75,67.2,23.1,2,4,2.09,Beginner,Moderate,High
61.0,61.9,7,11.2,0.6,37.6,62.2,5,7,3.05,Intermediate,Moderate,Medium
35.8,32.4,8,11.3,0.78,72.9,23.2,2,6,1.69,Beginner,Moderate,Medium
77.4,84.1,16,11.4,0.59,38.0,87.8,4,1,4.0,Advanced,Moderate,Medium
62.3,64.9,10,15.3,0.78,48.0,31.8,4,7,1.88,Intermediate,Fast,Medium
67.7,59.8,8,7.3,0.59,62.4,38.5,0,3,2.04,Intermediate,Slow,High
34.5,34.5,5,9.0,0.38,63.8,15.6,3,1,1.34,Beginner,Moderate,High
21.6,11.7,2,8.5,0.5,68.3,2.9,4,5,1.13,Beginner,Slow,High
77.8,74.6,15,14.4,0.37,41.6,88.7,5,5,3.74,Advanced,Moderate,Medium
58.3,54.7,12,8.3,0.54,39.6,64.1,1,4,2.9,Intermediate,Moderate,High
74.4,78.6,14,9.3,0.67,39.5,62.8,2,2,3.32,Advanced,Moderate,Medium
59.5,65.1,12,12.9,0.76,45.3,57.1,3,4,2.38,Intermediate,Fast,Medium
66.7,71.8,17,8.9,0.52,72.1,50.5,0,0,2.66,Intermediate,Slow,Medium
78.4,64.5,8,7.0,0.46,47.8,76.5,2,5,3.26,Advanced,Slow,High
70.1,78.7,5,7.2,0.6,55.1,55.8,0,2,2.61,Intermediate,Moderate,Medium
51.5,59.3,1,3.5,0.3,66.8,36.8,2,7,2.13,Intermediate,Slow,High
45.6,45.5,6,10.4,0.41,66.8,36.5,5,5,2.92,Intermediate,Moderate,High
42.9,52.6,4,10.7,0.89,47.1,32.9,3,2,1.3,Beginner,Fast,Medium
50.9,35.7,10,10.7,0.59,45.6,60.3,1,0,3.03,Intermediate,Moderate,High
70.5,86.1,9,11.1,0.59,40.3,56.6,3,2,2.98,Advanced,Moderate,Medium
57.6,70.3,6,11.5,0.58,76.2,54.3,3,6,2.04,Intermediate,Moderate,Medium
49.0,56.8,7,8.7,0.47,54.7,38.1,4,8,2.07,Intermediate,Moderate,High
89.7,100.0,20,14.7,0.57,27.3,87.3,2,2,3.48,Advanced,Fast,Low
58.4,70.4,20,16.0,1.0,34.3,60.0,0,3,2.35,Intermediate,Slow,Low
37.6,27.6,7,5.5,0.39,76.0,24.6,2,7,1.56,Beginner,Slow,High
71.5,70.5,17,14.4,0.63,22.9,73.8,0,4,2.88,Advanced,Fast,Medium
74.1,85.6,11,7.8,0.38,48.2,55.0,3,1,2.84,Advanced,Moderate,Medium
61.9,49.6,10,6.6,0.4,52.7,58.0,5,2,3.36,Intermediate,Slow,High
58.1,72.6,9,6.9,0.48,58.9,54.5,5,5,2.13,Intermediate,Moderate,Medium
66.7,81.3,16,12.6,0.74,54.6,74.1,0,6,2.83,Advanced,Fast,Medium
29.1,10.9,1,3.5,0.34,65.3,21.0,4,5,1.0,Beginner,Slow,High
67.9,65.4,7,12.5,0.64,67.3,44.3,3,5,2.56,Intermediate,Moderate,Medium
90.1,100.0,8,11.6,0.62,20.0,60.9,0,6,3.53,Advanced,Fast,Low
59.7,61.0,6,5.6,0.49,28.7,67.6,4,2,2.83,Intermediate,Moderate,Medium
73.4,81.9,15,10.1,0.8,57.3,66.6,5,1,2.93,Advanced,Moderate,Medium
77.5,74.5,11,9.0,0.42,31.3,68.9,3,7,3.79,Advanced,Moderate,Medium
60.6,66.4,1,6.2,0.6,68.6,52.2,5,8,1.69,Intermediate,Moderate,Medium
59.4,71.8,13,16.4,0.61,54.6,38.6,2,0,1.87,Intermediate,Moderate,Low
85.7,100.0,13,10.7,0.73,33.3,67.3,1,1,3.39,Advanced,Fast,Low
77.5,74.6,5,5.4,0.3,50.7,76.3,5,5,2.06,Beginner,Slow,Medium
52.9,65.7,9,10.7,0.58,47.0,39.2,1,0,1.71,Intermediate,Moderate,Medium
44.4,35.9,9,8.9,0.92,46.8,39.2,2,7,2.26,Intermediate,Fast,High
63.7,86.4,9,13.7,0.77,51.1,62.9,5,4,2.37,Advanced,Fast,Low
51.8,56.6,11,10.3,0.56,26.6,55.4,0,8,2.19,Intermediate,Moderate,Medium
56.5,52.2,12,8.2,0.63,38.0,53.7,0,6,3.09,Intermediate,Moderate,Medium
47.1,46.7,7,9.1,0.67,65.4,59.4,1,1,1.91,Intermediate,Moderate,High
72.2,64.7,7,9.0,0.62,28.9,60.8,5,8,3.04,Intermediate,Moderate,Medium
59.8,60.7,3,4.8,0.39,54.7,41.9,4,8,2.3,Intermediate,Slow,High
54.0,62.4,8,11.9,0.14,55.5,71.1,4,7,2.75,Intermediate,Slow,High
44.7,58.3,4,10.3,0.64,63.0,11.3,0,2,1.53,Beginner,Moderate,Medium
70.7,80.4,3,5.0,0.29,49.7,45.7,3,5,2.58,Intermediate,Slow,Medium
51.9,65.2,12,14.2,0.62,67.9,55.1,2,6,2.95,Advanced,Moderate,Medium
83.7,95.2,2,7.0,0.33,53.5,79.1,1,7,3.47,Advanced,Slow,Medium
55.3,38.9,8,3.2,0.66,51.8,55.7,4,0,2.12,Intermediate,Slow,High
30.5,35.9,7,6.7,0.3,55.1,0.0,1,3,2.11,Beginner,Fast,High
48.6,46.6,5,6.7,0.53,50.1,31.8,0,7,1.69,Beginner,Moderate,High
76.2,61.6,24,13.9,0.54,47.4,91.9,2,2,4.0,Advanced,Moderate,Medium
54.8,67.0,5,5.7,0.53,55.4,41.2,1,0,2.13,Intermediate,Moderate,Medium
28.3,28.1,4,3.2,0.48,72.1,36.3,5,7,1.42,Beginner,Slow,High
44.7,35.0,5,10.2,0.74,42.5,48.2,0,0,2.18,Intermediate,Fast,High
68.7,77.3,2,8.7,0.52,35.6,63.5,2,8,2.96,Beginner,Moderate,Medium
62.7,69.1,18,9.1,0.77,40.0,56.7,3,2,2.39,Intermediate,Fast,Medium
30.2,24.1,3,6.9,0.32,55.5,27.9,3,5,1.16,Beginner,Slow,High
65.5,64.7,13,10.0,0.61,51.3,55.0,3,4,2.29,Intermediate,Moderate,Medium
56.5,63.2,3,10.3,0.5,51.8,36.3,4,8,1.86,Intermediate,Moderate,Medium
77.4,83.4,13,8.8,0.24,32.0,94.6,3,0,3.32,Advanced,Slow,Medium
55.4,73.1,10,7.4,0.44,21.9,66.9,4,6,3.68,Advanced,Moderate,Medium
26.4,35.8,6,11.7,0.5,70.7,25.4,2,0,1.92,Beginner,Moderate,High
65.8,55.5,7,2.8,0.35,42.7,54.6,0,0,2.55,Intermediate,Slow,High
98.3,99.6,13,7.9,0.47,23.4,84.6,4,1,3.3,Advanced,Moderate,Low
69.7,78.4,6,7.0,0.29,68.4,59.9,1,8,3.21,Advanced,Slow,Medium
90.0,85.2,17,10.7,0.85,27.5,59.2,0,7,3.12,Advanced,Fast,Low
65.6,69.8,14,11.4,0.68,45.4,59.3,4,0,2.82,Intermediate,Moderate,High
96.8,93.3,9,5.0,0.38,24.6,87.6,1,8,3.64,Intermediate,Moderate,Medium
60.6,60.6,7,6.4,0.51,89.9,16.0,3,1,1.43,Beginner,Slow,High
64.7,59.3,7,7.3,0.31,21.0,83.0,0,8,4.0,Advanced,Moderate,Medium
43.6,48.9,9,5.5,0.5,48.4,29.5,3,0,1.68,Beginner,Moderate,High
85.9,76.3,17,12.0,0.77,32.7,78.5,0,7,3.27,Advanced,Slow,Medium
42.0,27.2,14,8.7,0.72,58.0,59.3,2,0,2.19,Intermediate,Moderate,High
70.0,69.8,13,14.0,0.57,36.6,68.1,4,1,2.54,Advanced,Moderate,Medium
72.8,68.3,11,3.6,0.6,52.6,80.7,1,6,3.73,Advanced,Slow,Medium
44.7,37.7,10,12.9,0.7,63.4,37.5,0,7,1.53,Intermediate,Moderate,High
70.8,83.3,16,5.6,0.26,43.6,83.9,0,8,3.61,Advanced,Slow,Medium
81.7,94.5,27,14.2,0.87,27.0,84.7,5,7,3.7,Advanced,Fast,Low
63.7,67.1,12,14.9,0.84,52.4,54.3,0,1,2.6,Intermediate,Fast,Medium
91.6,100.0,10,8.7,0.36,34.3,93.9,3,8,3.85,Advanced,Moderate,Low
55.9,69.7,9,6.8,0.43,51.6,39.2,3,2,2.38,Intermediate,Moderate,Medium
73.8,84.6,15,15.3,0.72,48.4,41.8,2,7,2.75,Intermediate,Fast,Medium
61.7,57.3,14,3.2,0.22,73.0,51.9,2,8,2.5,Intermediate,Slow,High
59.1,58.6,5,8.6,0.43,42.3,38.8,1,3,2.95,Intermediate,Moderate,Low
75.1,85.6,12,7.8,0.74,35.0,42.3,1,7,3.28,Advanced,Fast,Low
96.0,100.0,15,9.4,0.68,19.5,84.0,0,3,3.5,Beginner,Fast,Low
79.1,76.0,9,10.3,0.53,49.7,75.5,3,1,3.83,Advanced,Moderate,Medium
52.2,53.6,9,2.8,0.45,68.5,54.0,1,6,1.97,Intermediate,Slow,High
33.0,32.9,8,10.0,0.77,68.7,28.1,2,7,1.8,Beginner,Moderate,Low
64.6,66.7,23,13.7,0.81,37.0,52.0,4,8,2.9,Intermediate,Fast,Medium
38.2,37.5,6,6.8,0.43,47.3,41.0,3,8,2.26,Intermediate,Slow,High
23.2,29.2,7,8.2,0.59,34.6,24.9,2,1,1.98,Beginner,Moderate,High
59.3,71.7,10,12.3,0.72,64.3,19.3,5,5,1.59,Intermediate,Slow,Medium
58.9,64.6,4,9.7,0.56,50.1,23.2,4,5,1.41,Beginner,Moderate,Medium
65.5,72.9,12,7.4,0.66,67.9,47.5,1,3,2.9,Intermediate,Moderate,Medium
71.0,81.4,12,12.0,0.63,45.8,90.8,0,4,3.29,Advanced,Moderate,Medium
58.2,80.1,16,14.3,0.89,34.7,48.5,0,8,1.95,Intermediate,Fast,Low
43.7,57.5,13,4.0,0.45,46.1,31.3,1,5,1.14,Beginner,Moderate,Medium
76.3,83.1,18,10.6,0.58,55.5,59.4,3,2,2.79,Advanced,Moderate,Medium
78.4,63.7,5,6.3,0.23,42.7,61.1,5,4,3.44,Advanced,Slow,High
48.7,38.9,10,9.5,0.8,54.3,45.9,4,6,1.85,Intermediate,Moderate,High
61.0,68.6,11,1.4,0.51,35.8,54.0,4,1,2.63,Intermediate,Moderate,High
76.9,89.3,14,7.7,0.46,37.8,68.4,0,3,3.92,Advanced,Moderate,Medium
34.9,34.8,7,1.1,0.29,77.4,29.8,4,4,1.71,Beginner,Slow,High
62.3,67.3,3,4.8,0.34,75.7,31.8,3,6,2.1,Intermediate,Slow,High
55.9,56.5,18,10.9,0.84,64.2,54.0,4,5,1.96,Intermediate,Moderate,Medium
62.1,67.7,13,12.2,0.52,25.1,56.1,2,0,2.84,Intermediate,Moderate,Medium
91.2,92.1,17,13.1,0.64,17.9,88.5,3,2,3.7,Advanced,Fast,Low
77.2,73.7,7,4.0,0.47,35.0,66.0,1,2,2.6,Advanced,Moderate,Medium
32.6,26.1,6,14.6,0.64,57.9,23.0,2,5,1.14,Beginner,Moderate,High
57.6,62.8,11,11.1,0.68,65.1,58.7,1,8,2.61,Intermediate,Moderate,Medium
43.8,41.9,10,9.8,0.52,49.7,53.4,4,2,2.09,Intermediate,Moderate,High
41.8,38.9,1,9.2,0.78,39.2,38.2,2,7,1.47,Advanced,Fast,High
78.4,78.0,7,8.5,0.4,46.6,61.1,0,0,2.33,Intermediate,Slow,Medium
82.0,82.8,14,12.7,0.62,38.4,65.6,2,2,3.61,Advanced,Moderate,Medium
27.8,35.8,2,8.1,0.72,54.1,19.4,4,0,1.26,Beginner,Moderate,High
56.7,63.1,17,7.3,0.79,35.4,55.2,4,4,2.88,Intermediate,Fast,Medium
55.9,72.8,9,9.1,0.68,34.8,66.8,2,2,2.1,Intermediate,Fast,Medium
82.3,100.0,11,11.9,0.56,37.6,73.1,4,1,3.24,Advanced,Moderate,Low
68.2,56.1,9,6.4,0.73,71.1,61.5,2,6,2.66,Intermediate,Slow,High
44.8,46.8,7,7.9,0.39,57.0,29.2,2,0,1.66,Beginner,Slow,High
25.4,18.5,4,6.1,0.19,67.0,27.2,5,0,1.88,Beginner,Slow,High
78.4,83.7,11,6.7,0.5,49.2,26.1,3,3,3.19,Intermediate,Moderate,Medium
100.0,100.0,13,7.8,0.66,33.4,66.9,1,1,3.42,Advanced,Moderate,Low
69.7,83.7,12,8.4,0.38,34.0,55.8,5,2,2.51,Intermediate,Moderate,Medium
79.1,80.8,12,10.4,0.76,66.0,76.7,2,8,3.52,Advanced,Moderate,Medium
40.9,51.1,2,7.1,0.51,66.3,11.5,3,4,1.51,Beginner,Slow,High
63.4,55.9,2,7.9,0.48,51.9,34.6,2,7,1.74,Intermediate,Slow,High
59.8,87.2,8,9.8,0.46,64.0,37.4,0,2,2.57,Intermediate,Moderate,High
66.8,64.2,14,11.2,0.59,59.5,54.6,3,1,2.56,Intermediate,Moderate,Medium
71.9,80.6,10,9.8,0.68,44.3,70.9,1,5,2.63,Advanced,Moderate,Medium
79.9,79.0,14,13.4,0.73,28.1,65.7,4,3,3.86,Advanced,Fast,Medium
32.0,25.9,3,13.2,0.74,39.1,20.0,4,7,1.68,Beginner,Fast,High
64.6,68.5,11,12.2,0.88,45.8,52.3,2,5,2.05,Intermediate,Fast,Medium
47.0,41.3,9,5.7,0.61,85.8,9.7,0,0,1.96,Beginner,Slow,High
36.7,39.8,5,6.6,0.81,64.0,51.6,2,5,2.18,Intermediate,Moderate,High
100.0,100.0,30,15.1,0.83,36.3,72.6,5,2,3.61,Advanced,Fast,Medium
73.0,51.1,3,4.7,0.53,43.6,40.6,0,8,3.09,Intermediate,Slow,High
34.5,42.7,0,5.3,0.47,66.4,15.4,4,6,1.02,Beginner,Slow,High
71.6,62.9,8,8.3,0.38,46.0,53.4,2,7,2.58,Intermediate,Slow,High
28.8,29.4,3,7.3,0.71,67.0,28.8,2,4,1.39,Beginner,Moderate,High
93.4,100.0,14,13.9,0.72,49.7,77.3,0,7,3.59,Advanced,Fast,High
94.5,91.8,22,8.5,0.67,31.1,79.1,2,5,3.77,Advanced,Moderate,Low
70.7,64.0,8,12.3,0.63,62.8,41.7,0,6,2.28,Intermediate,Moderate,Medium
54.3,59.9,10,9.4,0.46,28.2,58.5,5,0,2.78,Intermediate,Moderate,High
49.1,66.6,2,12.4,0.69,56.6,41.7,1,6,1.81,Intermediate,Moderate,Medium
35.0,56.3,11,16.9,0.81,72.5,28.7,5,0,2.85,Intermediate,Fast,Medium
55.3,64.8,11,11.6,0.65,29.6,77.3,1,1,3.14,Advanced,Fast,Medium
49.0,45.5,5,0.5,0.26,69.6,59.0,3,5,2.55,Intermediate,Slow,High
81.2,81.8,12,12.0,0.83,34.2,70.9,1,5,2.87,Advanced,Fast,Low
51.4,62.9,6,6.8,0.47,60.2,25.3,4,0,2.47,Intermediate,Slow,Medium
36.2,45.0,6,9.7,0.92,80.1,39.3,3,0,1.79,Intermediate,Moderate,High
36.7,44.3,7,14.8,0.67,58.7,32.2,3,4,1.46,Beginner,Fast,High
81.4,91.6,18,11.9,0.82,33.6,75.4,0,4,3.03,Advanced,Fast,Low
53.3,48.7,4,8.1,0.42,56.7,38.2,4,3,2.13,Intermediate,Slow,High
43.7,55.8,5,3.8,0.3,56.0,35.0,3,1,2.27,Intermediate,Slow,High
86.6,99.6,8,9.4,0.58,59.6,51.5,4,0,2.6,Advanced,Moderate,Low
59.8,86.2,12,8.9,0.39,52.0,43.4,0,3,2.35,Intermediate,Moderate,Medium
44.6,22.0,5,8.8,0.41,77.7,50.6,5,4,1.54,Beginner,Slow,High
76.3,99.2,18,10.3,0.72,16.1,75.3,4,6,3.12,Advanced,Fast,Low
77.5,89.1,6,1.9,0.25,68.2,46.7,2,6,2.3,Intermediate,Slow,Medium
85.1,75.6,9,10.5,0.44,55.6,74.0,1,1,2.98,Advanced,Slow,Medium
83.5,74.1,5,6.3,0.17,37.2,80.1,3,5,3.22,Advanced,Slow,Medium
61.6,63.5,7,13.7,0.46,77.6,38.4,5,0,2.76,Intermediate,Slow,High
27.1,31.9,9,9.9,0.66,63.8,1.1,4,4,1.0,Beginner,Moderate,High
72.7,69.0,13,13.7,0.94,44.5,52.8,3,5,3.0,Intermediate,Fast,Medium
88.1,89.5,20,13.9,0.74,29.3,88.5,1,1,3.56,Advanced,Fast,Medium
86.0,91.6,11,9.9,0.57,35.2,76.9,3,7,3.73,Advanced,Moderate,Medium
79.8,73.4,10,7.0,0.31,30.0,62.6,4,2,3.93,Advanced,Slow,Medium
44.4,32.1,4,9.7,0.64,44.1,29.5,1,7,2.13,Beginner,Fast,High
41.9,35.2,11,12.5,0.74,48.3,30.0,2,7,1.7,Advanced,Moderate,High
77.3,76.2,24,14.7,1.0,59.2,87.6,4,2,4.0,Advanced,Fast,Medium
70.6,70.3,10,5.5,0.6,27.7,68.9,3,1,3.28,Advanced,Moderate,Medium
37.7,36.5,5,11.1,0.74,64.8,20.6,5,3,1.45,Beginner,Moderate,High
39.5,31.5,2,13.0,0.65,45.2,40.2,2,2,1.72,Beginner,Moderate,High
24.9,4.2,14,15.0,0.72,61.0,30.4,3,4,2.36,Beginner,Moderate,High
52.7,63.5,11,6.4,0.35,70.2,50.7,2,6,2.09,Intermediate,Slow,High
46.5,57.9,3,3.7,0.56,64.4,19.9,1,8,1.9,Beginner,Slow,Medium
50.2,67.2,12,9.7,0.7,54.6,37.3,2,3,2.67,Intermediate,Moderate,Medium
73.8,70.2,11,8.9,0.49,75.1,48.3,4,2,2.96,Beginner,Slow,Medium
57.5,57.0,7,7.0,0.43,51.0,46.8,3,8,2.77,Intermediate,Slow,High
50.4,50.0,4,7.3,0.57,57.2,22.1,1,6,1.86,Beginner,Moderate,High
65.9,67.7,9,10.1,0.66,19.2,82.5,1,3,3.19,Advanced,Fast,Medium
69.0,68.6,16,12.4,0.86,39.9,72.6,0,4,3.24,Advanced,Fast,Medium
46.0,47.0,6,6.4,0.48,54.4,27.9,1,6,2.61,Intermediate,Slow,High
85.5,90.1,24,13.8,0.6,22.6,79.2,5,7,3.79,Advanced,Fast,Low
62.6,70.2,5,5.2,0.38,58.2,50.1,4,5,2.86,Intermediate,Slow,Medium
34.5,36.7,6,12.7,0.28,76.3,31.3,0,4,1.85,Beginner,Slow,High
54.7,58.3,15,10.1,0.93,39.8,35.1,3,7,1.65,Intermediate,Fast,Medium
33.2,40.0,8,9.7,0.56,53.5,18.4,1,7,1.56,Beginner,Moderate,High
82.4,78.0,14,3.9,0.71,63.0,63.6,4,0,2.95,Advanced,Moderate,Medium
33.9,50.5,1,5.3,0.01,46.4,15.2,1,8,1.04,Beginner,Slow,High
45.7,52.2,6,4.2,0.35,36.5,52.6,4,7,2.14,Intermediate,Slow,High
81.7,77.1,8,3.6,0.28,46.5,66.1,5,5,2.56,Advanced,Slow,Medium
70.1,75.7,2,0.5,0.28,40.0,61.8,0,1,3.01,Advanced,Moderate,Medium
70.9,78.5,6,9.0,0.57,61.6,83.6,1,6,3.61,Advanced,Moderate,Medium
52.1,49.3,16,10.5,0.75,78.2,37.4,1,5,1.83,Intermediate,Moderate,High
56.3,52.3,19,11.2,0.71,64.4,69.9,0,6,2.67,Beginner,Moderate,High
92.3,100.0,5,7.0,0.3,45.0,77.5,2,7,3.55,Advanced,Slow,Medium
87.0,77.1,11,8.6,0.62,38.4,56.4,2,3,3.26,Advanced,Moderate,High
81.2,100.0,9,5.1,0.28,57.5,69.8,2,4,2.56,Advanced,Slow,Medium
68.2,75.6,12,12.2,0.87,21.3,73.8,1,4,3.35,Advanced,Fast,Low
77.2,83.5,15,10.0,0.52,34.5,86.1,0,4,4.0,Advanced,Moderate,Medium
68.4,76.1,17,8.7,0.77,50.4,65.8,5,6,2.91,Advanced,Moderate,Medium
47.2,53.4,9,6.4,0.71,15.5,67.3,4,3,3.85,Advanced,Fast,Medium
40.5,32.4,2,7.1,0.49,48.3,31.9,4,8,1.8,Beginner,Slow,High
83.5,83.1,13,12.2,0.73,27.3,70.6,1,7,2.76,Advanced,Fast,Low
49.5,59.6,9,13.4,0.72,67.4,36.4,3,4,2.17,Intermediate,Moderate,Medium
78.6,84.6,3,5.6,0.55,47.9,71.3,4,0,2.88,Advanced,Moderate,Medium
56.5,43.9,7,4.9,0.51,29.1,53.3,4,5,2.04,Intermediate,Moderate,High
64.8,77.8,7,11.1,0.72,43.2,59.2,2,8,2.17,Intermediate,Fast,Medium
47.4,37.3,19,12.6,0.91,43.9,40.1,1,1,2.92,Intermediate,Fast,High
44.5,41.6,3,4.8,0.16,60.6,32.5,2,6,2.12,Beginner,Fast,Low
70.3,68.2,9,2.8,0.38,35.7,59.2,0,8,3.11,Advanced,Slow,Low
46.4,59.4,10,14.2,0.79,30.7,30.6,3,0,1.91,Intermediate,Fast,Medium
61.8,53.1,7,6.0,0.59,46.7,76.6,4,1,4.0,Advanced,Moderate,High
41.3,36.0,5,6.5,0.77,68.0,26.7,2,2,1.49,Beginner,Moderate,High
57.4,46.4,16,16.3,0.82,39.9,36.0,4,5,2.02,Intermediate,Fast,Medium
69.5,74.3,19,12.8,0.66,61.3,72.6,1,8,2.25,Intermediate,Moderate,Medium
64.4,89.4,9,7.1,0.86,70.7,66.8,5,6,3.16,Advanced,Moderate,Low
62.0,67.1,6,6.8,0.43,61.1,54.3,2,5,2.04,Intermediate,Slow,Medium
55.3,51.5,14,12.6,0.58,42.8,47.9,0,8,1.52,Intermediate,Moderate,High
51.3,63.9,6,6.9,0.16,42.0,46.4,0,2,1.94,Intermediate,Slow,High
76.3,67.8,16,13.7,0.55,41.5,72.6,1,2,3.28,Advanced,Moderate,Medium
35.3,44.7,5,6.0,0.41,77.5,7.2,4,7,1.25,Beginner,Slow,High
66.2,65.8,9,12.8,0.52,50.7,32.1,2,3,2.77,Intermediate,Moderate,Medium
58.8,60.2,4,7.8,0.23,49.2,36.3,4,3,2.41,Intermediate,Slow,High
63.2,81.4,9,14.1,0.68,29.1,67.3,0,1,3.16,Advanced,Fast,Low
77.5,71.4,16,14.6,0.7,28.7,55.0,3,6,2.76,Advanced,Fast,Medium
55.1,73.7,10,12.7,0.61,62.3,35.1,2,6,2.03,Intermediate,Slow,Medium
85.1,90.3,13,10.4,0.55,19.4,81.3,5,3,3.76,Advanced,Fast,Low
68.7,69.3,9,11.4,0.5,54.3,68.6,0,8,3.0,Advanced,Moderate,Medium
61.3,59.9,12,5.4,0.52,48.8,64.8,5,0,2.98,Intermediate,Moderate,Medium
62.0,72.5,11,11.4,0.67,35.8,69.1,4,5,2.87,Advanced,Fast,Medium
48.0,57.6,15,14.0,1.0,47.2,50.1,2,2,2.28,Intermediate,Fast,Medium
65.0,65.5,4,0.5,0.19,56.1,52.5,2,7,2.46,Intermediate,Slow,High
51.7,53.7,13,10.3,0.55,25.8,39.1,4,5,2.66,Intermediate,Moderate,Medium
46.9,48.6,3,6.7,0.36,46.1,29.3,5,7,2.55,Intermediate,Slow,High
54.0,58.9,5,13.1,0.83,95.7,34.4,4,4,1.69,Intermediate,Moderate,High
41.5,21.7,11,5.1,0.24,51.0,57.7,0,6,3.02,Intermediate,Slow,High
42.1,48.4,4,6.7,0.41,40.4,38.5,0,0,1.58,Intermediate,Moderate,High
49.6,57.0,7,5.6,0.41,73.7,29.2,2,7,1.68,Intermediate,Slow,High
62.4,69.6,7,12.2,0.72,38.2,76.9,4,5,3.08,Advanced,Fast,Medium
33.3,35.0,4,7.7,0.67,58.6,29.0,0,6,1.4,Beginner,Moderate,High
32.9,36.9,11,8.8,0.68,69.7,39.3,4,7,2.57,Intermediate,Moderate,High
51.7,46.1,9,14.8,0.49,40.8,28.8,1,4,2.06,Intermediate,Moderate,High
59.9,72.6,8,5.5,0.26,40.1,62.3,0,8,2.91,Intermediate,Slow,Medium
65.8,71.9,6,7.2,0.5,43.1,55.0,0,2,2.72,Intermediate,Moderate,Medium
65.0,74.9,24,12.6,0.9,17.4,72.7,4,4,3.36,Advanced,Fast,Low
66.3,56.7,10,7.5,0.33,49.5,55.5,1,5,2.5,Intermediate,Slow,Medium
97.3,100.0,22,14.8,1.0,36.0,85.8,4,2,3.54,Advanced,Fast,Low
69.1,76.1,12,8.0,0.39,46.8,76.1,5,5,3.87,Advanced,Moderate,Medium
54.2,53.2,8,11.5,0.48,40.5,38.6,2,2,2.4,Intermediate,Moderate,High
41.7,18.1,7,9.9,0.77,51.7,12.2,4,0,1.67,Beginner,Moderate,High
54.6,65.5,14,7.3,0.43,56.7,53.6,0,8,2.88,Intermediate,Slow,Medium
52.0,39.7,4,10.7,0.65,40.4,52.9,5,4,1.75,Intermediate,Moderate,High
67.4,72.3,8,4.5,0.71,62.4,56.3,2,6,2.61,Intermediate,Moderate,Medium
58.2,55.6,15,6.0,0.68,44.5,57.5,4,0,2.66,Intermediate,Moderate,Medium
49.2,41.5,5,10.3,0.84,67.2,12.9,3,1,1.81,Beginner,Moderate,Medium
66.6,54.9,7,0.5,0.12,44.6,44.9,2,5,2.45,Intermediate,Fast,High
49.7,50.8,11,10.7,0.82,53.6,31.3,0,2,1.3,Beginner,Moderate,Medium
57.2,74.0,11,8.0,0.6,66.6,46.5,0,2,1.85,Intermediate,Moderate,Medium
79.6,70.6,17,9.4,0.66,37.1,68.3,5,2,3.3,Advanced,Moderate,Medium
52.5,57.1,5,4.4,0.44,59.3,31.1,0,8,2.09,Intermediate,Slow,High
66.0,62.6,13,6.4,0.5,36.7,57.2,4,2,2.59,Intermediate,Moderate,Medium
63.5,72.3,8,12.5,0.58,65.2,42.0,3,7,3.22,Intermediate,Moderate,Medium
41.2,45.3,5,8.2,0.54,69.2,33.2,2,8,1.58,Beginner,Slow,High
83.4,89.9,6,5.7,0.33,15.7,76.5,5,8,3.81,Advanced,Moderate,Medium
23.2,12.5,2,5.7,0.67,49.5,14.3,4,6,1.62,Beginner,Moderate,High
84.5,93.9,9,10.7,0.54,65.3,60.7,1,1,3.65,Advanced,Moderate,Medium
60.0,59.5,8,11.3,0.51,32.9,66.2,4,5,3.44,Advanced,Slow,Medium
60.7,57.8,14,8.9,0.37,47.4,55.9,2,2,3.03,Intermediate,Slow,High
30.9,30.9,4,8.6,0.77,76.6,0.0,1,1,1.0,Beginner,Moderate,High
25.8,16.7,1,7.3,0.42,47.7,43.1,5,1,1.92,Beginner,Moderate,High
56.8,49.0,6,6.3,0.49,46.9,46.2,1,5,2.05,Intermediate,Slow,Medium
43.9,55.4,11,10.7,0.71,56.1,32.8,4,3,1.28,Beginner,Moderate,High
55.6,50.6,18,11.1,0.89,45.3,72.6,5,5,3.36,Advanced,Fast,Medium
70.6,68.2,5,13.5,0.65,53.5,37.0,3,4,1.97,Intermediate,Moderate,Medium
61.5,68.6,6,5.0,0.28,37.1,88.3,4,0,2.72,Advanced,Slow,Medium
69.8,81.4,8,9.7,0.54,65.0,70.2,1,6,2.56,Advanced,Moderate,Medium
70.6,85.0,14,10.0,0.67,41.1,43.7,4,1,3.08,Intermediate,Fast,Low
65.8,54.1,9,9.0,0.48,51.3,52.5,4,7,2.53,Intermediate,Slow,High
40.8,47.0,9,10.0,0.24,51.6,39.1,2,1,1.96,Intermediate,Slow,High
43.5,48.7,10,7.6,0.56,52.4,38.3,3,6,2.49,Intermediate,Moderate,High
64.6,75.0,5,5.7,0.5,41.1,57.7,0,1,2.82,Intermediate,Moderate,Medium
46.2,36.5,9,11.7,0.51,36.8,58.6,5,4,2.38,Intermediate,Moderate,High
87.7,94.5,18,12.1,0.62,34.1,100.0,5,3,4.0,Advanced,Fast,High
70.2,63.0,10,7.3,0.31,33.6,70.2,2,1,2.92,Advanced,Slow,High
53.3,61.8,10,8.5,0.44,84.6,35.1,2,5,1.84,Intermediate,Slow,High
84.5,81.5,21,14.0,0.8,26.4,92.0,5,7,3.36,Advanced,Fast,Low
42.4,58.0,2,3.4,0.4,69.3,16.9,4,4,1.0,Beginner,Slow,High
65.0,77.7,14,9.8,0.72,46.6,69.8,3,2,3.09,Advanced,Moderate,Medium
62.0,56.7,13,13.7,0.88,45.1,71.2,1,8,2.65,Intermediate,Fast,Medium
48.8,52.0,1,5.3,0.39,59.9,17.9,1,3,1.52,Intermediate,Slow,High
56.5,51.6,8,6.4,0.53,62.1,35.7,1,4,1.75,Intermediate,Slow,High
59.0,73.9,11,10.1,0.57,32.0,43.5,3,1,1.75,Intermediate,Moderate,Medium
70.8,76.8,12,12.5,0.78,45.0,60.4,2,4,2.35,Intermediate,Fast,Medium
46.4,40.5,16,14.7,1.0,59.1,41.4,5,3,2.54,Intermediate,Fast,High
70.1,76.1,8,10.9,0.48,54.4,82.4,3,4,3.12,Advanced,Moderate,Medium
22.0,35.7,1,0.9,0.32,82.3,16.6,3,0,1.28,Beginner,Slow,High
45.3,51.6,3,12.7,0.6,53.6,23.7,2,5,1.47,Beginner,Moderate,High
48.7,45.0,1,9.0,0.24,28.7,35.4,4,3,2.53,Intermediate,Slow,High
39.4,20.4,3,4.7,0.48,59.9,41.4,1,2,1.43,Beginner,Slow,High
60.1,65.8,8,6.9,0.71,46.5,64.7,3,5,2.66,Intermediate,Moderate,Medium
82.9,84.2,11,10.8,0.65,45.7,75.5,2,1,3.05,Advanced,Moderate,Medium
53.7,51.0,9,4.4,0.43,45.8,51.4,3,8,2.41,Intermediate,Slow,High
54.7,44.6,10,8.5,0.5,43.1,48.4,0,0,2.8,Intermediate,Fast,High
82.6,94.7,25,14.9,0.72,32.9,67.0,2,1,2.54,Advanced,Fast,Low
56.2,50.2,7,4.7,0.44,49.5,48.6,1,6,2.27,Intermediate,Slow,High
70.8,78.9,8,10.6,0.59,52.7,61.1,3,0,2.06,Intermediate,Moderate,Medium
74.4,71.6,6,5.5,0.45,50.2,70.2,1,5,3.02,Advanced,Slow,Medium
77.3,85.8,16,12.1,1.0,47.7,58.8,0,0,2.89,Advanced,Fast,Low
39.2,44.7,9,9.9,0.51,55.1,38.1,2,7,1.62,Intermediate,Moderate,High
42.7,37.1,2,2.9,0.49,70.5,36.0,4,0,1.53,Intermediate,Slow,High
74.3,70.9,4,9.3,0.5,44.0,39.1,3,6,2.16,Intermediate,Moderate,Medium
57.7,51.7,9,12.1,0.63,46.9,41.0,1,2,2.78,Intermediate,Moderate,High
53.4,64.2,3,10.6,0.45,86.3,24.0,4,5,2.03,Intermediate,Slow,High
68.3,85.9,6,8.6,0.37,56.8,57.3,3,7,3.21,Advanced,Moderate,Low
16.0,38.4,3,3.0,0.26,71.2,6.8,2,7,1.7,Beginner,Slow,High
76.7,89.3,14,11.7,0.55,43.3,56.0,2,7,2.07,Advanced,Moderate,Medium
69.2,59.7,13,5.6,0.54,30.2,73.3,2,4,3.7,Advanced,Moderate,Medium
49.4,52.6,8,11.7,0.7,90.5,17.0,4,0,1.76,Beginner,Moderate,High
68.2,68.1,4,4.4,0.31,27.9,60.4,1,2,3.09,Intermediate,Slow,Medium
38.9,38.4,5,3.0,0.32,57.0,21.0,2,3,1.55,Beginner,Slow,High
73.1,70.7,13,17.1,0.8,37.2,63.9,5,6,3.18,Advanced,Fast,Medium
33.8,16.4,5,7.4,0.45,69.6,4.0,3,3,1.82,Beginner,Slow,High
89.9,95.3,28,14.9,0.98,47.4,91.9,2,4,3.31,Advanced,Fast,Low
75.5,85.4,11,13.7,0.5,46.5,65.5,3,7,3.05,Advanced,Moderate,Medium
81.2,72.8,2,7.3,0.16,30.0,77.1,1,2,3.9,Advanced,Slow,Medium
51.2,58.3,4,15.5,0.73,43.5,46.2,0,2,2.27,Intermediate,Fast,Medium
34.1,35.3,3,7.5,0.38,69.8,34.4,1,2,2.03,Beginner,Slow,High
60.3,52.6,12,7.9,0.74,42.0,41.3,5,5,2.42,Intermediate,Moderate,Medium
33.6,44.2,4,9.2,0.68,75.8,27.4,5,6,1.88,Beginner,Moderate,High
65.2,72.7,22,12.1,0.71,36.8,67.3,0,3,3.63,Advanced,Fast,Medium
30.8,41.2,8,10.0,0.6,47.5,33.6,5,4,1.89,Beginner,Moderate,High
81.8,82.6,4,5.6,0.31,36.4,87.1,2,2,3.55,Advanced,Slow,Medium
65.6,62.6,12,8.0,0.56,46.3,38.6,3,8,2.6,Intermediate,Moderate,Medium
65.7,70.8,12,8.4,0.63,12.8,61.7,3,7,2.7,Intermediate,Fast,Medium
52.7,41.0,9,7.6,0.41,57.9,41.2,3,2,1.74,Intermediate,Slow,High
49.0,46.5,10,6.4,0.49,51.4,48.7,0,4,1.86,Beginner,Slow,High
74.1,81.4,14,11.5,0.4,52.7,73.3,3,7,3.07,Advanced,Moderate,Medium
28.5,9.9,3,6.5,0.4,44.2,0.0,2,0,1.69,Beginner,Slow,High
56.1,36.5,13,8.2,0.53,59.9,56.9,3,1,2.18,Intermediate,Slow,High
78.8,89.0,13,8.2,0.56,58.8,92.9,1,1,3.98,Beginner,Moderate,Medium
61.3,65.2,6,10.3,0.38,56.3,77.8,5,7,2.64,Advanced,Slow,Medium
40.3,46.9,9,14.0,0.43,48.5,49.7,5,3,2.24,Intermediate,Moderate,High
70.4,71.3,12,7.2,0.52,59.8,67.0,1,6,2.6,Advanced,Slow,Medium
47.8,66.7,17,16.8,0.48,31.4,60.7,3,2,2.45,Intermediate,Fast,Medium
58.8,70.6,22,9.8,0.97,60.4,70.7,0,5,3.03,Intermediate,Fast,Medium
61.7,55.0,5,8.8,0.62,60.8,22.1,0,8,1.81,Beginner,Moderate,High
76.1,72.6,11,9.9,0.75,32.4,63.0,2,6,3.08,Advanced,Fast,Medium
58.8,76.5,9,9.3,0.61,55.1,26.5,5,7,2.47,Intermediate,Moderate,Medium
39.7,38.7,6,10.3,0.71,55.2,35.2,2,2,2.15,Intermediate,Moderate,High
74.5,83.9,17,13.1,0.78,53.8,55.3,4,6,2.74,Advanced,Fast,Medium
64.5,72.2,16,10.8,0.92,40.8,62.2,5,8,3.15,Advanced,Fast,Medium
60.7,66.8,15,15.2,0.65,38.5,49.7,0,6,2.35,Intermediate,Fast,Medium
66.4,82.6,12,8.1,0.56,64.1,60.3,4,7,2.55,Advanced,Moderate,Medium
69.6,83.0,4,6.7,0.44,38.2,89.3,4,3,3.09,Advanced,Moderate,High
77.0,83.8,6,9.5,0.63,16.5,64.6,2,0,2.73,Advanced,Fast,Low
55.2,51.0,1,7.2,0.6,57.6,50.2,4,7,2.05,Intermediate,Moderate,High
30.5,37.4,8,2.6,0.47,53.8,22.2,3,0,2.5,Beginner,Slow,High
70.9,70.6,8,6.5,0.46,61.6,60.4,5,3,3.01,Advanced,Slow,Medium
62.8,69.3,17,10.4,0.65,30.7,58.4,1,0,2.66,Intermediate,Fast,Medium
42.8,47.6,7,3.7,0.49,62.4,30.0,5,3,1.81,Beginner,Slow,High
28.6,33.0,5,2.6,0.36,56.4,29.9,0,5,1.65,Beginner,Slow,High
45.4,63.7,10,11.3,0.66,74.6,31.4,2,8,1.92,Intermediate,Slow,Medium
84.1,89.8,9,4.7,0.59,67.6,77.3,2,6,2.39,Advanced,Slow,Medium
66.8,76.4,9,2.3,0.62,53.5,66.0,1,6,1.96,Intermediate,Moderate,Medium
48.5,46.9,3,7.1,0.42,52.3,30.1,4,1,1.36,Beginner,Slow,High
91.7,100.0,18,8.9,0.63,16.8,84.7,3,6,3.08,Advanced,Fast,Low
29.7,37.6,6,12.2,0.67,55.9,31.3,3,4,1.39,Beginner,Moderate,High
74.7,67.5,11,5.1,0.62,35.1,62.8,4,5,2.6,Intermediate,Moderate,Medium
60.4,50.8,13,15.3,0.65,46.2,69.0,5,7,2.56,Advanced,Slow,High
35.2,26.5,6,13.7,0.85,66.4,20.3,5,2,1.19,Beginner,Moderate,High
34.6,51.4,13,9.7,0.81,57.3,29.3,2,5,1.93,Intermediate,Fast,Medium
51.6,51.6,10,12.5,0.8,46.8,53.5,0,1,1.82,Intermediate,Slow,Medium
80.2,74.9,16,11.8,0.74,52.5,74.2,1,5,2.94,Advanced,Moderate,Medium
61.2,56.1,9,17.9,0.77,37.2,54.7,2,4,2.77,Intermediate,Fast,Medium
46.5,51.9,6,12.7,0.61,62.5,17.6,5,8,1.3,Beginner,Moderate,High
59.7,75.4,20,15.9,0.74,34.3,74.1,1,3,2.78,Advanced,Fast,Medium
25.5,32.2,4,16.7,0.67,48.0,17.6,4,7,1.22,Intermediate,Fast,High
66.7,79.6,7,10.1,0.27,47.7,56.3,4,5,2.67,Intermediate,Slow,Medium
65.2,64.8,9,9.1,0.61,50.4,55.2,0,2,2.4,Intermediate,Moderate,Medium
78.5,90.1,8,11.3,0.85,35.0,81.8,3,1,3.87,Advanced,Fast,Low
66.9,75.3,18,9.9,0.77,59.0,66.1,4,7,2.97,Advanced,Moderate,Medium
55.0,70.5,12,14.3,0.96,58.2,12.2,1,5,1.83,Intermediate,Fast,Medium
59.9,53.4,7,9.0,0.41,66.5,28.4,5,5,1.59,Intermediate,Slow,High
74.1,67.1,10,10.7,0.54,42.1,55.4,5,5,2.6,Intermediate,Moderate,Medium
83.5,88.7,14,9.1,0.74,31.6,68.2,3,0,3.66,Advanced,Fast,Low
70.2,68.5,9,8.3,0.59,36.6,62.3,2,6,3.17,Advanced,Moderate,Medium
65.4,60.0,7,5.8,0.77,52.7,51.4,2,6,2.56,Intermediate,Moderate,Medium
73.4,90.8,18,8.0,0.75,33.3,56.7,0,5,2.79,Beginner,Fast,Low
58.5,72.9,12,11.0,0.56,67.6,79.9,1,5,2.87,Advanced,Moderate,Medium
43.5,45.7,5,1.3,0.53,81.9,22.0,2,8,1.27,Beginner,Slow,High
53.2,51.2,5,9.4,0.53,71.1,30.1,1,2,2.33,Beginner,Slow,High
76.2,72.5,10,4.1,0.66,37.3,63.3,1,5,3.74,Advanced,Moderate,High
68.9,68.9,6,6.1,0.56,35.6,65.8,0,6,2.87,Advanced,Moderate,Medium
59.2,65.0,3,5.2,0.41,53.1,38.2,3,6,2.24,Intermediate,Slow,Medium
79.9,78.7,11,8.8,0.52,40.3,80.4,4,5,2.92,Advanced,Moderate,Medium
66.9,77.2,12,13.5,0.95,47.9,49.1,1,0,2.8,Intermediate,Fast,Low
84.2,71.7,18,7.3,0.62,45.1,88.3,4,4,3.87,Advanced,Moderate,Medium
72.9,71.1,9,7.8,0.83,55.4,39.2,0,0,1.6,Intermediate,Moderate,Medium
49.5,47.0,7,9.4,0.25,49.3,52.1,4,0,2.19,Intermediate,Slow,High
63.2,57.9,5,1.5,0.31,40.3,73.0,2,6,3.02,Advanced,Slow,High
51.3,50.4,9,12.2,0.55,52.4,25.1,0,3,2.4,Intermediate,Moderate,High
77.1,75.6,6,8.2,0.55,52.3,66.0,3,2,2.91,Advanced,Moderate,Medium
55.1,44.8,8,9.2,0.47,54.7,47.4,3,3,2.17,Intermediate,Slow,High
49.0,47.3,11,15.0,0.57,41.9,30.6,5,3,1.65,Intermediate,Moderate,High
62.1,76.9,8,8.0,0.77,60.8,38.0,3,4,2.63,Intermediate,Moderate,Medium
100.0,99.7,7,2.9,0.36,51.3,64.9,5,2,3.47,Advanced,Slow,Medium
74.0,78.5,19,12.0,0.83,37.2,64.3,3,0,2.55,Advanced,Fast,Medium
70.7,91.7,12,15.3,0.71,21.2,56.3,0,1,2.41,Advanced,Fast,Low
75.3,65.5,9,8.7,0.34,58.7,53.2,4,4,2.49,Intermediate,Fast,High
68.9,71.6,8,8.9,0.81,67.7,39.0,5,8,2.61,Intermediate,Moderate,Medium
64.4,77.9,4,9.3,0.61,77.3,30.0,0,7,1.64,Intermediate,Moderate,Medium
93.0,88.4,17,13.4,0.52,30.5,82.3,1,7,3.43,Advanced,Moderate,Medium
100.0,98.5,9,2.7,0.46,13.2,90.2,0,5,3.8,Advanced,Moderate,Low
66.6,68.9,9,11.5,0.67,42.5,58.7,3,3,2.21,Intermediate,Moderate,Medium
72.1,64.9,10,9.3,0.57,48.5,32.9,4,8,2.32,Intermediate,Moderate,Medium
56.4,38.4,7,12.1,0.63,58.4,52.5,2,2,2.57,Intermediate,Moderate,High
45.1,64.1,6,5.6,0.58,56.2,35.3,5,3,1.7,Intermediate,Moderate,Medium
41.5,38.9,3,8.5,0.51,52.5,39.2,0,2,1.27,Beginner,Moderate,High
75.8,83.8,11,10.1,0.84,27.7,61.2,0,0,2.51,Advanced,Fast,Low
42.2,35.7,6,14.9,0.85,43.7,37.6,4,8,1.99,Beginner,Fast,High
52.0,52.4,7,7.9,0.43,59.3,23.8,1,7,1.82,Beginner,Slow,High
23.5,24.5,7,8.3,0.89,53.1,34.7,2,5,1.13,Beginner,Moderate,High
76.3,80.8,10,4.7,0.18,43.8,93.7,3,4,3.49,Advanced,Slow,Medium
66.1,73.6,6,6.8,0.49,32.4,48.2,5,4,2.72,Intermediate,Moderate,Medium
42.3,45.0,10,8.2,0.49,55.6,39.5,0,7,2.19,Intermediate,Moderate,High
59.9,69.7,5,11.7,0.12,26.4,67.0,0,4,2.23,Intermediate,Moderate,Medium
38.5,39.8,6,12.7,0.86,64.2,12.9,5,4,1.0,Beginner,Moderate,High
84.3,85.1,4,5.9,0.56,33.0,61.5,0,4,2.92,Advanced,Moderate,Medium
65.6,93.5,8,12.2,0.42,50.0,41.8,3,3,2.56,Intermediate,Moderate,Low
68.3,63.8,14,11.8,0.94,50.1,35.7,0,7,2.39,Intermediate,Fast,Medium
66.9,70.6,4,4.6,0.29,34.5,58.7,1,2,2.73,Intermediate,Slow,Medium
62.2,68.1,9,10.8,0.4,50.8,52.2,0,1,2.07,Intermediate,Moderate,Medium
33.2,35.3,4,14.0,0.7,70.6,27.4,3,8,2.48,Beginner,Moderate,High
74.1,63.4,9,13.8,0.62,8.5,66.1,0,7,2.48,Advanced,Fast,Medium
65.9,56.5,12,10.1,0.89,52.6,81.0,3,1,3.02,Advanced,Moderate,Medium
54.0,55.6,8,8.5,0.6,48.2,49.9,1,6,2.49,Intermediate,Moderate,Medium
42.8,57.4,6,13.7,0.68,68.4,38.6,2,2,1.38,Beginner,Moderate,Medium
49.8,50.7,10,11.9,0.65,49.4,51.9,0,2,2.75,Intermediate,Moderate,High
49.0,56.1,9,6.9,0.6,34.2,37.9,0,2,1.74,Intermediate,Moderate,High
71.5,87.5,11,6.2,0.82,67.9,65.7,5,8,2.03,Advanced,Moderate,Low
83.4,80.1,8,8.4,0.42,40.4,83.1,5,5,3.52,Advanced,Moderate,Medium
41.0,61.8,5,8.1,0.5,67.1,37.0,2,5,1.86,Intermediate,Moderate,Medium
67.2,72.7,22,10.0,0.92,40.0,51.8,2,6,3.61,Advanced,Fast,Medium
59.6,57.2,7,6.9,0.53,50.4,36.2,4,4,2.59,Intermediate,Moderate,High
81.0,88.6,13,8.9,0.51,29.9,61.2,0,0,3.58,Advanced,Moderate,Medium
36.4,34.8,5,1.2,0.26,42.6,33.4,3,4,1.92,Beginner,Slow,High
80.0,77.3,8,6.3,0.53,47.3,79.4,5,3,3.74,Advanced,Moderate,Medium
58.6,63.2,4,6.6,0.46,52.1,30.6,1,3,1.69,Intermediate,Slow,Medium
43.9,36.0,6,13.0,0.68,58.5,31.8,4,6,2.18,Beginner,Moderate,High
46.3,53.7,4,2.0,0.47,49.2,37.0,4,6,2.22,Intermediate,Slow,High
78.0,92.8,7,2.2,0.5,53.3,66.8,1,1,2.97,Advanced,Slow,Medium
75.2,77.4,7,4.2,0.35,35.7,42.6,3,8,2.52,Intermediate,Slow,Medium
53.4,56.5,8,6.8,0.48,63.9,19.7,2,7,2.2,Intermediate,Slow,High
73.6,69.7,8,6.4,0.67,37.7,58.0,1,4,2.01,Intermediate,Moderate,Medium
61.8,66.1,4,8.0,0.75,38.7,48.2,2,8,2.64,Intermediate,Moderate,Medium
76.5,72.8,12,8.7,0.67,44.8,72.8,2,2,3.4,Advanced,Moderate,Medium
59.6,53.4,9,3.1,0.29,54.3,53.8,2,0,2.37,Intermediate,Slow,High
41.1,39.7,1,9.5,0.77,72.2,25.7,5,8,1.14,Beginner,Moderate,High
47.6,48.8,5,9.2,0.36,35.7,6.6,4,5,2.03,Beginner,Moderate,High
83.9,94.3,11,10.7,0.68,53.9,74.4,4,0,3.68,Beginner,Moderate,Low
75.2,88.2,20,13.3,0.91,57.7,59.7,2,5,2.39,Advanced,Fast,Low
63.2,66.4,8,15.3,0.71,65.4,69.5,3,2,3.49,Advanced,Moderate,Medium
72.3,70.2,17,11.0,0.78,52.3,56.9,4,4,2.49,Intermediate,Moderate,Medium
72.1,68.1,15,9.9,0.87,33.9,80.1,0,0,2.56,Advanced,Fast,Medium
66.0,59.3,3,9.6,0.54,69.7,31.2,5,2,2.41,Intermediate,Slow,High
28.0,41.1,2,11.1,0.75,69.8,15.4,1,6,1.0,Beginner,Moderate,High
65.5,76.3,9,11.5,0.54,51.4,61.5,1,2,2.97,Advanced,Moderate,Medium
89.2,77.0,10,3.6,0.28,26.4,97.8,0,0,2.84,Advanced,Slow,Medium
54.4,56.9,5,3.4,0.41,41.1,28.2,5,6,2.79,Intermediate,Slow,High
57.3,67.9,11,8.2,0.49,68.4,38.7,2,3,1.74,Intermediate,Slow,Medium
34.9,50.2,3,6.5,0.72,81.5,12.2,2,8,1.4,Beginner,Moderate,High
55.3,71.2,5,0.9,0.45,39.3,58.8,5,4,2.84,Intermediate,Moderate,Medium
36.1,43.0,5,5.4,0.78,56.6,19.0,1,6,1.8,Intermediate,Moderate,High
100.0,94.9,14,3.7,0.44,30.5,85.7,1,8,3.91,Advanced,Moderate,Medium
51.2,48.6,9,6.0,0.55,69.6,56.3,1,7,2.35,Intermediate,Slow,High
43.8,43.5,1,11.7,0.92,66.8,30.6,3,6,1.11,Beginner,Fast,High
58.7,62.4,7,5.5,0.59,68.7,40.7,1,0,3.06,Beginner,Slow,Medium
50.0,46.5,10,3.3,0.49,70.7,39.5,2,3,2.19,Intermediate,Slow,High
53.5,41.2,7,9.5,0.36,38.1,47.4,0,3,2.13,Intermediate,Slow,High
39.6,34.6,7,7.7,0.52,73.0,29.3,5,3,1.36,Beginner,Slow,High
53.1,55.7,2,12.4,0.85,64.7,11.5,1,1,1.16,Beginner,Moderate,Medium
78.6,80.3,7,9.9,0.51,49.3,53.9,4,7,2.37,Intermediate,Moderate,Medium
82.5,83.8,9,7.5,0.8,45.9,50.8,1,3,2.35,Intermediate,Moderate,Medium
45.5,32.6,5,7.8,0.35,41.5,52.4,3,8,2.28,Intermediate,Slow,High
51.7,58.6,10,12.6,0.92,43.2,70.8,1,5,3.01,Intermediate,Fast,Medium
56.5,61.4,6,11.5,0.47,63.7,50.4,3,0,2.53,Intermediate,Moderate,High
64.0,61.2,15,8.9,0.76,44.5,55.4,4,6,2.08,Intermediate,Moderate,Medium
57.6,56.6,15,15.0,0.81,63.7,43.9,5,0,2.09,Intermediate,Moderate,Medium
47.4,66.9,3,4.6,0.41,79.7,24.7,0,6,1.52,Beginner,Slow,Medium
65.4,78.8,10,5.6,0.45,51.3,64.5,1,0,2.53,Advanced,Moderate,Medium
69.9,43.7,12,8.9,0.53,38.2,65.1,1,1,3.42,Intermediate,Moderate,High
75.3,74.2,14,10.3,0.47,45.3,88.7,4,8,3.99,Advanced,Moderate,Medium
88.6,100.0,24,15.5,0.67,46.9,86.9,5,7,3.67,Advanced,Fast,Low
53.2,39.9,3,7.9,0.15,72.7,15.0,2,3,2.03,Beginner,Slow,High
72.8,76.6,19,12.1,0.87,39.0,66.2,5,3,3.5,Advanced,Fast,Medium
47.2,48.3,2,5.6,0.29,62.5,46.0,0,6,1.78,Intermediate,Slow,High
75.0,71.0,3,9.3,0.56,61.6,39.0,0,5,1.89,Intermediate,Moderate,Medium
45.2,57.7,14,12.3,0.88,48.2,61.4,3,2,2.97,Intermediate,Fast,Medium
46.5,55.1,16,11.5,0.84,75.2,62.8,5,1,2.78,Intermediate,Moderate,Medium
65.3,63.2,11,9.9,0.64,78.3,43.1,5,7,2.25,Intermediate,Moderate,High
71.1,69.8,7,6.5,0.44,60.6,57.9,5,0,3.45,Advanced,Slow,Medium
46.5,32.2,13,10.8,0.54,27.2,84.3,1,7,4.0,Advanced,Moderate,High
72.7,63.9,9,6.6,0.45,28.1,67.5,0,4,3.73,Advanced,Moderate,Medium
72.1,78.6,9,14.6,0.62,75.9,46.7,1,3,2.32,Intermediate,Moderate,Medium
62.7,66.6,12,6.9,0.83,33.3,61.8,4,2,2.93,Intermediate,Fast,Medium
68.7,92.5,15,13.1,0.82,53.7,77.7,4,0,3.3,Advanced,Fast,Low
63.6,54.0,8,11.7,0.33,46.9,49.8,2,0,2.43,Intermediate,Fast,High
57.5,64.4,7,4.1,0.41,51.2,77.2,0,8,2.77,Advanced,Slow,Medium
65.7,72.1,23,8.2,0.83,37.8,68.4,5,5,3.76,Advanced,Fast,Medium
59.9,56.5,7,4.2,0.29,59.8,16.4,1,5,1.81,Beginner,Slow,High
63.2,58.5,15,11.8,0.75,48.9,36.4,3,0,2.89,Intermediate,Moderate,Medium
51.1,60.1,4,10.6,0.78,61.4,46.5,2,1,1.72,Intermediate,Moderate,Medium
55.6,56.6,8,7.0,0.39,77.6,49.3,2,7,2.14,Intermediate,Slow,High
54.8,48.0,13,13.1,0.8,36.0,49.8,4,4,1.82,Intermediate,Moderate,Medium
30.7,31.6,5,9.8,0.72,44.9,35.1,5,8,1.42,Beginner,Moderate,High
20.9,22.1,2,8.6,0.58,57.4,32.4,5,2,1.8,Beginner,Moderate,Medium
63.3,73.0,7,7.2,0.58,27.1,45.0,1,2,2.68,Intermediate,Moderate,Medium
90.2,81.4,6,10.0,0.39,16.8,82.5,0,6,3.7,Advanced,Moderate,Medium
90.9,94.1,29,10.9,0.64,33.8,85.6,3,5,3.74,Advanced,Moderate,Low
51.2,53.4,20,12.9,0.83,51.8,47.5,1,4,2.11,Intermediate,Fast,Medium
80.0,74.2,7,5.6,0.6,68.6,26.2,4,2,2.04,Intermediate,Slow,Medium
75.5,72.3,9,6.9,0.26,61.3,58.5,0,2,2.94,Advanced,Slow,High
31.1,31.6,12,17.1,0.88,55.1,43.1,1,4,1.76,Beginner,Fast,High
41.6,43.2,10,11.1,0.95,54.6,19.2,5,0,1.43,Intermediate,Fast,Medium
40.3,45.8,11,14.3,0.75,43.3,33.3,2,7,2.58,Intermediate,Fast,Medium
86.4,94.1,5,5.2,0.22,54.0,59.9,1,0,3.66,Advanced,Slow,Low
46.0,47.3,8,8.4,0.29,31.3,46.4,3,2,2.44,Intermediate,Moderate,High
52.9,57.6,11,13.6,0.73,48.7,51.4,1,3,2.28,Intermediate,Fast,Medium
66.7,59.8,6,8.9,0.52,36.8,48.8,1,2,3.28,Intermediate,Moderate,Medium
66.5,71.3,3,3.1,0.36,64.5,32.5,3,1,2.09,Intermediate,Slow,Medium
29.5,36.9,7,5.6,0.49,64.8,21.6,5,3,1.0,Beginner,Slow,High
51.3,59.8,11,12.6,0.53,38.2,39.0,3,2,2.8,Intermediate,Moderate,Medium
21.9,36.5,9,15.6,0.73,42.5,30.3,4,7,1.49,Beginner,Fast,High
52.3,50.7,7,13.2,0.41,60.3,28.6,2,2,2.29,Intermediate,Moderate,High
66.7,75.4,4,4.1,0.45,42.7,58.4,0,2,2.27,Intermediate,Moderate,Medium
45.1,54.7,3,3.1,0.63,60.5,44.7,0,8,1.21,Intermediate,Slow,Medium
27.7,38.7,3,14.2,0.9,83.2,18.3,3,4,1.72,Beginner,Moderate,High
45.1,29.9,8,7.0,0.48,53.6,15.0,4,6,2.12,Beginner,Slow,High
17.5,11.3,9,11.7,0.63,39.4,44.9,5,7,1.2,Beginner,Moderate,High
77.6,84.5,14,6.5,0.46,36.6,73.4,2,3,4.0,Advanced,Moderate,Medium
68.6,61.2,7,7.7,0.55,55.0,60.1,2,4,2.74,Intermediate,Moderate,High
77.3,71.6,8,3.7,0.28,45.1,70.9,1,8,3.38,Advanced,Slow,Medium
50.0,42.6,2,5.9,0.35,67.8,23.2,3,8,1.12,Beginner,Slow,High
45.9,45.4,7,12.0,0.71,47.1,32.3,0,8,2.59,Intermediate,Moderate,High
49.8,56.3,1,9.4,0.34,84.1,34.5,2,8,1.58,Intermediate,Slow,High
93.4,100.0,14,14.4,0.92,57.6,72.4,2,8,2.99,Advanced,Fast,Low
57.8,60.7,13,11.9,0.64,48.6,36.2,1,2,2.49,Intermediate,Moderate,Medium
65.4,78.1,7,11.6,0.72,38.2,64.4,0,0,2.54,Advanced,Fast,Medium
89.8,100.0,11,6.7,0.51,31.2,85.0,5,0,3.53,Advanced,Moderate,Low
56.3,54.2,8,12.8,0.69,38.3,34.9,4,0,3.35,Intermediate,Fast,Medium
63.8,70.2,4,1.6,0.2,39.9,88.9,3,8,3.57,Advanced,Slow,Medium
59.3,49.7,11,12.9,0.79,44.2,64.5,5,6,2.7,Intermediate,Fast,Medium
84.9,85.0,14,11.6,0.66,16.0,75.5,5,6,3.42,Advanced,Fast,Low
56.1,48.6,12,15.5,0.8,28.2,72.9,4,6,2.71,Intermediate,Fast,Medium
16.4,10.5,3,9.7,0.87,59.3,33.6,1,6,2.66,Beginner,Moderate,High
67.5,73.7,12,15.4,0.77,61.8,39.6,1,4,2.33,Intermediate,Fast,Medium
76.3,71.1,11,3.0,0.65,53.5,54.1,5,3,3.36,Advanced,Moderate,Medium
70.3,57.4,13,5.7,0.43,46.0,79.7,2,7,2.42,Advanced,Slow,High
68.6,81.2,6,7.8,0.67,64.5,44.0,2,8,2.31,Intermediate,Moderate,Medium
68.6,79.1,8,9.2,0.55,73.8,40.6,1,7,2.5,Intermediate,Moderate,Medium
87.9,57.2,10,4.1,0.2,49.8,49.4,4,5,3.47,Intermediate,Slow,High
54.8,82.2,5,4.3,0.42,54.0,22.2,1,5,2.25,Intermediate,Moderate,Medium
67.7,88.8,12,6.6,0.81,67.3,52.1,2,4,2.69,Advanced,Moderate,Low
51.8,44.4,4,4.5,0.34,30.2,41.8,4,0,2.31,Intermediate,Slow,High
50.7,52.0,19,12.8,1.0,47.0,46.0,1,7,1.84,Intermediate,Fast,Medium
76.5,84.2,15,9.7,0.72,54.4,65.0,4,1,3.0,Advanced,Moderate,Medium
49.0,52.2,8,6.2,0.66,51.9,54.9,5,1,2.53,Intermediate,Fast,Medium
54.2,66.3,8,8.8,0.45,44.6,51.5,0,8,2.97,Intermediate,Moderate,Medium
51.6,50.3,4,8.5,0.42,49.4,32.5,5,3,1.94,Intermediate,Slow,High
37.0,36.8,5,8.7,0.76,47.9,7.2,3,7,1.19,Beginner,Moderate,High
52.8,62.6,7,8.7,0.39,46.1,69.1,0,3,3.46,Advanced,Moderate,Medium
21.0,28.4,1,4.1,0.26,58.4,0.4,1,3,1.68,Beginner,Slow,High
84.4,87.0,8,5.1,0.59,56.0,61.9,2,4,2.67,Advanced,Moderate,Medium
75.7,76.1,10,7.1,0.64,39.4,78.7,4,4,3.25,Advanced,Moderate,Medium
49.7,52.9,9,3.8,0.31,75.9,39.8,4,5,2.57,Intermediate,Slow,High
57.6,58.0,12,8.0,0.67,41.7,41.4,2,3,2.71,Intermediate,Moderate,Medium
46.3,36.3,8,5.8,0.56,40.0,47.3,3,0,2.86,Intermediate,Moderate,High
80.3,66.5,13,13.3,0.73,39.5,71.4,3,8,3.49,Advanced,Moderate,Medium
77.3,73.3,5,7.9,0.58,66.9,56.2,0,8,2.9,Intermediate,Slow,Medium
51.8,65.4,4,5.8,0.81,46.5,33.7,3,2,1.56,Intermediate,Moderate,Medium
69.7,75.4,12,11.7,0.61,36.0,63.4,3,0,2.49,Advanced,Moderate,Medium
83.3,69.5,12,11.8,0.81,70.1,48.7,3,0,3.01,Intermediate,Moderate,Medium
79.0,84.7,15,10.1,0.67,50.1,65.2,1,7,3.35,Advanced,Moderate,Medium
68.7,86.6,8,15.2,0.59,30.3,67.3,2,8,2.79,Advanced,Fast,Low
31.7,21.3,5,9.3,0.55,49.1,43.9,0,6,2.76,Intermediate,Moderate,High
63.1,73.2,9,9.7,0.57,40.8,49.8,3,5,2.1,Intermediate,Slow,Medium
65.9,74.6,9,9.0,0.59,36.3,67.4,2,7,3.47,Advanced,Moderate,Medium
41.9,54.6,8,11.7,0.82,38.4,32.6,4,1,2.16,Intermediate,Fast,Medium
66.9,60.3,15,12.6,0.65,24.8,61.8,4,0,3.23,Advanced,Fast,Medium
77.9,78.7,11,8.3,0.56,39.5,48.6,5,8,3.44,Advanced,Moderate,Medium
47.0,59.5,7,12.6,0.89,78.0,23.9,1,6,1.47,Beginner,Moderate,Low
45.5,38.5,6,12.0,0.82,61.8,31.2,2,3,1.18,Beginner,Moderate,High
67.8,70.2,5,6.4,0.35,53.1,54.7,3,3,1.91,Intermediate,Slow,Medium
69.9,71.4,22,15.4,0.95,36.9,59.5,2,8,3.15,Advanced,Fast,High
82.7,98.5,23,15.1,0.75,23.9,81.2,5,0,3.77,Advanced,Fast,Low
77.7,93.0,17,10.7,0.97,44.2,76.0,3,8,3.33,Advanced,Fast,Low
63.2,76.2,8,10.0,0.5,45.8,80.3,2,5,2.29,Advanced,Moderate,Medium
24.2,19.7,2,6.7,0.54,67.8,22.7,3,1,2.09,Beginner,Slow,High
26.2,28.3,13,10.7,0.34,60.1,7.3,1,0,1.84,Beginner,Slow,High
72.0,75.9,13,9.7,0.63,23.0,63.2,3,7,3.95,Advanced,Fast,Medium
31.0,28.0,4,4.5,0.09,58.4,19.9,3,5,2.26,Beginner,Slow,High
47.4,47.5,3,7.6,0.52,77.9,38.8,2,3,2.06,Intermediate,Slow,High
45.8,40.2,7,7.8,0.13,45.1,27.2,5,4,2.77,Intermediate,Slow,High
74.8,75.9,10,10.9,0.73,34.4,47.2,3,6,2.37,Intermediate,Fast,Medium
62.6,70.7,5,4.2,0.16,38.0,39.2,2,2,2.47,Intermediate,Slow,Medium
57.2,54.5,5,5.5,0.72,55.2,35.8,4,4,1.94,Intermediate,Moderate,Medium
66.3,51.7,9,8.7,0.53,51.1,65.8,1,2,3.18,Intermediate,Moderate,High
76.7,81.1,18,13.7,0.63,10.2,76.4,0,2,3.64,Advanced,Fast,Low
87.4,76.9,11,1.5,0.4,24.2,79.5,2,2,4.0,Advanced,Slow,Medium
57.1,67.2,7,13.2,0.79,55.4,35.4,0,0,2.32,Intermediate,Slow,Medium
69.9,73.3,1,5.5,0.21,29.7,52.5,4,3,2.9,Intermediate,Slow,Medium
42.5,58.8,5,7.4,0.71,51.0,35.7,5,5,2.28,Intermediate,Moderate,Medium
57.1,63.5,8,7.4,0.58,59.4,58.8,2,4,2.77,Advanced,Moderate,High
49.7,62.7,7,7.2,0.57,49.2,37.2,2,7,1.7,Intermediate,Moderate,Medium
87.8,97.7,14,9.8,0.9,66.8,57.7,4,3,3.1,Advanced,Moderate,Low
71.9,71.7,14,9.8,0.61,60.9,65.4,0,6,3.64,Advanced,Moderate,Low
68.6,74.7,19,15.5,0.74,20.0,65.0,1,1,3.76,Advanced,Fast,Medium
59.0,58.9,10,12.9,0.66,51.8,56.9,4,7,2.74,Intermediate,Moderate,Medium
75.5,72.9,11,10.3,0.67,16.1,62.4,3,8,3.55,Advanced,Fast,Medium
52.8,50.0,7,14.0,0.77,72.1,17.6,0,5,1.45,Beginner,Moderate,High
67.8,80.9,15,10.9,0.58,64.5,39.7,2,5,3.06,Intermediate,Moderate,Medium
22.1,30.9,4,14.1,0.6,56.2,4.5,4,7,1.0,Beginner,Moderate,High
49.5,58.1,5,5.3,0.59,73.0,26.6,4,5,1.83,Beginner,Slow,High
69.9,84.3,9,10.1,0.85,18.4,52.1,1,2,1.9,Intermediate,Fast,Low
52.2,43.1,12,6.3,0.64,87.3,43.3,3,7,3.27,Intermediate,Slow,High
64.6,76.2,15,9.9,0.5,51.7,41.9,2,2,2.56,Intermediate,Fast,Medium
36.9,48.2,4,3.1,0.49,63.7,34.7,2,2,2.0,Intermediate,Slow,High
67.6,62.4,12,10.0,0.68,23.1,59.2,5,5,3.29,Advanced,Fast,Medium
46.2,53.4,7,18.7,0.74,44.5,55.6,1,0,1.88,Intermediate,Fast,Medium
71.7,67.4,4,4.1,0.34,23.8,77.2,1,3,3.13,Advanced,Slow,Medium
48.0,42.3,14,4.2,0.55,43.2,66.4,2,8,3.4,Intermediate,Moderate,High
58.5,56.9,11,10.4,0.5,31.7,55.5,4,8,3.31,Intermediate,Moderate,Low
66.5,77.8,9,9.1,0.68,49.7,58.2,3,4,2.7,Intermediate,Moderate,Medium
40.5,38.6,6,20.1,0.74,52.6,22.5,5,2,1.12,Beginner,Fast,High
59.3,67.1,16,18.7,0.8,40.4,57.6,3,4,2.55,Intermediate,Fast,Medium
54.1,59.6,5,10.6,0.7,70.7,30.4,5,4,1.97,Intermediate,Moderate,Medium
80.6,90.8,14,11.1,0.58,27.4,89.3,0,7,3.93,Advanced,Fast,Medium
83.6,82.3,10,6.5,0.5,23.6,51.0,3,5,3.54,Advanced,Moderate,Medium
37.8,52.4,4,9.5,0.69,73.0,21.5,4,3,1.37,Beginner,Moderate,High
56.7,51.9,5,5.2,0.58,39.8,50.5,2,5,2.54,Intermediate,Moderate,High
61.5,47.7,6,9.3,0.72,36.9,66.5,2,8,2.53,Intermediate,Moderate,High
79.4,73.8,19,4.4,0.62,32.5,76.1,0,7,4.0,Advanced,Moderate,Medium
48.1,66.6,6,5.9,0.27,35.1,55.0,3,4,2.68,Intermediate,Moderate,Medium
72.1,76.8,11,11.1,0.41,24.3,42.3,1,8,2.3,Intermediate,Moderate,Medium
18.1,9.4,7,12.8,0.47,54.8,35.7,5,5,1.67,Beginner,Moderate,High
57.1,55.0,13,10.1,0.5,56.9,65.3,0,6,2.85,Intermediate,Moderate,High
65.8,68.6,18,15.9,0.87,47.0,68.2,2,8,2.87,Advanced,Fast,Medium
29.3,19.6,9,8.8,0.38,50.3,5.0,0,7,1.47,Beginner,Slow,High
90.2,87.3,14,9.1,0.61,46.8,49.0,4,8,3.47,Advanced,Moderate,Medium
26.2,22.6,6,7.2,0.6,77.7,17.1,4,5,1.63,Beginner,Slow,Medium
58.5,66.2,4,15.8,0.43,43.9,48.8,1,0,2.21,Intermediate,Moderate,Medium
30.5,34.9,5,12.9,0.61,67.5,17.0,0,8,1.29,Beginner,Moderate,High
67.0,62.6,9,9.7,0.75,46.7,37.8,1,5,2.14,Intermediate,Moderate,Medium
26.7,20.5,5,8.7,0.37,65.7,25.1,0,7,1.78,Beginner,Slow,High
70.7,81.9,26,9.6,0.82,26.7,56.7,3,2,3.58,Advanced,Fast,Low
47.1,60.6,13,13.6,0.65,36.8,37.5,2,4,1.9,Intermediate,Fast,Medium
22.6,34.8,4,6.1,0.61,77.7,14.6,5,7,2.04,Beginner,Slow,High
59.0,67.1,11,13.2,0.7,36.0,49.3,3,8,3.03,Intermediate,Fast,Medium
23.3,28.5,8,8.0,0.43,62.1,35.5,0,6,1.14,Beginner,Slow,High
59.3,50.0,12,14.3,0.7,38.2,35.0,0,2,2.41,Intermediate,Fast,Medium
49.9,49.8,1,4.1,0.47,68.6,22.0,4,6,1.78,Beginner,Slow,High
80.0,69.8,4,4.0,0.29,78.5,73.5,0,6,3.11,Advanced,Slow,High
61.3,65.5,12,15.8,0.91,64.8,48.0,2,7,2.05,Intermediate,Fast,Medium
60.8,51.6,12,8.1,0.54,44.3,53.6,0,8,2.22,Intermediate,Moderate,High
80.9,67.0,4,9.6,0.61,26.0,88.6,1,4,3.92,Advanced,Moderate,Medium
68.2,78.4,8,9.8,0.49,46.5,56.1,3,7,3.59,Advanced,Moderate,Medium
72.7,71.0,13,6.3,0.42,71.7,64.1,0,7,2.98,Advanced,Slow,Medium
58.6,60.3,11,14.1,0.74,38.8,46.1,3,2,2.23,Intermediate,Fast,Medium
37.8,31.8,4,3.3,0.39,74.6,23.0,1,3,1.59,Beginner,Slow,High
29.3,37.5,4,4.5,0.12,69.6,4.6,4,4,1.34,Beginner,Slow,High
49.5,42.6,6,7.3,0.64,63.4,46.7,1,5,1.7,Intermediate,Moderate,High
